/*
SQLyog Community Edition- MySQL GUI v8.2 
MySQL - 5.0.45-log : Database - vsap
*********************************************************************
*/

/*!40101 SET NAMES utf8 */;

/*!40101 SET SQL_MODE=''*/;

/*!40014 SET @OLD_UNIQUE_CHECKS=@@UNIQUE_CHECKS, UNIQUE_CHECKS=0 */;
/*!40014 SET @OLD_FOREIGN_KEY_CHECKS=@@FOREIGN_KEY_CHECKS, FOREIGN_KEY_CHECKS=0 */;
/*!40101 SET @OLD_SQL_MODE=@@SQL_MODE, SQL_MODE='NO_AUTO_VALUE_ON_ZERO' */;
/*!40111 SET @OLD_SQL_NOTES=@@SQL_NOTES, SQL_NOTES=0 */;
CREATE DATABASE /*!32312 IF NOT EXISTS*/`vsap` /*!40100 DEFAULT CHARACTER SET utf8 */;

USE `vsap`;

/*Table structure for table `ACT_GE_BYTEARRAY` */

DROP TABLE IF EXISTS `ACT_GE_BYTEARRAY`;

CREATE TABLE `ACT_GE_BYTEARRAY` (
  `ID_` varchar(64) collate utf8_bin NOT NULL default '',
  `REV_` int(11) default NULL,
  `NAME_` varchar(255) collate utf8_bin default NULL,
  `DEPLOYMENT_ID_` varchar(64) collate utf8_bin default NULL,
  `BYTES_` longblob,
  PRIMARY KEY  (`ID_`),
  KEY `ACT_FK_BYTEARR_DEPL` (`DEPLOYMENT_ID_`),
  CONSTRAINT `ACT_FK_BYTEARR_DEPL` FOREIGN KEY (`DEPLOYMENT_ID_`) REFERENCES `ACT_RE_DEPLOYMENT` (`ID_`)
) ENGINE=InnoDB DEFAULT CHARSET=utf8 COLLATE=utf8_bin;

/*Data for the table `ACT_GE_BYTEARRAY` */

LOCK TABLES `ACT_GE_BYTEARRAY` WRITE;

insert  into `ACT_GE_BYTEARRAY`(`ID_`,`REV_`,`NAME_`,`DEPLOYMENT_ID_`,`BYTES_`) values ('2',1,'/usr/java/vsap/QA/apache-tomcat-7.0.42/webapps/device/WEB-INF/classes/CompanyApprovalWorkflow.bpmn20.xml','1','<?xml version=\"1.0\" encoding=\"UTF-8\"?>\n<definitions xmlns=\"http://www.omg.org/spec/BPMN/20100524/MODEL\" \n             xmlns:xsi=\"http://www.w3.org/2001/XMLSchema-instance\" \n             xmlns:activiti=\"http://activiti.org/bpmn\" \n             xmlns:bpmndi=\"http://www.omg.org/spec/BPMN/20100524/DI\" \n             xmlns:omgdc=\"http://www.omg.org/spec/DD/20100524/DC\" \n             xmlns:omgdi=\"http://www.omg.org/spec/DD/20100524/DI\" \n             typeLanguage=\"http://www.w3.org/2001/XMLSchema\" \n             expressionLanguage=\"http://www.w3.org/1999/XPath\" \n             targetNamespace=\"http://www.activiti.org/test\">\n    <process id=\"VAP_Company_Approval_Process\" name=\"VAP Company Approval Process\" isExecutable=\"true\">\n        <startEvent id=\"Start\" name=\"Start\"></startEvent>\n        \n        \n        <!-- Device Marketing Flow -->\n        <sequenceFlow sourceRef=\"Start\" targetRef=\"DeviceMarketingReview_ST\"></sequenceFlow>\n        <serviceTask id=\"DeviceMarketingReview_ST\" name=\"DeviceMarketingReview_ST\" activiti:delegateExpression=\"${companyApprovalHandler}\">\n            <extensionElements>\n                <activiti:executionListener event=\"start\" class=\"com.netpace.device.listener.AddWorkitemListener\">\n                    <activiti:field name=\"step\">\n                        <activiti:string>DeviceMarketingReview</activiti:string>\n                    </activiti:field>\n                    <activiti:field name=\"title\">\n                        <activiti:string>Device Marketing Review</activiti:string>\n                    </activiti:field>\n                    <activiti:field name=\"status\">\n                        <activiti:string>InProgress</activiti:string>\n                    </activiti:field>\n                    <activiti:field name=\"allowedRoles\">\n                        <activiti:string>ROLE_DEVICE_MARKETING,ROLE_SUPER_ADMIN,ROLE_VERIZON_SYSTEM_ADMIN</activiti:string>\n                    </activiti:field>\n                    <activiti:field name=\"requireInput\">\n                        <activiti:string>false</activiti:string>\n                    </activiti:field>\n                    <activiti:field name=\"nextActions\">\n                        <activiti:string>Approve,Deny,RFI</activiti:string>\n                    </activiti:field>\n                </activiti:executionListener>\n                <activiti:executionListener event=\"start\" class=\"com.netpace.device.listener.SendNotificationListener\">\n                    <activiti:field name=\"event\">\n                        <activiti:string>PARTNER_DEVICE_MARKETING_PENDING</activiti:string>\n                    </activiti:field>\n                </activiti:executionListener>      \n            </extensionElements>\n        </serviceTask>\n        <sequenceFlow sourceRef=\"DeviceMarketingReview_ST\" targetRef=\"DeviceMarketingReview\"></sequenceFlow>\n        <userTask id=\"DeviceMarketingReview\" name=\"DeviceMarketingReview\">\n            <documentation>\n                Device Marketing\n                The Device Marketing team will review the company information and can either Approve or Deny  the registration request.\n                If Device Marketing has any questions they can also Request for Information (RFI).\n            </documentation>\n        </userTask>\n        <sequenceFlow sourceRef=\"DeviceMarketingReview\" targetRef=\"MR_ExclusiveGateway\"></sequenceFlow>\n        <exclusiveGateway id=\"MR_ExclusiveGateway\" name=\"MR ExclusiveGateway\"></exclusiveGateway>\n        \n        \n        <!-- Device Marketing Denied Flow -->\n        <sequenceFlow sourceRef=\"MR_ExclusiveGateway\" targetRef=\"DeviceMarketingDenied_ST\">\n            <conditionExpression xsi:type=\"tFormalExpression\"><![CDATA[${decision == \"Deny\"}]]>\n            </conditionExpression>\n        </sequenceFlow>\n        <serviceTask id=\"DeviceMarketingDenied_ST\" name=\"DeviceMarketingDenied_ST\" activiti:delegateExpression=\"${companyApprovalHandler}\">\n            <extensionElements>\n                <activiti:executionListener event=\"start\" class=\"com.netpace.device.listener.UpdateWorkitemListener\">\n                    <activiti:field name=\"step\">\n                        <activiti:string>DeviceMarketingReview</activiti:string>\n                    </activiti:field>\n                    <activiti:field name=\"status\">\n                        <activiti:string>Processed</activiti:string>\n                    </activiti:field>\n                </activiti:executionListener>\n                <activiti:executionListener event=\"start\" class=\"com.netpace.device.listener.AddWorkitemListener\">\n                    <activiti:field name=\"step\">\n                        <activiti:string>DeviceMarketingReviewDenied</activiti:string>\n                    </activiti:field>\n                    <activiti:field name=\"title\">\n                        <activiti:string>Device Marketing Review Denied</activiti:string>\n                    </activiti:field>\n                    <activiti:field name=\"status\">\n                        <activiti:string>InProgress</activiti:string>\n                    </activiti:field>\n                    <activiti:field name=\"allowedRoles\">\n                        <activiti:string>ROLE_SUPER_ADMIN</activiti:string>\n                    </activiti:field>\n                    <activiti:field name=\"requireInput\">\n                        <activiti:string>false</activiti:string>\n                    </activiti:field>\n                    <activiti:field name=\"nextActions\">\n                        <activiti:string>UnDeny</activiti:string>\n                    </activiti:field>\n                </activiti:executionListener>\n                <activiti:executionListener event=\"start\" class=\"com.netpace.device.listener.SendNotificationListener\">\n                    <activiti:field name=\"event\">\n                        <activiti:string>PARTNER_DEVICE_MARKETING_DENIED</activiti:string>\n                    </activiti:field>\n                </activiti:executionListener>      \n            </extensionElements>\n        </serviceTask>\n        <sequenceFlow sourceRef=\"DeviceMarketingDenied_ST\" targetRef=\"DeviceMarketingReviewDenied\"></sequenceFlow>\n        <userTask id=\"DeviceMarketingReviewDenied\" name=\"DeviceMarketingReviewDenied\">\n            <documentation>\n                Device Marketing Denied\n            </documentation>\n        </userTask>\n        <sequenceFlow sourceRef=\"DeviceMarketingReviewDenied\" targetRef=\"DeviceMarketingUnDenied_ST\"></sequenceFlow>\n        <serviceTask id=\"DeviceMarketingUnDenied_ST\" name=\"DeviceMarketingUnDenied_ST\" activiti:delegateExpression=\"${companyApprovalHandler}\">\n            <extensionElements>\n                <activiti:executionListener event=\"start\" class=\"com.netpace.device.listener.UpdateWorkitemListener\">\n                    <activiti:field name=\"step\">\n                        <activiti:string>DeviceMarketingReviewDenied</activiti:string>\n                    </activiti:field>\n                    <activiti:field name=\"status\">\n                        <activiti:string>Processed</activiti:string>\n                    </activiti:field>\n                </activiti:executionListener>\n                <activiti:executionListener event=\"start\" class=\"com.netpace.device.listener.SendNotificationListener\">\n                    <activiti:field name=\"event\">\n                        <activiti:string>PARTNER_DEVICE_MARKETING_UNDENY</activiti:string>\n                    </activiti:field>\n                </activiti:executionListener>      \n            </extensionElements>\n        </serviceTask>\n        <sequenceFlow sourceRef=\"DeviceMarketingUnDenied_ST\" targetRef=\"DeviceMarketingReview_ST\"></sequenceFlow>\n        \n        \n        <!-- Device Marketing RFI Flow -->\n        <sequenceFlow sourceRef=\"MR_ExclusiveGateway\" targetRef=\"DeviceMarketingRFI_ST\">\n            <conditionExpression xsi:type=\"tFormalExpression\"><![CDATA[${decision == \"RFI\"}]]>\n            </conditionExpression>\n        </sequenceFlow>\n        <serviceTask id=\"DeviceMarketingRFI_ST\" name=\"DeviceMarketingRFI_ST\" activiti:delegateExpression=\"${companyApprovalHandler}\">\n            <extensionElements>\n                <activiti:executionListener event=\"start\" class=\"com.netpace.device.listener.UpdateWorkitemListener\">\n                    <activiti:field name=\"step\">\n                        <activiti:string>DeviceMarketingReview</activiti:string>\n                    </activiti:field>\n                    <activiti:field name=\"status\">\n                        <activiti:string>Processed</activiti:string>\n                    </activiti:field>\n                </activiti:executionListener>\n                <activiti:executionListener event=\"start\" class=\"com.netpace.device.listener.AddWorkitemListener\">\n                    <activiti:field name=\"step\">\n                        <activiti:string>DeviceMarketingReviewRFI</activiti:string>\n                    </activiti:field>\n                    <activiti:field name=\"title\">\n                        <activiti:string>Device Marketing Review RFI</activiti:string>\n                    </activiti:field>\n                    <activiti:field name=\"status\">\n                        <activiti:string>InProgress</activiti:string>\n                    </activiti:field>\n                    <activiti:field name=\"allowedRoles\">\n                        <activiti:string>ROLE_DEVICE_MARKETING,ROLE_SUPER_ADMIN,ROLE_VERIZON_SYSTEM_ADMIN</activiti:string>\n                    </activiti:field>\n                    <activiti:field name=\"requireInput\">\n                        <activiti:string>false</activiti:string>\n                    </activiti:field>\n                    <activiti:field name=\"nextActions\">\n                        <activiti:string>UnRFI</activiti:string>\n                    </activiti:field>\n                </activiti:executionListener>\n                <activiti:executionListener event=\"start\" class=\"com.netpace.device.listener.SendNotificationListener\">\n                    <activiti:field name=\"event\">\n                        <activiti:string>PARTNER_DEVICE_MARKETING_RFI</activiti:string>\n                    </activiti:field>\n                </activiti:executionListener>      \n            </extensionElements>\n        </serviceTask>\n        <sequenceFlow sourceRef=\"DeviceMarketingRFI_ST\" targetRef=\"DeviceMarketingReviewRFI\"></sequenceFlow>\n        <userTask id=\"DeviceMarketingReviewRFI\" name=\"DeviceMarketingReviewRFI\">\n            <documentation>\n                Device Marketing RFI\n            </documentation>\n        </userTask>\n        <sequenceFlow sourceRef=\"DeviceMarketingReviewRFI\" targetRef=\"DeviceMarketingReviewUnRFI_ST\"></sequenceFlow>\n        <serviceTask id=\"DeviceMarketingReviewUnRFI_ST\" name=\"DeviceMarketingReviewUnRFI_ST\" activiti:delegateExpression=\"${companyApprovalHandler}\">\n            <extensionElements>\n                <activiti:executionListener event=\"start\" class=\"com.netpace.device.listener.UpdateWorkitemListener\">\n                    <activiti:field name=\"step\">\n                        <activiti:string>DeviceMarketingReviewRFI</activiti:string>\n                    </activiti:field>\n                    <activiti:field name=\"status\">\n                        <activiti:string>Processed</activiti:string>\n                    </activiti:field>\n                </activiti:executionListener>\n                <activiti:executionListener event=\"start\" class=\"com.netpace.device.listener.SendNotificationListener\">\n                    <activiti:field name=\"event\">\n                        <activiti:string>PARTNER_DEVICE_MARKETING_UNRFI</activiti:string>\n                    </activiti:field>\n                </activiti:executionListener>\n            </extensionElements>\n        </serviceTask>\n        <sequenceFlow sourceRef=\"DeviceMarketingReviewUnRFI_ST\" targetRef=\"DeviceMarketingReview_ST\"></sequenceFlow>\n        \n        \n        <!-- Device Marketing Approve Flow -->\n        <sequenceFlow sourceRef=\"MR_ExclusiveGateway\" targetRef=\"MRApprove_ST\">\n            <conditionExpression xsi:type=\"tFormalExpression\"><![CDATA[${decision == \"Approve\"}]]>\n            </conditionExpression>\n        </sequenceFlow>\n        <serviceTask id=\"MRApprove_ST\" name=\"MRApprove_ST\" activiti:delegateExpression=\"${companyApprovalHandler}\">\n            <extensionElements>\n                <activiti:executionListener event=\"start\" class=\"com.netpace.device.listener.UpdateWorkitemListener\">\n                    <activiti:field name=\"step\">\n                        <activiti:string>DeviceMarketingReview</activiti:string>\n                    </activiti:field>\n                    <activiti:field name=\"status\">\n                        <activiti:string>Processed</activiti:string>\n                    </activiti:field>\n                </activiti:executionListener>\n                <activiti:executionListener event=\"start\" class=\"com.netpace.device.listener.SendNotificationListener\">\n                    <activiti:field name=\"event\">\n                        <activiti:string>PARTNER_DEVICE_MARKETING_APPROVED</activiti:string>\n                    </activiti:field>\n                </activiti:executionListener>\n            </extensionElements>\n        </serviceTask>\n        <sequenceFlow sourceRef=\"MRApprove_ST\" targetRef=\"OFACReview_ST\"></sequenceFlow>\n        \n        \n        <!-- OFACReview Flow -->\n        <serviceTask id=\"OFACReview_ST\" name=\"OFACReview_ST\" activiti:delegateExpression=\"${companyApprovalHandler}\">\n            <extensionElements>\n                <activiti:executionListener event=\"start\" class=\"com.netpace.device.listener.AddWorkitemListener\">\n                    <activiti:field name=\"step\">\n                        <activiti:string>OFACReview</activiti:string>\n                    </activiti:field>\n                    <activiti:field name=\"title\">\n                        <activiti:string>OFAC Review</activiti:string>\n                    </activiti:field>\n                    <activiti:field name=\"status\">\n                        <activiti:string>InProgress</activiti:string>\n                    </activiti:field>\n                    <activiti:field name=\"allowedRoles\">\n                        <activiti:string>ROLE_OFAC,ROLE_SUPER_ADMIN,ROLE_VERIZON_SYSTEM_ADMIN</activiti:string>\n                    </activiti:field>\n                    <activiti:field name=\"requireInput\">\n                        <activiti:string>false</activiti:string>\n                    </activiti:field>\n                    <activiti:field name=\"nextActions\">\n                        <activiti:string>Approve,Suspend,RFI</activiti:string>\n                    </activiti:field>\n                </activiti:executionListener>\n                <activiti:executionListener event=\"start\" class=\"com.netpace.device.listener.SendNotificationListener\">\n                    <activiti:field name=\"event\">\n                        <activiti:string>PARTNER_OFAC_REVIEW_PENDING</activiti:string>\n                    </activiti:field>\n                </activiti:executionListener>\n            </extensionElements>\n        </serviceTask>\n        <sequenceFlow sourceRef=\"OFACReview_ST\" targetRef=\"OFACReview\"></sequenceFlow>\n        <userTask id=\"OFACReview\" name=\"OFACReview\">\n            <documentation>\n                OFACReview\n            </documentation>\n        </userTask>\n        <sequenceFlow sourceRef=\"OFACReview\" targetRef=\"OFAC_ExclusiveGateway\"></sequenceFlow>\n        <exclusiveGateway id=\"OFAC_ExclusiveGateway\" name=\"OFAC_ExclusiveGateway\"></exclusiveGateway>\n        \n        \n        <!-- OFACReview RFI Flow -->\n        <sequenceFlow sourceRef=\"OFAC_ExclusiveGateway\" targetRef=\"OFACReviewRFI_ST\">\n            <conditionExpression xsi:type=\"tFormalExpression\"><![CDATA[${decision == \"RFI\"}]]>\n            </conditionExpression>\n        </sequenceFlow>\n        <serviceTask id=\"OFACReviewRFI_ST\" name=\"OFACReviewRFI_ST\" activiti:delegateExpression=\"${companyApprovalHandler}\">\n            <extensionElements>\n                <activiti:executionListener event=\"start\" class=\"com.netpace.device.listener.UpdateWorkitemListener\">\n                    <activiti:field name=\"step\">\n                        <activiti:string>OFACReview</activiti:string>\n                    </activiti:field>\n                    <activiti:field name=\"status\">\n                        <activiti:string>Processed</activiti:string>\n                    </activiti:field>\n                </activiti:executionListener>\n                <activiti:executionListener event=\"start\" class=\"com.netpace.device.listener.AddWorkitemListener\">\n                    <activiti:field name=\"step\">\n                        <activiti:string>OFACReviewRFI</activiti:string>\n                    </activiti:field>\n                    <activiti:field name=\"title\">\n                        <activiti:string>OFAC Review RFI</activiti:string>\n                    </activiti:field>\n                    <activiti:field name=\"status\">\n                        <activiti:string>InProgress</activiti:string>\n                    </activiti:field>\n                    <activiti:field name=\"allowedRoles\">\n                        <activiti:string>ROLE_OFAC,ROLE_SUPER_ADMIN,ROLE_VERIZON_SYSTEM_ADMIN</activiti:string>\n                    </activiti:field>\n                    <activiti:field name=\"requireInput\">\n                        <activiti:string>false</activiti:string>\n                    </activiti:field>\n                    <activiti:field name=\"nextActions\">\n                        <activiti:string>UnRFI</activiti:string>\n                    </activiti:field>\n                </activiti:executionListener>\n                <activiti:executionListener event=\"start\" class=\"com.netpace.device.listener.SendNotificationListener\">\n                    <activiti:field name=\"event\">\n                        <activiti:string>PARTNER_OFAC_REVIEW_RFI</activiti:string>\n                    </activiti:field>\n                </activiti:executionListener>\n            </extensionElements>\n        </serviceTask>\n        <sequenceFlow sourceRef=\"OFACReviewRFI_ST\" targetRef=\"OFACReviewRFI\"></sequenceFlow>\n        <userTask id=\"OFACReviewRFI\" name=\"OFACReviewRFI\">\n            <documentation>\n                OFAC Review RFI\n            </documentation>\n        </userTask>\n        <sequenceFlow sourceRef=\"OFACReviewRFI\" targetRef=\"OFACReviewUnRFI_ST\"></sequenceFlow>\n        <serviceTask id=\"OFACReviewUnRFI_ST\" name=\"OFACReviewUnRFI_ST\" activiti:delegateExpression=\"${companyApprovalHandler}\">\n            <extensionElements>\n                <activiti:executionListener event=\"start\" class=\"com.netpace.device.listener.UpdateWorkitemListener\">\n                    <activiti:field name=\"step\">\n                        <activiti:string>OFACReviewRFI</activiti:string>\n                    </activiti:field>\n                    <activiti:field name=\"status\">\n                        <activiti:string>Processed</activiti:string>\n                    </activiti:field>\n                </activiti:executionListener>\n                <activiti:executionListener event=\"start\" class=\"com.netpace.device.listener.SendNotificationListener\">\n                    <activiti:field name=\"event\">\n                        <activiti:string>PARTNER_OFAC_REVIEW_UNRFI</activiti:string>\n                    </activiti:field>\n                </activiti:executionListener>\n            </extensionElements>\n        </serviceTask>\n        <sequenceFlow sourceRef=\"OFACReviewUnRFI_ST\" targetRef=\"OFACReview_ST\"></sequenceFlow>\n\n\n        <!-- OFACReview Suspend Flow -->\n        <sequenceFlow sourceRef=\"OFAC_ExclusiveGateway\" targetRef=\"OFACReviewSuspend_ST\">\n            <conditionExpression xsi:type=\"tFormalExpression\"><![CDATA[${decision == \"Suspend\"}]]>\n            </conditionExpression>\n        </sequenceFlow>\n        <serviceTask id=\"OFACReviewSuspend_ST\" name=\"OFACReviewSuspend_ST\" activiti:delegateExpression=\"${companyApprovalHandler}\">\n            <extensionElements>\n                <activiti:executionListener event=\"start\" class=\"com.netpace.device.listener.UpdateWorkitemListener\">\n                    <activiti:field name=\"step\">\n                        <activiti:string>OFACReview</activiti:string>\n                    </activiti:field>\n                    <activiti:field name=\"status\">\n                        <activiti:string>Processed</activiti:string>\n                    </activiti:field>\n                </activiti:executionListener>\n                <activiti:executionListener event=\"start\" class=\"com.netpace.device.listener.AddWorkitemListener\">\n                    <activiti:field name=\"step\">\n                        <activiti:string>OFACReviewSuspend</activiti:string>\n                    </activiti:field>\n                    <activiti:field name=\"title\">\n                        <activiti:string>OFAC Review Suspended</activiti:string>\n                    </activiti:field>\n                    <activiti:field name=\"status\">\n                        <activiti:string>InProgress</activiti:string>\n                    </activiti:field>\n                    <activiti:field name=\"allowedRoles\">\n                        <activiti:string>ROLE_OFAC,ROLE_SUPER_ADMIN,ROLE_VERIZON_SYSTEM_ADMIN</activiti:string>\n                    </activiti:field>\n                    <activiti:field name=\"requireInput\">\n                        <activiti:string>false</activiti:string>\n                    </activiti:field>\n                    <activiti:field name=\"nextActions\">\n                        <activiti:string>UnSuspend</activiti:string>\n                    </activiti:field>\n                </activiti:executionListener>\n                <activiti:executionListener event=\"start\" class=\"com.netpace.device.listener.SendNotificationListener\">\n                    <activiti:field name=\"event\">\n                        <activiti:string>PARTNER_OFAC_REVIEW_SUSPENDED</activiti:string>\n                    </activiti:field>\n                </activiti:executionListener>\n            </extensionElements>\n        </serviceTask>\n        <sequenceFlow sourceRef=\"OFACReviewSuspend_ST\" targetRef=\"OFACReviewSuspend\"></sequenceFlow>\n        <userTask id=\"OFACReviewSuspend\" name=\"OFACReviewSuspend\">\n            <documentation>\n                OFAC Review Suspend\n            </documentation>\n        </userTask>\n        <sequenceFlow sourceRef=\"OFACReviewSuspend\" targetRef=\"OFACReviewUnSuspend_ST\"></sequenceFlow>\n        <serviceTask id=\"OFACReviewUnSuspend_ST\" name=\"OFACReviewUnSuspend_ST\" activiti:delegateExpression=\"${companyApprovalHandler}\">\n            <extensionElements>\n                <activiti:executionListener event=\"start\" class=\"com.netpace.device.listener.UpdateWorkitemListener\">\n                    <activiti:field name=\"step\">\n                        <activiti:string>OFACReviewSuspend</activiti:string>\n                    </activiti:field>\n                    <activiti:field name=\"status\">\n                        <activiti:string>Processed</activiti:string>\n                    </activiti:field>\n                </activiti:executionListener>\n                <activiti:executionListener event=\"start\" class=\"com.netpace.device.listener.SendNotificationListener\">\n                    <activiti:field name=\"event\">\n                        <activiti:string>PARTNER_OFAC_REVIEW_UNSUSPEND</activiti:string>\n                    </activiti:field>\n                </activiti:executionListener>\n            </extensionElements>\n        </serviceTask>\n        <sequenceFlow sourceRef=\"OFACReviewUnSuspend_ST\" targetRef=\"OFACReview_ST\"></sequenceFlow>\n\n\n        <!-- OFACReview Approve Flow -->\n        <sequenceFlow sourceRef=\"OFAC_ExclusiveGateway\" targetRef=\"OFACReviewApprove_ST\">\n            <conditionExpression xsi:type=\"tFormalExpression\"><![CDATA[${decision == \"Approve\"}]]>\n            </conditionExpression>\n        </sequenceFlow>\n        <serviceTask id=\"OFACReviewApprove_ST\" name=\"OFACReviewApprove_ST\" activiti:delegateExpression=\"${companyApprovalHandler}\">\n            <extensionElements>\n                <activiti:executionListener event=\"start\" class=\"com.netpace.device.listener.UpdateWorkitemListener\">\n                    <activiti:field name=\"step\">\n                        <activiti:string>OFACReview</activiti:string>\n                    </activiti:field>\n                    <activiti:field name=\"status\">\n                        <activiti:string>Processed</activiti:string>\n                    </activiti:field>\n                </activiti:executionListener>\n                <activiti:executionListener event=\"start\" class=\"com.netpace.device.listener.SendNotificationListener\">\n                    <activiti:field name=\"event\">\n                        <activiti:string>PARTNER_OFAC_REVIEW_APPROVED</activiti:string>\n                    </activiti:field>\n                </activiti:executionListener>\n            </extensionElements>\n        </serviceTask>\n        <sequenceFlow sourceRef=\"OFACReviewApprove_ST\" targetRef=\"CertificationNDA_ParallelGateway\"></sequenceFlow>\n        \n        <parallelGateway id=\"CertificationNDA_ParallelGateway\" />\n        <sequenceFlow sourceRef=\"CertificationNDA_ParallelGateway\" targetRef=\"CertificationNDA_ST\"></sequenceFlow>\n        <sequenceFlow sourceRef=\"CertificationNDA_ParallelGateway\" targetRef=\"OfflineCertificationNDA_ST\"></sequenceFlow>\n\n                \n        <!-- Certification/NDA Flow -->\n        <serviceTask id=\"CertificationNDA_ST\" name=\"CertificationNDA_ST\" activiti:delegateExpression=\"${companyApprovalHandler}\">\n            <extensionElements>\n                <activiti:executionListener event=\"start\" class=\"com.netpace.device.listener.AddWorkitemListener\">\n                    <activiti:field name=\"step\">\n                        <activiti:string>CertificationNDA</activiti:string>\n                    </activiti:field>\n                    <activiti:field name=\"title\">\n                        <activiti:string>Certification Agreement &amp; Non-Disclosure Agreement</activiti:string>\n                    </activiti:field>\n                    <activiti:field name=\"status\">\n                        <activiti:string>InProgress</activiti:string>\n                    </activiti:field>\n                    <activiti:field name=\"allowedRoles\">\n                        <activiti:string>ROLE_PARTNER_USER,ROLE_SUPER_ADMIN</activiti:string>\n                    </activiti:field>\n                    <activiti:field name=\"requireInput\">\n                        <activiti:string>true</activiti:string>\n                    </activiti:field>\n                    <activiti:field name=\"nextActions\">\n                        <activiti:string>Accept Agreement</activiti:string>\n                    </activiti:field>\n                </activiti:executionListener>\n                <activiti:executionListener event=\"start\" class=\"com.netpace.device.listener.SendNotificationListener\">\n                    <activiti:field name=\"event\">\n                        <activiti:string>PARTNER_CERT_AND_NDA_PENDING</activiti:string>\n                    </activiti:field>\n                </activiti:executionListener>      \n            </extensionElements>\n        </serviceTask>\n        <sequenceFlow sourceRef=\"CertificationNDA_ST\" targetRef=\"CertificationNDA\"></sequenceFlow>\n        <userTask id=\"CertificationNDA\" name=\"CertificationNDA\">\n            <documentation>\n                Certification/NDA\n            </documentation>\n        </userTask>\n        <sequenceFlow sourceRef=\"CertificationNDA\" targetRef=\"CertNDA_ExclusiveGateway\"></sequenceFlow>\n        <exclusiveGateway id=\"CertNDA_ExclusiveGateway\" name=\"CertNDA_ExclusiveGateway\"></exclusiveGateway>\n        \n        \n        <!-- Certification/NDA Accept Flow -->\n        <sequenceFlow sourceRef=\"CertNDA_ExclusiveGateway\" targetRef=\"CertNDAApprove_ST\">\n            <conditionExpression xsi:type=\"tFormalExpression\"><![CDATA[${decision == \"Accept Agreement\"}]]>\n            </conditionExpression>\n        </sequenceFlow>\n        <serviceTask id=\"CertNDAApprove_ST\" name=\"CertNDAApprove_ST\" activiti:delegateExpression=\"${companyApprovalHandler}\">\n            <extensionElements>\n                <activiti:executionListener event=\"start\" class=\"com.netpace.device.listener.UpdateWorkitemListener\">\n                    <activiti:field name=\"step\">\n                        <activiti:string>CertificationNDA</activiti:string>\n                    </activiti:field>\n                    <activiti:field name=\"status\">\n                        <activiti:string>Processed</activiti:string>\n                    </activiti:field>\n                </activiti:executionListener>\n                <activiti:executionListener event=\"start\" class=\"com.netpace.device.listener.UpdateWorkitemListener\">\n                    <activiti:field name=\"step\">\n                        <activiti:string>OfflineCertificationNDA</activiti:string>\n                    </activiti:field>\n                    <activiti:field name=\"status\">\n                        <activiti:string>Processed</activiti:string>\n                    </activiti:field>\n                </activiti:executionListener>\n                <activiti:executionListener event=\"start\" class=\"com.netpace.device.listener.SendNotificationListener\">\n                    <activiti:field name=\"event\">\n                        <activiti:string>PARTNER_CERT_AND_NDA_ACCEPTED</activiti:string>\n                    </activiti:field>\n                </activiti:executionListener>      \n            </extensionElements>\n        </serviceTask>\n        <sequenceFlow sourceRef=\"CertNDAApprove_ST\" targetRef=\"Approve_ST\"></sequenceFlow>\n        \n\n        <!-- Offline Certification/NDA Flow -->\n        <serviceTask id=\"OfflineCertificationNDA_ST\" name=\"OfflineCertificationNDA_ST\" activiti:delegateExpression=\"${companyApprovalHandler}\">\n            <extensionElements>\n                <activiti:executionListener event=\"start\" class=\"com.netpace.device.listener.AddWorkitemListener\">\n                    <activiti:field name=\"step\">\n                        <activiti:string>OfflineCertificationNDA</activiti:string>\n                    </activiti:field>\n                    <activiti:field name=\"title\">\n                        <activiti:string>Offline Certification Agreement</activiti:string>\n                    </activiti:field>\n                    <activiti:field name=\"status\">\n                        <activiti:string>InProgress</activiti:string>\n                    </activiti:field>\n                    <activiti:field name=\"allowedRoles\">\n                        <activiti:string>ROLE_SUPER_ADMIN,ROLE_VERIZON_SYSTEM_ADMIN,ROLE_DEVICE_MARKETING</activiti:string>\n                    </activiti:field>\n                    <activiti:field name=\"requireInput\">\n                        <activiti:string>true</activiti:string>\n                    </activiti:field>\n                    <activiti:field name=\"nextActions\">\n                        <activiti:string>Submit Agreement &amp; Approve Partner,Deny</activiti:string>\n                    </activiti:field>\n                </activiti:executionListener>\n                <activiti:executionListener event=\"start\" class=\"com.netpace.device.listener.SendNotificationListener\">\n                    <activiti:field name=\"event\">\n                        <activiti:string>PARTNER_OFFLINE_PENDING</activiti:string>\n                    </activiti:field>\n                </activiti:executionListener>      \n            </extensionElements>\n        </serviceTask>\n        <sequenceFlow sourceRef=\"OfflineCertificationNDA_ST\" targetRef=\"OfflineCertificationNDA\"></sequenceFlow>\n        <userTask id=\"OfflineCertificationNDA\" name=\"OfflineCertificationNDA\">\n            <documentation>\n                Certification/NDA\n            </documentation>\n        </userTask>\n        <sequenceFlow sourceRef=\"OfflineCertificationNDA\" targetRef=\"OfflineCertificationNDA_ExclusiveGateway\"></sequenceFlow>\n        <exclusiveGateway id=\"OfflineCertificationNDA_ExclusiveGateway\" name=\"OfflineCertificationNDA_ExclusiveGateway\"></exclusiveGateway>\n        \n        \n        <!-- Offline Certification Agreement Denied Flow -->\n        <sequenceFlow sourceRef=\"OfflineCertificationNDA_ExclusiveGateway\" targetRef=\"OfflineCertificationNDADenied_ST\">\n            <conditionExpression xsi:type=\"tFormalExpression\"><![CDATA[${decision == \"Deny\"}]]>\n            </conditionExpression>\n        </sequenceFlow>\n        <serviceTask id=\"OfflineCertificationNDADenied_ST\" name=\"OfflineCertificationNDADenied_ST\" activiti:delegateExpression=\"${companyApprovalHandler}\">\n            <extensionElements>\n                <activiti:executionListener event=\"start\" class=\"com.netpace.device.listener.UpdateWorkitemListener\">\n                    <activiti:field name=\"step\">\n                        <activiti:string>OfflineCertificationNDA</activiti:string>\n                    </activiti:field>\n                    <activiti:field name=\"status\">\n                        <activiti:string>Processed</activiti:string>\n                    </activiti:field>\n                </activiti:executionListener>\n                <activiti:executionListener event=\"start\" class=\"com.netpace.device.listener.UpdateWorkitemListener\">\n                    <activiti:field name=\"step\">\n                        <activiti:string>CertificationNDA</activiti:string>\n                    </activiti:field>\n                    <activiti:field name=\"status\">\n                        <activiti:string>Processed</activiti:string>\n                    </activiti:field>\n                </activiti:executionListener>\n                <activiti:executionListener event=\"start\" class=\"com.netpace.device.listener.AddWorkitemListener\">\n                    <activiti:field name=\"step\">\n                        <activiti:string>OfflineCertificationNDADenied</activiti:string>\n                    </activiti:field>\n                    <activiti:field name=\"title\">\n                        <activiti:string>Offline Certification Agreement Denied</activiti:string>\n                    </activiti:field>\n                    <activiti:field name=\"status\">\n                        <activiti:string>InProgress</activiti:string>\n                    </activiti:field>\n                    <activiti:field name=\"allowedRoles\">\n                        <activiti:string>ROLE_SUPER_ADMIN</activiti:string>\n                    </activiti:field>\n                    <activiti:field name=\"requireInput\">\n                        <activiti:string>false</activiti:string>\n                    </activiti:field>\n                    <activiti:field name=\"nextActions\">\n                        <activiti:string>UnDeny</activiti:string>\n                    </activiti:field>\n                </activiti:executionListener>\n                <activiti:executionListener event=\"start\" class=\"com.netpace.device.listener.SendNotificationListener\">\n                    <activiti:field name=\"event\">\n                        <activiti:string>PARTNER_OFFLINE_REJECTED</activiti:string>\n                    </activiti:field>\n                </activiti:executionListener>      \n            </extensionElements>\n        </serviceTask>\n        <sequenceFlow sourceRef=\"OfflineCertificationNDADenied_ST\" targetRef=\"OfflineCertificationNDADenied\"></sequenceFlow>\n        <userTask id=\"OfflineCertificationNDADenied\" name=\"OfflineCertificationNDADenied\">\n            <documentation>\n                Offline Certification Agreement Denied\n            </documentation>\n        </userTask>\n        <sequenceFlow sourceRef=\"OfflineCertificationNDADenied\" targetRef=\"OfflineCertificationNDAUnDenied_ST\"></sequenceFlow>\n        <serviceTask id=\"OfflineCertificationNDAUnDenied_ST\" name=\"OfflineCertificationNDAUnDenied_ST\" activiti:delegateExpression=\"${companyApprovalHandler}\">\n            <extensionElements>\n                <activiti:executionListener event=\"start\" class=\"com.netpace.device.listener.UpdateWorkitemListener\">\n                    <activiti:field name=\"step\">\n                        <activiti:string>OfflineCertificationNDADenied</activiti:string>\n                    </activiti:field>\n                    <activiti:field name=\"status\">\n                        <activiti:string>Processed</activiti:string>\n                    </activiti:field>\n                </activiti:executionListener>\n                <activiti:executionListener event=\"start\" class=\"com.netpace.device.listener.AddWorkitemListener\">\n                    <activiti:field name=\"step\">\n                        <activiti:string>CertificationNDA</activiti:string>\n                    </activiti:field>\n                    <activiti:field name=\"title\">\n                        <activiti:string>Certification Agreement &amp; Non-Disclosure Agreement</activiti:string>\n                    </activiti:field>\n                    <activiti:field name=\"status\">\n                        <activiti:string>InProgress</activiti:string>\n                    </activiti:field>\n                    <activiti:field name=\"allowedRoles\">\n                        <activiti:string>ROLE_PARTNER_USER,ROLE_SUPER_ADMIN</activiti:string>\n                    </activiti:field>\n                    <activiti:field name=\"requireInput\">\n                        <activiti:string>true</activiti:string>\n                    </activiti:field>\n                    <activiti:field name=\"nextActions\">\n                        <activiti:string>Accept Agreement</activiti:string>\n                    </activiti:field>\n                </activiti:executionListener>\n                <activiti:executionListener event=\"start\" class=\"com.netpace.device.listener.SendNotificationListener\">\n                    <activiti:field name=\"event\">\n                        <activiti:string>PARTNER_OFFLINE_UNREJECT</activiti:string>\n                    </activiti:field>\n                </activiti:executionListener>      \n            </extensionElements>\n        </serviceTask>\n        <sequenceFlow sourceRef=\"OfflineCertificationNDAUnDenied_ST\" targetRef=\"OfflineCertificationNDA_ST\"></sequenceFlow>\n        \n        \n        <!-- Offline Certification/NDA Accept Flow -->\n        <sequenceFlow sourceRef=\"OfflineCertificationNDA_ExclusiveGateway\" targetRef=\"OfflineCertificationNDAApprove_ST\">\n            <conditionExpression xsi:type=\"tFormalExpression\"><![CDATA[${decision == \"Submit Agreement & Approve Partner\"}]]>\n            </conditionExpression>\n        </sequenceFlow>\n        <serviceTask id=\"OfflineCertificationNDAApprove_ST\" name=\"OfflineCertificationNDAApprove_ST\" activiti:delegateExpression=\"${companyApprovalHandler}\">\n            <extensionElements>\n                <activiti:executionListener event=\"start\" class=\"com.netpace.device.listener.UpdateWorkitemListener\">\n                    <activiti:field name=\"step\">\n                        <activiti:string>CertificationNDA</activiti:string>\n                    </activiti:field>\n                    <activiti:field name=\"status\">\n                        <activiti:string>Processed</activiti:string>\n                    </activiti:field>\n                </activiti:executionListener>\n                <activiti:executionListener event=\"start\" class=\"com.netpace.device.listener.UpdateWorkitemListener\">\n                    <activiti:field name=\"step\">\n                        <activiti:string>OfflineCertificationNDA</activiti:string>\n                    </activiti:field>\n                    <activiti:field name=\"status\">\n                        <activiti:string>Processed</activiti:string>\n                    </activiti:field>\n                </activiti:executionListener>\n                <activiti:executionListener event=\"start\" class=\"com.netpace.device.listener.SendNotificationListener\">\n                    <activiti:field name=\"event\">\n                        <activiti:string>PARTNER_OFFLINE_APPROVED</activiti:string>\n                    </activiti:field>\n                </activiti:executionListener>\n            </extensionElements>\n        </serviceTask>\n        <sequenceFlow sourceRef=\"OfflineCertificationNDAApprove_ST\" targetRef=\"Approve_ST\"></sequenceFlow>\n        \n        \n        <serviceTask id=\"Approve_ST\" name=\"Approve_ST\" activiti:delegateExpression=\"${companyApprovalHandler}\">\n            <extensionElements>\n                <activiti:executionListener event=\"start\" class=\"com.netpace.device.listener.AddWorkitemListener\">\n                    <activiti:field name=\"step\">\n                        <activiti:string>Approved</activiti:string>\n                    </activiti:field>\n                    <activiti:field name=\"title\">\n                        <activiti:string>Approved</activiti:string>\n                    </activiti:field>\n                    <activiti:field name=\"status\">\n                        <activiti:string>Processed</activiti:string>\n                    </activiti:field>\n                    <activiti:field name=\"allowedRoles\">\n                        <activiti:string>ROLE_SUPER_ADMIN</activiti:string>\n                    </activiti:field>\n                    <activiti:field name=\"requireInput\">\n                        <activiti:string>false</activiti:string>\n                    </activiti:field>\n                    <activiti:field name=\"nextActions\">\n                        <activiti:string> </activiti:string>\n                    </activiti:field>\n                </activiti:executionListener>\n                <activiti:executionListener event=\"start\" class=\"com.netpace.device.listener.SendNotificationListener\">\n                    <activiti:field name=\"event\">\n                        <activiti:string>PARTNER_APPROVED</activiti:string>\n                    </activiti:field>\n                </activiti:executionListener>\n            </extensionElements>\n        </serviceTask>\n        <sequenceFlow sourceRef=\"Approve_ST\" targetRef=\"End\"></sequenceFlow>\n        <endEvent id=\"End\" name=\"End\"></endEvent>\n        \n    </process>\n  \n</definitions>'),('3',1,'/usr/java/vsap/QA/apache-tomcat-7.0.42/webapps/device/WEB-INF/classes/ProductApprovalWorkflow.bpmn20.xml','1','<?xml version=\"1.0\" encoding=\"UTF-8\"?>\n<definitions xmlns=\"http://www.omg.org/spec/BPMN/20100524/MODEL\" \n             xmlns:xsi=\"http://www.w3.org/2001/XMLSchema-instance\" \n             xmlns:activiti=\"http://activiti.org/bpmn\" \n             xmlns:bpmndi=\"http://www.omg.org/spec/BPMN/20100524/DI\" \n             xmlns:omgdc=\"http://www.omg.org/spec/DD/20100524/DC\" \n             xmlns:omgdi=\"http://www.omg.org/spec/DD/20100524/DI\" \n             typeLanguage=\"http://www.w3.org/2001/XMLSchema\" \n             expressionLanguage=\"http://www.w3.org/1999/XPath\" \n             targetNamespace=\"http://www.activiti.org/test\">\n    <process id=\"VAP_Product_Approval_Process\" name=\"VAP Product Approval Process\" isExecutable=\"true\">\n        <startEvent id=\"Start\" name=\"Start\"></startEvent>\n        \n        \n        <!-- DeviceMarketingReview Start -->\n        <sequenceFlow sourceRef=\"Start\" targetRef=\"DeviceMarketingReview_ST\"></sequenceFlow>\n        <serviceTask id=\"DeviceMarketingReview_ST\" name=\"DeviceMarketingReview_ST\" activiti:delegateExpression=\"${companyApprovalHandler}\">\n            <extensionElements>\n                <activiti:executionListener event=\"start\" class=\"com.netpace.device.listener.AddWorkitemListener\">\n                    <activiti:field name=\"step\">\n                        <activiti:string>DeviceMarketingReview</activiti:string>\n                    </activiti:field>\n                    <activiti:field name=\"title\">\n                        <activiti:string>Device Marketing Review</activiti:string>\n                    </activiti:field>\n                    <activiti:field name=\"status\">\n                        <activiti:string>InProgress</activiti:string>\n                    </activiti:field>\n                    <activiti:field name=\"allowedRoles\">\n                        <activiti:string>ROLE_DEVICE_MARKETING,ROLE_SUPER_ADMIN,ROLE_VERIZON_SYSTEM_ADMIN</activiti:string>\n                    </activiti:field>\n                    <activiti:field name=\"requireInput\">\n                        <activiti:string>true</activiti:string>\n                    </activiti:field>\n                    <activiti:field name=\"nextActions\">\n                        <activiti:string>Approve,Deny,RFI</activiti:string>\n                    </activiti:field>\n                </activiti:executionListener>\n                <activiti:executionListener event=\"start\" class=\"com.netpace.device.listener.SendNotificationListener\">\n                    <activiti:field name=\"event\">\n                        <activiti:string>PRODUCT_DEVICE_MARKETING_REVIEW_PENDING</activiti:string>\n                    </activiti:field>\n                </activiti:executionListener>      \n            </extensionElements>\n        </serviceTask>\n        <sequenceFlow sourceRef=\"DeviceMarketingReview_ST\" targetRef=\"DeviceMarketingReview\"></sequenceFlow>\n        <userTask id=\"DeviceMarketingReview\" name=\"DeviceMarketingReview\">\n            <documentation>\n                DeviceMarketingReview\n            </documentation>\n        </userTask>\n        <sequenceFlow sourceRef=\"DeviceMarketingReview\" targetRef=\"DeviceMarketingReview_ExclusiveGateway\"></sequenceFlow>\n        <exclusiveGateway id=\"DeviceMarketingReview_ExclusiveGateway\" name=\"MR ExclusiveGateway\"></exclusiveGateway>\n        \n        \n        <!-- DeviceMarketingDenied -->\n        <sequenceFlow sourceRef=\"DeviceMarketingReview_ExclusiveGateway\" targetRef=\"DeviceMarketingDenied_ST\">\n            <conditionExpression xsi:type=\"tFormalExpression\"><![CDATA[${decision == \"Deny\"}]]>\n            </conditionExpression>\n        </sequenceFlow>\n        <serviceTask id=\"DeviceMarketingDenied_ST\" name=\"DeviceMarketingDenied_ST\" activiti:delegateExpression=\"${companyApprovalHandler}\">\n            <extensionElements>\n                <activiti:executionListener event=\"start\" class=\"com.netpace.device.listener.UpdateWorkitemListener\">\n                    <activiti:field name=\"step\">\n                        <activiti:string>DeviceMarketingReview</activiti:string>\n                    </activiti:field>\n                    <activiti:field name=\"status\">\n                        <activiti:string>Processed</activiti:string>\n                    </activiti:field>\n                </activiti:executionListener>\n                <activiti:executionListener event=\"start\" class=\"com.netpace.device.listener.AddWorkitemListener\">\n                    <activiti:field name=\"step\">\n                        <activiti:string>DeviceMarketingReviewDenied</activiti:string>\n                    </activiti:field>\n                    <activiti:field name=\"title\">\n                        <activiti:string>Device Marketing Review Denied</activiti:string>\n                    </activiti:field>\n                    <activiti:field name=\"status\">\n                        <activiti:string>InProgress</activiti:string>\n                    </activiti:field>\n                    <activiti:field name=\"allowedRoles\">\n                        <activiti:string>ROLE_SUPER_ADMIN</activiti:string>\n                    </activiti:field>\n                    <activiti:field name=\"requireInput\">\n                        <activiti:string>false</activiti:string>\n                    </activiti:field>\n                    <activiti:field name=\"nextActions\">\n                        <activiti:string>UnDeny</activiti:string>\n                    </activiti:field>\n                </activiti:executionListener>\n                <activiti:executionListener event=\"start\" class=\"com.netpace.device.listener.SendNotificationListener\">\n                    <activiti:field name=\"event\">\n                        <activiti:string>PRODUCT_DEVICE_MARKETING_REVIEW_DENIED</activiti:string>\n                    </activiti:field>\n                </activiti:executionListener>      \n            </extensionElements>\n        </serviceTask>\n        <sequenceFlow sourceRef=\"DeviceMarketingDenied_ST\" targetRef=\"DeviceMarketingReviewDenied\"></sequenceFlow>\n        <userTask id=\"DeviceMarketingReviewDenied\" name=\"DeviceMarketingReviewDenied\">\n            <documentation>\n                DeviceMarketingReviewDenied\n            </documentation>\n        </userTask>\n        <sequenceFlow sourceRef=\"DeviceMarketingReviewDenied\" targetRef=\"DeviceMarketingUnDenied_ST\"></sequenceFlow>\n        <serviceTask id=\"DeviceMarketingUnDenied_ST\" name=\"DeviceMarketingUnDenied_ST\" activiti:delegateExpression=\"${companyApprovalHandler}\">\n            <extensionElements>\n                <activiti:executionListener event=\"start\" class=\"com.netpace.device.listener.UpdateWorkitemListener\">\n                    <activiti:field name=\"step\">\n                        <activiti:string>DeviceMarketingReviewDenied</activiti:string>\n                    </activiti:field>\n                    <activiti:field name=\"status\">\n                        <activiti:string>Processed</activiti:string>\n                    </activiti:field>\n                </activiti:executionListener>\n                <activiti:executionListener event=\"start\" class=\"com.netpace.device.listener.SendNotificationListener\">\n                    <activiti:field name=\"event\">\n                        <activiti:string>PRODUCT_DEVICE_MARKETING_REVIEW_UNDENY</activiti:string>\n                    </activiti:field>\n                </activiti:executionListener>      \n            </extensionElements>\n        </serviceTask>\n        <sequenceFlow sourceRef=\"DeviceMarketingUnDenied_ST\" targetRef=\"DeviceMarketingReview_ST\"></sequenceFlow>\n        \n        \n        <!-- DeviceMarketingRFI Flow -->\n        <sequenceFlow sourceRef=\"DeviceMarketingReview_ExclusiveGateway\" targetRef=\"DeviceMarketingRFI_ST\">\n            <conditionExpression xsi:type=\"tFormalExpression\"><![CDATA[${decision == \"RFI\"}]]>\n            </conditionExpression>\n        </sequenceFlow>\n        <serviceTask id=\"DeviceMarketingRFI_ST\" name=\"DeviceMarketingRFI_ST\" activiti:delegateExpression=\"${companyApprovalHandler}\">\n            <extensionElements>\n                <activiti:executionListener event=\"start\" class=\"com.netpace.device.listener.UpdateWorkitemListener\">\n                    <activiti:field name=\"step\">\n                        <activiti:string>DeviceMarketingReview</activiti:string>\n                    </activiti:field>\n                    <activiti:field name=\"status\">\n                        <activiti:string>Processed</activiti:string>\n                    </activiti:field>\n                </activiti:executionListener>\n                <activiti:executionListener event=\"start\" class=\"com.netpace.device.listener.AddWorkitemListener\">\n                    <activiti:field name=\"step\">\n                        <activiti:string>DeviceMarketingReviewRFI</activiti:string>\n                    </activiti:field>\n                    <activiti:field name=\"title\">\n                        <activiti:string>Device Marketing Review RFI</activiti:string>\n                    </activiti:field>\n                    <activiti:field name=\"status\">\n                        <activiti:string>InProgress</activiti:string>\n                    </activiti:field>\n                    <activiti:field name=\"allowedRoles\">\n                        <activiti:string>ROLE_DEVICE_MARKETING,ROLE_SUPER_ADMIN,ROLE_VERIZON_SYSTEM_ADMIN</activiti:string>\n                    </activiti:field>\n                    <activiti:field name=\"requireInput\">\n                        <activiti:string>false</activiti:string>\n                    </activiti:field>\n                    <activiti:field name=\"nextActions\">\n                        <activiti:string>UnRFI</activiti:string>\n                    </activiti:field>\n                </activiti:executionListener>\n                <activiti:executionListener event=\"start\" class=\"com.netpace.device.listener.SendNotificationListener\">\n                    <activiti:field name=\"event\">\n                        <activiti:string>PRODUCT_DEVICE_MARKETING_REVIEW_RFI</activiti:string>\n                    </activiti:field>\n                </activiti:executionListener>      \n            </extensionElements>\n        </serviceTask>\n        <sequenceFlow sourceRef=\"DeviceMarketingRFI_ST\" targetRef=\"DeviceMarketingReviewRFI\"></sequenceFlow>\n        <userTask id=\"DeviceMarketingReviewRFI\" name=\"DeviceMarketingReviewRFI\">\n            <documentation>\n                DeviceMarketingReviewRFI\n            </documentation>\n        </userTask>\n        <sequenceFlow sourceRef=\"DeviceMarketingReviewRFI\" targetRef=\"DeviceMarketingReviewUnRFI_ST\"></sequenceFlow>\n        <serviceTask id=\"DeviceMarketingReviewUnRFI_ST\" name=\"DeviceMarketingReviewUnRFI_ST\" activiti:delegateExpression=\"${companyApprovalHandler}\">\n            <extensionElements>\n                <activiti:executionListener event=\"start\" class=\"com.netpace.device.listener.UpdateWorkitemListener\">\n                    <activiti:field name=\"step\">\n                        <activiti:string>DeviceMarketingReviewRFI</activiti:string>\n                    </activiti:field>\n                    <activiti:field name=\"status\">\n                        <activiti:string>Processed</activiti:string>\n                    </activiti:field>\n                </activiti:executionListener>\n                <activiti:executionListener event=\"start\" class=\"com.netpace.device.listener.SendNotificationListener\">\n                    <activiti:field name=\"event\">\n                        <activiti:string>PRODUCT_DEVICE_MARKETING_REVIEW_UNRFI</activiti:string>\n                    </activiti:field>\n                </activiti:executionListener>      \n            </extensionElements>\n        </serviceTask>\n        <sequenceFlow sourceRef=\"DeviceMarketingReviewUnRFI_ST\" targetRef=\"DeviceMarketingReview_ST\"></sequenceFlow>\n        \n        \n        <!-- DeviceMarketingApprove -->\n        <sequenceFlow sourceRef=\"DeviceMarketingReview_ExclusiveGateway\" targetRef=\"DeviceMarketingReviewApprove_ST\">\n            <conditionExpression xsi:type=\"tFormalExpression\"><![CDATA[${decision == \"Approve\"}]]>\n            </conditionExpression>\n        </sequenceFlow>\n        <serviceTask id=\"DeviceMarketingReviewApprove_ST\" name=\"DeviceMarketingReviewApprove_ST\" activiti:delegateExpression=\"${companyApprovalHandler}\">\n            <extensionElements>\n                <activiti:executionListener event=\"start\" class=\"com.netpace.device.listener.UpdateWorkitemListener\">\n                    <activiti:field name=\"step\">\n                        <activiti:string>DeviceMarketingReview</activiti:string>\n                    </activiti:field>\n                    <activiti:field name=\"status\">\n                        <activiti:string>Processed</activiti:string>\n                    </activiti:field>\n                </activiti:executionListener>\n            </extensionElements>\n        </serviceTask>\n        <sequenceFlow sourceRef=\"DeviceMarketingReviewApprove_ST\" targetRef=\"DeviceMarketingReviewApprove_ExclusiveGateway\"></sequenceFlow>\n        <!-- DeviceMarketingReview End -->\n        \n\n        <!-- DeviceMarketingReviewApprove Start -->\n        <exclusiveGateway id=\"DeviceMarketingReviewApprove_ExclusiveGateway\" name=\"DeviceMarketingReviewApprove_ExclusiveGateway\"></exclusiveGateway>\n        \n        \n        <!-- DeviceMarketingConceptApproved -->\n        <sequenceFlow sourceRef=\"DeviceMarketingReviewApprove_ExclusiveGateway\" targetRef=\"DeviceMarketingConceptApproved_ST\">\n            <conditionExpression xsi:type=\"tFormalExpression\"><![CDATA[${productSubmissionType == \"Concept (no physical product available at this time)\"}]]>\n            </conditionExpression>\n        </sequenceFlow>\n        <serviceTask id=\"DeviceMarketingConceptApproved_ST\" name=\"DeviceMarketingConceptApproved_ST\" activiti:delegateExpression=\"${companyApprovalHandler}\">\n            <extensionElements>\n                <activiti:executionListener event=\"start\" class=\"com.netpace.device.listener.AddWorkitemListener\">\n                    <activiti:field name=\"step\">\n                        <activiti:string>DeviceMarketingConceptApproved</activiti:string>\n                    </activiti:field>\n                    <activiti:field name=\"title\">\n                        <activiti:string>Concept Approved</activiti:string>\n                    </activiti:field>\n                    <activiti:field name=\"status\">\n                        <activiti:string>InProgress</activiti:string>\n                    </activiti:field>\n                    <activiti:field name=\"allowedRoles\">\n                        <activiti:string>ROLE_SUPER_ADMIN</activiti:string>\n                    </activiti:field>\n                    <activiti:field name=\"requireInput\">\n                        <activiti:string>false</activiti:string>\n                    </activiti:field>\n                    <activiti:field name=\"nextActions\">\n                        <activiti:string>Change Product Type</activiti:string>\n                    </activiti:field>\n                </activiti:executionListener>\n                <activiti:executionListener event=\"start\" class=\"com.netpace.device.listener.SendNotificationListener\">\n                    <activiti:field name=\"event\">\n                        <activiti:string>PRODUCT_TYPE_CONCEPT_APPROVED_PENDING</activiti:string>\n                    </activiti:field>\n                </activiti:executionListener>      \n            </extensionElements>\n        </serviceTask>\n        <sequenceFlow sourceRef=\"DeviceMarketingConceptApproved_ST\" targetRef=\"DeviceMarketingConceptApproved\"></sequenceFlow>\n        <userTask id=\"DeviceMarketingConceptApproved\" name=\"DeviceMarketingConceptApproved\">\n            <documentation>\n                Device Marketing Concept Approved\n            </documentation>\n        </userTask>\n        <sequenceFlow sourceRef=\"DeviceMarketingConceptApproved\" targetRef=\"ProductTypeChanged_ST\"></sequenceFlow>\n        <serviceTask id=\"ProductTypeChanged_ST\" name=\"ProductTypeChanged_ST\" activiti:delegateExpression=\"${companyApprovalHandler}\">\n            <extensionElements>\n                <activiti:executionListener event=\"start\" class=\"com.netpace.device.listener.UpdateWorkitemListener\">\n                    <activiti:field name=\"step\">\n                        <activiti:string>DeviceMarketingConceptApproved</activiti:string>\n                    </activiti:field>\n                    <activiti:field name=\"status\">\n                        <activiti:string>Processed</activiti:string>\n                    </activiti:field>\n                </activiti:executionListener>\n                <activiti:executionListener event=\"start\" class=\"com.netpace.device.listener.SendNotificationListener\">\n                    <activiti:field name=\"event\">\n                        <activiti:string>PRODUCT_TYPE_CONCEPT_CHANGED</activiti:string>\n                    </activiti:field>\n                </activiti:executionListener>      \n            </extensionElements>\n        </serviceTask>\n        <sequenceFlow sourceRef=\"ProductTypeChanged_ST\" targetRef=\"SubmissionTypeProduct_ST\"></sequenceFlow>\n        \n        \n        <!-- DeviceMarketingSubmissionTypeProduct -->\n        <sequenceFlow sourceRef=\"DeviceMarketingReviewApprove_ExclusiveGateway\" targetRef=\"SubmissionTypeProduct_ST\">\n            <conditionExpression xsi:type=\"tFormalExpression\"><![CDATA[${productSubmissionType == \"Product (existing physical product)\"}]]>\n            </conditionExpression>\n        </sequenceFlow>\n        <serviceTask id=\"SubmissionTypeProduct_ST\" name=\"SubmissionTypeProduct_ST\" activiti:delegateExpression=\"${companyApprovalHandler}\">\n            <extensionElements>\n                <activiti:executionListener event=\"start\" class=\"com.netpace.device.listener.SendNotificationListener\">\n                    <activiti:field name=\"event\">\n                        <activiti:string>PRODUCT_DEVICE_MARKETING_REVIEW_APPROVED</activiti:string>\n                    </activiti:field>\n                </activiti:executionListener>      \n            </extensionElements>\n        </serviceTask>\n        <sequenceFlow sourceRef=\"SubmissionTypeProduct_ST\" targetRef=\"DeviceMarketingReviewApprove_ParallelGateway\"></sequenceFlow>\n        \n        \n        <!-- DeviceMarketingReviewApprove Parallel Gateway -->\n        <parallelGateway id=\"DeviceMarketingReviewApprove_ParallelGateway\" />\n        <sequenceFlow sourceRef=\"DeviceMarketingReviewApprove_ParallelGateway\" targetRef=\"ExportCompliance_ST\"></sequenceFlow>\n        <sequenceFlow sourceRef=\"DeviceMarketingReviewApprove_ParallelGateway\" targetRef=\"ProductInfoUpload_ST\"></sequenceFlow>\n        \n\n        <!-- ExportCompliance Start -->\n        <serviceTask id=\"ExportCompliance_ST\" name=\"ExportCompliance_ST\" activiti:delegateExpression=\"${companyApprovalHandler}\">\n            <extensionElements>\n                <activiti:executionListener event=\"start\" class=\"com.netpace.device.listener.AddWorkitemListener\">\n                    <activiti:field name=\"step\">\n                        <activiti:string>ExportCompliance</activiti:string>\n                    </activiti:field>\n                    <activiti:field name=\"title\">\n                        <activiti:string>Export Compliance</activiti:string>\n                    </activiti:field>\n                    <activiti:field name=\"status\">\n                        <activiti:string>InProgress</activiti:string>\n                    </activiti:field>\n                    <activiti:field name=\"allowedRoles\">\n                        <activiti:string>ROLE_PARTNER_USER,ROLE_SUPER_ADMIN</activiti:string>\n                    </activiti:field>\n                    <activiti:field name=\"requireInput\">\n                        <activiti:string>true</activiti:string>\n                    </activiti:field>\n                    <activiti:field name=\"nextActions\">\n                        <activiti:string>Submit to Verizon</activiti:string>\n                    </activiti:field>\n                </activiti:executionListener>\n                <activiti:executionListener event=\"start\" class=\"com.netpace.device.listener.SendNotificationListener\">\n                    <activiti:field name=\"event\">\n                        <activiti:string>PRODUCT_EXPORT_COMPLIANCE_PENDING</activiti:string>\n                    </activiti:field>\n                </activiti:executionListener>      \n            </extensionElements>\n        </serviceTask>\n        <sequenceFlow sourceRef=\"ExportCompliance_ST\" targetRef=\"ExportCompliance\"></sequenceFlow>\n        <userTask id=\"ExportCompliance\" name=\"ExportCompliance\">\n            <documentation>\n                ExportCompliance\n            </documentation>\n        </userTask>\n        <sequenceFlow sourceRef=\"ExportCompliance\" targetRef=\"ExportCompliance_ExclusiveGateway\"></sequenceFlow>\n        <exclusiveGateway id=\"ExportCompliance_ExclusiveGateway\" name=\"ExportCompliance_ExclusiveGateway\"></exclusiveGateway>\n        \n        \n        <!-- ExportComplianceApprove Flow -->\n        <sequenceFlow sourceRef=\"ExportCompliance_ExclusiveGateway\" targetRef=\"ExportComplianceApprove_ST\">\n            <conditionExpression xsi:type=\"tFormalExpression\"><![CDATA[${decision == \"Submit to Verizon\"}]]>\n            </conditionExpression>\n        </sequenceFlow>\n        <serviceTask id=\"ExportComplianceApprove_ST\" name=\"ExportComplianceApprove_ST\" activiti:delegateExpression=\"${companyApprovalHandler}\">\n            <extensionElements>\n                <activiti:executionListener event=\"start\" class=\"com.netpace.device.listener.UpdateWorkitemListener\">\n                    <activiti:field name=\"step\">\n                        <activiti:string>ExportCompliance</activiti:string>\n                    </activiti:field>\n                    <activiti:field name=\"status\">\n                        <activiti:string>Processed</activiti:string>\n                    </activiti:field>\n                </activiti:executionListener>\n                <activiti:executionListener event=\"start\" class=\"com.netpace.device.listener.SendNotificationListener\">\n                    <activiti:field name=\"event\">\n                        <activiti:string>PRODUCT_EXPORT_COMPLIANCE_SUBMITTED</activiti:string>\n                    </activiti:field>\n                </activiti:executionListener>      \n            </extensionElements>\n        </serviceTask>\n        <sequenceFlow sourceRef=\"ExportComplianceApprove_ST\" targetRef=\"ExportComplianceReview_ST\"></sequenceFlow>\n        <!-- ExportCompliance End -->\n        \n        \n        <!-- ExportComplianceReview Start -->\n        <serviceTask id=\"ExportComplianceReview_ST\" name=\"ExportComplianceReview_ST\" activiti:delegateExpression=\"${companyApprovalHandler}\">\n            <extensionElements>\n                <activiti:executionListener event=\"start\" class=\"com.netpace.device.listener.AddWorkitemListener\">\n                    <activiti:field name=\"step\">\n                        <activiti:string>ExportComplianceReview</activiti:string>\n                    </activiti:field>\n                    <activiti:field name=\"title\">\n                        <activiti:string>Export Compliance Review</activiti:string>\n                    </activiti:field>\n                    <activiti:field name=\"status\">\n                        <activiti:string>InProgress</activiti:string>\n                    </activiti:field>\n                    <activiti:field name=\"allowedRoles\">\n                        <activiti:string>ROLE_EXPORT_COMPLIANCE,ROLE_SUPER_ADMIN,ROLE_VERIZON_SYSTEM_ADMIN</activiti:string>\n                    </activiti:field>\n                    <activiti:field name=\"requireInput\">\n                        <activiti:string>false</activiti:string>\n                    </activiti:field>\n                    <activiti:field name=\"nextActions\">\n                        <activiti:string>Approve,Deny,RFI</activiti:string>\n                    </activiti:field>\n                </activiti:executionListener>\n                <activiti:executionListener event=\"start\" class=\"com.netpace.device.listener.SendNotificationListener\">\n                    <activiti:field name=\"event\">\n                        <activiti:string>PRODUCT_EXPORT_COMPLIANCE_REVIEW_PENDING</activiti:string>\n                    </activiti:field>\n                </activiti:executionListener>      \n            </extensionElements>\n        </serviceTask>\n        <sequenceFlow sourceRef=\"ExportComplianceReview_ST\" targetRef=\"ExportComplianceReview\"></sequenceFlow>\n        <userTask id=\"ExportComplianceReview\" name=\"ExportComplianceReview\">\n            <documentation>\n                ExportComplianceReview\n            </documentation>\n        </userTask>\n        <sequenceFlow sourceRef=\"ExportComplianceReview\" targetRef=\"ExportComplianceReview_ExclusiveGateway\"></sequenceFlow>\n        <exclusiveGateway id=\"ExportComplianceReview_ExclusiveGateway\" name=\"ExportComplianceReview_ExclusiveGateway\"></exclusiveGateway>\n        \n        \n        <!-- ExportComplianceReviewRFI -->\n        <sequenceFlow sourceRef=\"ExportComplianceReview_ExclusiveGateway\" targetRef=\"ExportComplianceReviewRFI_ST\">\n            <conditionExpression xsi:type=\"tFormalExpression\"><![CDATA[${decision == \"RFI\"}]]>\n            </conditionExpression>\n        </sequenceFlow>\n        <serviceTask id=\"ExportComplianceReviewRFI_ST\" name=\"ExportComplianceReviewRFI_ST\" activiti:delegateExpression=\"${companyApprovalHandler}\">\n            <extensionElements>\n                <activiti:executionListener event=\"start\" class=\"com.netpace.device.listener.UpdateWorkitemListener\">\n                    <activiti:field name=\"step\">\n                        <activiti:string>ExportComplianceReview</activiti:string>\n                    </activiti:field>\n                    <activiti:field name=\"status\">\n                        <activiti:string>Processed</activiti:string>\n                    </activiti:field>\n                </activiti:executionListener>\n                <activiti:executionListener event=\"start\" class=\"com.netpace.device.listener.AddWorkitemListener\">\n                    <activiti:field name=\"step\">\n                        <activiti:string>ExportComplianceReviewRFI</activiti:string>\n                    </activiti:field>\n                    <activiti:field name=\"title\">\n                        <activiti:string>Export Compliance Review RFI</activiti:string>\n                    </activiti:field>\n                    <activiti:field name=\"status\">\n                        <activiti:string>InProgress</activiti:string>\n                    </activiti:field>\n                    <activiti:field name=\"allowedRoles\">\n                        <activiti:string>ROLE_EXPORT_COMPLIANCE,ROLE_SUPER_ADMIN,ROLE_VERIZON_SYSTEM_ADMIN</activiti:string>\n                    </activiti:field>\n                    <activiti:field name=\"requireInput\">\n                        <activiti:string>false</activiti:string>\n                    </activiti:field>\n                    <activiti:field name=\"nextActions\">\n                        <activiti:string>UnRFI</activiti:string>\n                    </activiti:field>\n                </activiti:executionListener>\n                <activiti:executionListener event=\"start\" class=\"com.netpace.device.listener.SendNotificationListener\">\n                    <activiti:field name=\"event\">\n                        <activiti:string>PRODUCT_EXPORT_COMPLIANCE_REVIEW_RFI</activiti:string>\n                    </activiti:field>\n                </activiti:executionListener>\n            </extensionElements>\n        </serviceTask>\n        <sequenceFlow sourceRef=\"ExportComplianceReviewRFI_ST\" targetRef=\"ExportComplianceReviewRFI\"></sequenceFlow>\n        <userTask id=\"ExportComplianceReviewRFI\" name=\"ExportComplianceReviewRFI\">\n            <documentation>\n                ExportComplianceReviewRFI\n            </documentation>\n        </userTask>\n        <sequenceFlow sourceRef=\"ExportComplianceReviewRFI\" targetRef=\"ExportComplianceReviewUnRFI_ST\"></sequenceFlow>\n        <serviceTask id=\"ExportComplianceReviewUnRFI_ST\" name=\"ExportComplianceReviewUnRFI_ST\" activiti:delegateExpression=\"${companyApprovalHandler}\">\n            <extensionElements>\n                <activiti:executionListener event=\"start\" class=\"com.netpace.device.listener.UpdateWorkitemListener\">\n                    <activiti:field name=\"step\">\n                        <activiti:string>ExportComplianceReviewRFI</activiti:string>\n                    </activiti:field>\n                    <activiti:field name=\"status\">\n                        <activiti:string>Processed</activiti:string>\n                    </activiti:field>\n                </activiti:executionListener>\n                <activiti:executionListener event=\"start\" class=\"com.netpace.device.listener.SendNotificationListener\">\n                    <activiti:field name=\"event\">\n                        <activiti:string>PRODUCT_EXPORT_COMPLIANCE_REVIEW_UNRFI</activiti:string>\n                    </activiti:field>\n                </activiti:executionListener>\n            </extensionElements>\n        </serviceTask>\n        <sequenceFlow sourceRef=\"ExportComplianceReviewUnRFI_ST\" targetRef=\"ExportComplianceReview_ST\"></sequenceFlow>\n\n\n        <!-- ExportComplianceReviewDenied -->\n        <sequenceFlow sourceRef=\"ExportComplianceReview_ExclusiveGateway\" targetRef=\"ExportComplianceReviewDenied_ST\">\n            <conditionExpression xsi:type=\"tFormalExpression\"><![CDATA[${decision == \"Deny\"}]]>\n            </conditionExpression>\n        </sequenceFlow>\n        <serviceTask id=\"ExportComplianceReviewDenied_ST\" name=\"ExportComplianceReviewDenied_ST\" activiti:delegateExpression=\"${companyApprovalHandler}\">\n            <extensionElements>\n                <activiti:executionListener event=\"start\" class=\"com.netpace.device.listener.UpdateWorkitemListener\">\n                    <activiti:field name=\"step\">\n                        <activiti:string>ExportComplianceReview</activiti:string>\n                    </activiti:field>\n                    <activiti:field name=\"status\">\n                        <activiti:string>Processed</activiti:string>\n                    </activiti:field>\n                </activiti:executionListener>\n                <activiti:executionListener event=\"start\" class=\"com.netpace.device.listener.AddWorkitemListener\">\n                    <activiti:field name=\"step\">\n                        <activiti:string>ExportComplianceReviewDenied</activiti:string>\n                    </activiti:field>\n                    <activiti:field name=\"title\">\n                        <activiti:string>Export Compliance Review Denied</activiti:string>\n                    </activiti:field>\n                    <activiti:field name=\"status\">\n                        <activiti:string>InProgress</activiti:string>\n                    </activiti:field>\n                    <activiti:field name=\"allowedRoles\">\n                        <activiti:string>ROLE_SUPER_ADMIN</activiti:string>\n                    </activiti:field>\n                    <activiti:field name=\"requireInput\">\n                        <activiti:string>false</activiti:string>\n                    </activiti:field>\n                    <activiti:field name=\"nextActions\">\n                        <activiti:string>UnDeny</activiti:string>\n                    </activiti:field>\n                </activiti:executionListener>\n                <activiti:executionListener event=\"start\" class=\"com.netpace.device.listener.SendNotificationListener\">\n                    <activiti:field name=\"event\">\n                        <activiti:string>PRODUCT_EXPORT_COMPLIANCE_REVIEW_DENIED</activiti:string>\n                    </activiti:field>\n                </activiti:executionListener>\n            </extensionElements>\n        </serviceTask>\n        <sequenceFlow sourceRef=\"ExportComplianceReviewDenied_ST\" targetRef=\"ExportComplianceReviewDenied\"></sequenceFlow>\n        <userTask id=\"ExportComplianceReviewDenied\" name=\"ExportComplianceReviewDenied\">\n            <documentation>\n                ExportComplianceReviewDenied\n            </documentation>\n        </userTask>\n        <sequenceFlow sourceRef=\"ExportComplianceReviewDenied\" targetRef=\"ExportComplianceReviewUnDenied_ST\"></sequenceFlow>\n        <serviceTask id=\"ExportComplianceReviewUnDenied_ST\" name=\"ExportComplianceReviewUnDenied_ST\" activiti:delegateExpression=\"${companyApprovalHandler}\">\n            <extensionElements>\n                <activiti:executionListener event=\"start\" class=\"com.netpace.device.listener.UpdateWorkitemListener\">\n                    <activiti:field name=\"step\">\n                        <activiti:string>ExportComplianceReviewDenied</activiti:string>\n                    </activiti:field>\n                    <activiti:field name=\"status\">\n                        <activiti:string>Processed</activiti:string>\n                    </activiti:field>\n                </activiti:executionListener>\n                <activiti:executionListener event=\"start\" class=\"com.netpace.device.listener.SendNotificationListener\">\n                    <activiti:field name=\"event\">\n                        <activiti:string>PRODUCT_EXPORT_COMPLIANCE_REVIEW_UNDENY</activiti:string>\n                    </activiti:field>\n                </activiti:executionListener>\n            </extensionElements>\n        </serviceTask>\n        <sequenceFlow sourceRef=\"ExportComplianceReviewUnDenied_ST\" targetRef=\"ExportComplianceReview_ST\"></sequenceFlow>\n\n\n        <!-- ExportComplianceReviewApprove -->\n        <sequenceFlow sourceRef=\"ExportComplianceReview_ExclusiveGateway\" targetRef=\"ExportComplianceReviewApprove_ST\">\n            <conditionExpression xsi:type=\"tFormalExpression\"><![CDATA[${decision == \"Approve\"}]]>\n            </conditionExpression>\n        </sequenceFlow>\n        <serviceTask id=\"ExportComplianceReviewApprove_ST\" name=\"ExportComplianceReviewApprove_ST\" activiti:delegateExpression=\"${companyApprovalHandler}\">\n            <extensionElements>\n                <activiti:executionListener event=\"start\" class=\"com.netpace.device.listener.UpdateWorkitemListener\">\n                    <activiti:field name=\"step\">\n                        <activiti:string>ExportComplianceReview</activiti:string>\n                    </activiti:field>\n                    <activiti:field name=\"status\">\n                        <activiti:string>Processed</activiti:string>\n                    </activiti:field>\n                </activiti:executionListener>\n                <activiti:executionListener event=\"start\" class=\"com.netpace.device.listener.SendNotificationListener\">\n                    <activiti:field name=\"event\">\n                        <activiti:string>PRODUCT_EXPORT_COMPLIANCE_REVIEW_APPROVED</activiti:string>\n                    </activiti:field>\n                </activiti:executionListener>\n            </extensionElements>\n        </serviceTask>\n        <sequenceFlow sourceRef=\"ExportComplianceReviewApprove_ST\" targetRef=\"UploadPDFofSampleProduct_InclusiveGateway\"></sequenceFlow>\n        <!-- ExportComplianceReview End -->\n\n                \n        <!-- ProductInfoUpload Start -->\n        <serviceTask id=\"ProductInfoUpload_ST\" name=\"ProductInfoUpload_ST\" activiti:delegateExpression=\"${companyApprovalHandler}\">\n            <extensionElements>\n                <activiti:executionListener event=\"start\" class=\"com.netpace.device.listener.AddWorkitemListener\">\n                    <activiti:field name=\"step\">\n                        <activiti:string>ProductInfoUpload</activiti:string>\n                    </activiti:field>\n                    <activiti:field name=\"title\">\n                        <activiti:string>Product Info Upload</activiti:string>\n                    </activiti:field>\n                    <activiti:field name=\"status\">\n                        <activiti:string>InProgress</activiti:string>\n                    </activiti:field>\n                    <activiti:field name=\"allowedRoles\">\n                        <activiti:string>ROLE_PARTNER_USER,ROLE_SUPER_ADMIN</activiti:string>\n                    </activiti:field>\n                    <activiti:field name=\"requireInput\">\n                        <activiti:string>true</activiti:string>\n                    </activiti:field>\n                    <activiti:field name=\"nextActions\">\n                        <activiti:string>Submit to Verizon</activiti:string>\n                    </activiti:field>\n                </activiti:executionListener>\n                <activiti:executionListener event=\"start\" class=\"com.netpace.device.listener.SendNotificationListener\">\n                    <activiti:field name=\"event\">\n                        <activiti:string>PRODUCT_INFO_UPLOAD_PENDING</activiti:string>\n                    </activiti:field>\n                </activiti:executionListener>      \n            </extensionElements>\n        </serviceTask>\n        <sequenceFlow sourceRef=\"ProductInfoUpload_ST\" targetRef=\"ProductInfoUpload\"></sequenceFlow>\n        <userTask id=\"ProductInfoUpload\" name=\"ProductInfoUpload\">\n            <documentation>\n                ProductInfoUpload\n            </documentation>\n        </userTask>\n        <sequenceFlow sourceRef=\"ProductInfoUpload\" targetRef=\"ProductInfoUpload_ExclusiveGateway\"></sequenceFlow>\n        <exclusiveGateway id=\"ProductInfoUpload_ExclusiveGateway\" name=\"ProductInfoUpload_ExclusiveGateway\"></exclusiveGateway>\n        \n        \n        <!-- ProductInfoUploadApprove -->\n        <sequenceFlow sourceRef=\"ProductInfoUpload_ExclusiveGateway\" targetRef=\"ProductInfoUploadApprove_ST\">\n            <conditionExpression xsi:type=\"tFormalExpression\"><![CDATA[${decision == \"Submit to Verizon\"}]]>\n            </conditionExpression>\n        </sequenceFlow>\n        <serviceTask id=\"ProductInfoUploadApprove_ST\" name=\"ProductInfoUploadApprove_ST\" activiti:delegateExpression=\"${companyApprovalHandler}\">\n            <extensionElements>\n                <activiti:executionListener event=\"start\" class=\"com.netpace.device.listener.UpdateWorkitemListener\">\n                    <activiti:field name=\"step\">\n                        <activiti:string>ProductInfoUpload</activiti:string>\n                    </activiti:field>\n                    <activiti:field name=\"status\">\n                        <activiti:string>Processed</activiti:string>\n                    </activiti:field>\n                </activiti:executionListener>\n                <activiti:executionListener event=\"start\" class=\"com.netpace.device.listener.SendNotificationListener\">\n                    <activiti:field name=\"event\">\n                        <activiti:string>PRODUCT_INFO_UPLOAD_SUBMITTED</activiti:string>\n                    </activiti:field>\n                </activiti:executionListener>      \n            </extensionElements>\n        </serviceTask>\n        <sequenceFlow sourceRef=\"ProductInfoUploadApprove_ST\" targetRef=\"RequirementsGroupReview_ST\"></sequenceFlow>\n        <!-- ProductInfoUpload End -->\n        \n        \n        <!-- RequirementsGroupReview Start -->\n        <serviceTask id=\"RequirementsGroupReview_ST\" name=\"RequirementsGroupReview_ST\" activiti:delegateExpression=\"${companyApprovalHandler}\">\n            <extensionElements>\n                <activiti:executionListener event=\"start\" class=\"com.netpace.device.listener.AddWorkitemListener\">\n                    <activiti:field name=\"step\">\n                        <activiti:string>RequirementsGroupReview</activiti:string>\n                    </activiti:field>\n                    <activiti:field name=\"title\">\n                        <activiti:string>Requirements Group Review</activiti:string>\n                    </activiti:field>\n                    <activiti:field name=\"status\">\n                        <activiti:string>InProgress</activiti:string>\n                    </activiti:field>\n                    <activiti:field name=\"allowedRoles\">\n                        <activiti:string>ROLE_REQUIREMENTS_GROUP,ROLE_SUPER_ADMIN,ROLE_VERIZON_SYSTEM_ADMIN</activiti:string>\n                    </activiti:field>\n                    <activiti:field name=\"requireInput\">\n                        <activiti:string>false</activiti:string>\n                    </activiti:field>\n                    <activiti:field name=\"nextActions\">\n                        <activiti:string>Approve,Deny,RFI</activiti:string>\n                    </activiti:field>\n                </activiti:executionListener>\n                <activiti:executionListener event=\"start\" class=\"com.netpace.device.listener.SendNotificationListener\">\n                    <activiti:field name=\"event\">\n                        <activiti:string>PRODUCT_REQUIREMENTS_GROUP_REVIEW_PENDING</activiti:string>\n                    </activiti:field>\n                </activiti:executionListener>      \n            </extensionElements>\n        </serviceTask>\n        <sequenceFlow sourceRef=\"RequirementsGroupReview_ST\" targetRef=\"RequirementsGroupReview\"></sequenceFlow>\n        <userTask id=\"RequirementsGroupReview\" name=\"RequirementsGroupReview\">\n            <documentation>\n                RequirementsGroupReview\n            </documentation>\n        </userTask>\n        <sequenceFlow sourceRef=\"RequirementsGroupReview\" targetRef=\"RequirementsGroupReview_ExclusiveGateway\"></sequenceFlow>\n        <exclusiveGateway id=\"RequirementsGroupReview_ExclusiveGateway\" name=\"RequirementsGroupReview_ExclusiveGateway\"></exclusiveGateway>\n        \n        \n        <!-- RequirementsGroupReviewRFI -->\n        <sequenceFlow sourceRef=\"RequirementsGroupReview_ExclusiveGateway\" targetRef=\"RequirementsGroupReviewRFI_ST\">\n            <conditionExpression xsi:type=\"tFormalExpression\"><![CDATA[${decision == \"RFI\"}]]>\n            </conditionExpression>\n        </sequenceFlow>\n        <serviceTask id=\"RequirementsGroupReviewRFI_ST\" name=\"RequirementsGroupReviewRFI_ST\" activiti:delegateExpression=\"${companyApprovalHandler}\">\n            <extensionElements>\n                <activiti:executionListener event=\"start\" class=\"com.netpace.device.listener.UpdateWorkitemListener\">\n                    <activiti:field name=\"step\">\n                        <activiti:string>RequirementsGroupReview</activiti:string>\n                    </activiti:field>\n                    <activiti:field name=\"status\">\n                        <activiti:string>Processed</activiti:string>\n                    </activiti:field>\n                </activiti:executionListener>\n                <activiti:executionListener event=\"start\" class=\"com.netpace.device.listener.AddWorkitemListener\">\n                    <activiti:field name=\"step\">\n                        <activiti:string>RequirementsGroupReviewRFI</activiti:string>\n                    </activiti:field>\n                    <activiti:field name=\"title\">\n                        <activiti:string>Requirements Group Review RFI</activiti:string>\n                    </activiti:field>\n                    <activiti:field name=\"status\">\n                        <activiti:string>InProgress</activiti:string>\n                    </activiti:field>\n                    <activiti:field name=\"allowedRoles\">\n                        <activiti:string>ROLE_REQUIREMENTS_GROUP,ROLE_SUPER_ADMIN,ROLE_VERIZON_SYSTEM_ADMIN</activiti:string>\n                    </activiti:field>\n                    <activiti:field name=\"requireInput\">\n                        <activiti:string>false</activiti:string>\n                    </activiti:field>\n                    <activiti:field name=\"nextActions\">\n                        <activiti:string>UnRFI</activiti:string>\n                    </activiti:field>\n                </activiti:executionListener>\n                <activiti:executionListener event=\"start\" class=\"com.netpace.device.listener.SendNotificationListener\">\n                    <activiti:field name=\"event\">\n                        <activiti:string>PRODUCT_REQUIREMENTS_GROUP_REVIEW_RFI</activiti:string>\n                    </activiti:field>\n                </activiti:executionListener>\n            </extensionElements>\n        </serviceTask>\n        <sequenceFlow sourceRef=\"RequirementsGroupReviewRFI_ST\" targetRef=\"RequirementsGroupReviewRFI\"></sequenceFlow>\n        <userTask id=\"RequirementsGroupReviewRFI\" name=\"RequirementsGroupReviewRFI\">\n            <documentation>\n                RequirementsGroupReviewRFI\n            </documentation>\n        </userTask>\n        <sequenceFlow sourceRef=\"RequirementsGroupReviewRFI\" targetRef=\"RequirementsGroupReviewUnRFI_ST\"></sequenceFlow>\n        <serviceTask id=\"RequirementsGroupReviewUnRFI_ST\" name=\"RequirementsGroupReviewUnRFI_ST\" activiti:delegateExpression=\"${companyApprovalHandler}\">\n            <extensionElements>\n                <activiti:executionListener event=\"start\" class=\"com.netpace.device.listener.UpdateWorkitemListener\">\n                    <activiti:field name=\"step\">\n                        <activiti:string>RequirementsGroupReviewRFI</activiti:string>\n                    </activiti:field>\n                    <activiti:field name=\"status\">\n                        <activiti:string>Processed</activiti:string>\n                    </activiti:field>\n                </activiti:executionListener>\n                <activiti:executionListener event=\"start\" class=\"com.netpace.device.listener.SendNotificationListener\">\n                    <activiti:field name=\"event\">\n                        <activiti:string>PRODUCT_REQUIREMENTS_GROUP_REVIEW_UNRFI</activiti:string>\n                    </activiti:field>\n                </activiti:executionListener>\n            </extensionElements>\n        </serviceTask>\n        <sequenceFlow sourceRef=\"RequirementsGroupReviewUnRFI_ST\" targetRef=\"RequirementsGroupReview_ST\"></sequenceFlow>\n\n\n        <!-- RequirementsGroupReviewDenied -->\n        <sequenceFlow sourceRef=\"RequirementsGroupReview_ExclusiveGateway\" targetRef=\"RequirementsGroupReviewDenied_ST\">\n            <conditionExpression xsi:type=\"tFormalExpression\"><![CDATA[${decision == \"Deny\"}]]>\n            </conditionExpression>\n        </sequenceFlow>\n        <serviceTask id=\"RequirementsGroupReviewDenied_ST\" name=\"RequirementsGroupReviewDenied_ST\" activiti:delegateExpression=\"${companyApprovalHandler}\">\n            <extensionElements>\n                <activiti:executionListener event=\"start\" class=\"com.netpace.device.listener.UpdateWorkitemListener\">\n                    <activiti:field name=\"step\">\n                        <activiti:string>RequirementsGroupReview</activiti:string>\n                    </activiti:field>\n                    <activiti:field name=\"status\">\n                        <activiti:string>Processed</activiti:string>\n                    </activiti:field>\n                </activiti:executionListener>\n                <activiti:executionListener event=\"start\" class=\"com.netpace.device.listener.AddWorkitemListener\">\n                    <activiti:field name=\"step\">\n                        <activiti:string>RequirementsGroupReviewDenied</activiti:string>\n                    </activiti:field>\n                    <activiti:field name=\"title\">\n                        <activiti:string>Requirements Group Review Denied</activiti:string>\n                    </activiti:field>\n                    <activiti:field name=\"status\">\n                        <activiti:string>InProgress</activiti:string>\n                    </activiti:field>\n                    <activiti:field name=\"allowedRoles\">\n                        <activiti:string>ROLE_SUPER_ADMIN</activiti:string>\n                    </activiti:field>\n                    <activiti:field name=\"requireInput\">\n                        <activiti:string>false</activiti:string>\n                    </activiti:field>\n                    <activiti:field name=\"nextActions\">\n                        <activiti:string>UnDeny</activiti:string>\n                    </activiti:field>\n                </activiti:executionListener>\n                <activiti:executionListener event=\"start\" class=\"com.netpace.device.listener.SendNotificationListener\">\n                    <activiti:field name=\"event\">\n                        <activiti:string>PRODUCT_REQUIREMENTS_GROUP_REVIEW_DENIED</activiti:string>\n                    </activiti:field>\n                </activiti:executionListener>\n            </extensionElements>\n        </serviceTask>\n        <sequenceFlow sourceRef=\"RequirementsGroupReviewDenied_ST\" targetRef=\"RequirementsGroupReviewDenied\"></sequenceFlow>\n        <userTask id=\"RequirementsGroupReviewDenied\" name=\"RequirementsGroupReviewDenied\">\n            <documentation>\n                RequirementsGroupReviewDenied\n            </documentation>\n        </userTask>\n        <sequenceFlow sourceRef=\"RequirementsGroupReviewDenied\" targetRef=\"RequirementsGroupReviewUnDenied_ST\"></sequenceFlow>\n        <serviceTask id=\"RequirementsGroupReviewUnDenied_ST\" name=\"RequirementsGroupReviewUnDenied_ST\" activiti:delegateExpression=\"${companyApprovalHandler}\">\n            <extensionElements>\n                <activiti:executionListener event=\"start\" class=\"com.netpace.device.listener.UpdateWorkitemListener\">\n                    <activiti:field name=\"step\">\n                        <activiti:string>RequirementsGroupReviewDenied</activiti:string>\n                    </activiti:field>\n                    <activiti:field name=\"status\">\n                        <activiti:string>Processed</activiti:string>\n                    </activiti:field>\n                </activiti:executionListener>\n                <activiti:executionListener event=\"start\" class=\"com.netpace.device.listener.SendNotificationListener\">\n                    <activiti:field name=\"event\">\n                        <activiti:string>PRODUCT_REQUIREMENTS_GROUP_REVIEW_UNDENY</activiti:string>\n                    </activiti:field>\n                </activiti:executionListener>\n            </extensionElements>\n        </serviceTask>\n        <sequenceFlow sourceRef=\"RequirementsGroupReviewUnDenied_ST\" targetRef=\"RequirementsGroupReview_ST\"></sequenceFlow>\n\n\n        <!-- RequirementsGroupReviewApprove -->\n        <sequenceFlow sourceRef=\"RequirementsGroupReview_ExclusiveGateway\" targetRef=\"RequirementsGroupReviewApprove_ST\">\n            <conditionExpression xsi:type=\"tFormalExpression\"><![CDATA[${decision == \"Approve\"}]]>\n            </conditionExpression>\n        </sequenceFlow>\n        <serviceTask id=\"RequirementsGroupReviewApprove_ST\" name=\"RequirementsGroupReviewApprove_ST\" activiti:delegateExpression=\"${companyApprovalHandler}\">\n            <extensionElements>\n                <activiti:executionListener event=\"start\" class=\"com.netpace.device.listener.UpdateWorkitemListener\">\n                    <activiti:field name=\"step\">\n                        <activiti:string>RequirementsGroupReview</activiti:string>\n                    </activiti:field>\n                    <activiti:field name=\"status\">\n                        <activiti:string>Processed</activiti:string>\n                    </activiti:field>\n                </activiti:executionListener>\n                <activiti:executionListener event=\"start\" class=\"com.netpace.device.listener.SendNotificationListener\">\n                    <activiti:field name=\"event\">\n                        <activiti:string>PRODUCT_REQUIREMENTS_GROUP_REVIEW_APPROVED</activiti:string>\n                    </activiti:field>\n                </activiti:executionListener>\n            </extensionElements>\n        </serviceTask>\n        <sequenceFlow sourceRef=\"RequirementsGroupReviewApprove_ST\" targetRef=\"DeviceComplianceReview_ST\"></sequenceFlow>\n        \n        \n        <!-- DeviceComplianceReview Start -->\n        <serviceTask id=\"DeviceComplianceReview_ST\" name=\"DeviceComplianceReview_ST\" activiti:delegateExpression=\"${companyApprovalHandler}\">\n            <extensionElements>\n                <activiti:executionListener event=\"start\" class=\"com.netpace.device.listener.AddWorkitemListener\">\n                    <activiti:field name=\"step\">\n                        <activiti:string>DeviceComplianceReview</activiti:string>\n                    </activiti:field>\n                    <activiti:field name=\"title\">\n                        <activiti:string>Device Compliance Review</activiti:string>\n                    </activiti:field>\n                    <activiti:field name=\"status\">\n                        <activiti:string>InProgress</activiti:string>\n                    </activiti:field>\n                    <activiti:field name=\"allowedRoles\">\n                        <activiti:string>ROLE_DEVICE_COMPLIANCE,ROLE_SUPER_ADMIN,ROLE_VERIZON_SYSTEM_ADMIN</activiti:string>\n                    </activiti:field>\n                    <activiti:field name=\"requireInput\">\n                        <activiti:string>false</activiti:string>\n                    </activiti:field>\n                    <activiti:field name=\"nextActions\">\n                        <activiti:string>Start Testing,Deny,RFI</activiti:string>\n                    </activiti:field>\n                </activiti:executionListener>\n                <activiti:executionListener event=\"start\" class=\"com.netpace.device.listener.SendNotificationListener\">\n                    <activiti:field name=\"event\">\n                        <activiti:string>PRODUCT_DEVICE_COMPLIANCE_REVIEW_PENDING</activiti:string>\n                    </activiti:field>\n                </activiti:executionListener>      \n            </extensionElements>\n        </serviceTask>\n        <sequenceFlow sourceRef=\"DeviceComplianceReview_ST\" targetRef=\"DeviceComplianceReview\"></sequenceFlow>\n        <userTask id=\"DeviceComplianceReview\" name=\"DeviceComplianceReview\">\n            <documentation>\n                DeviceComplianceReview\n            </documentation>\n        </userTask>\n        <sequenceFlow sourceRef=\"DeviceComplianceReview\" targetRef=\"DeviceComplianceReview_ExclusiveGateway\"></sequenceFlow>\n        <exclusiveGateway id=\"DeviceComplianceReview_ExclusiveGateway\" name=\"DeviceComplianceReview_ExclusiveGateway\"></exclusiveGateway>\n        \n        \n        <!-- DeviceComplianceReviewRFI -->\n        <sequenceFlow sourceRef=\"DeviceComplianceReview_ExclusiveGateway\" targetRef=\"DeviceComplianceReviewRFI_ST\">\n            <conditionExpression xsi:type=\"tFormalExpression\"><![CDATA[${decision == \"RFI\"}]]>\n            </conditionExpression>\n        </sequenceFlow>\n        <serviceTask id=\"DeviceComplianceReviewRFI_ST\" name=\"DeviceComplianceReviewRFI_ST\" activiti:delegateExpression=\"${companyApprovalHandler}\">\n            <extensionElements>\n                <activiti:executionListener event=\"start\" class=\"com.netpace.device.listener.UpdateWorkitemListener\">\n                    <activiti:field name=\"step\">\n                        <activiti:string>DeviceComplianceReview</activiti:string>\n                    </activiti:field>\n                    <activiti:field name=\"status\">\n                        <activiti:string>Processed</activiti:string>\n                    </activiti:field>\n                </activiti:executionListener>\n                <activiti:executionListener event=\"start\" class=\"com.netpace.device.listener.AddWorkitemListener\">\n                    <activiti:field name=\"step\">\n                        <activiti:string>DeviceComplianceReviewRFI</activiti:string>\n                    </activiti:field>\n                    <activiti:field name=\"title\">\n                        <activiti:string>Device Compliance Review RFI</activiti:string>\n                    </activiti:field>\n                    <activiti:field name=\"status\">\n                        <activiti:string>InProgress</activiti:string>\n                    </activiti:field>\n                    <activiti:field name=\"allowedRoles\">\n                        <activiti:string>ROLE_DEVICE_COMPLIANCE,ROLE_SUPER_ADMIN,ROLE_VERIZON_SYSTEM_ADMIN</activiti:string>\n                    </activiti:field>\n                    <activiti:field name=\"requireInput\">\n                        <activiti:string>false</activiti:string>\n                    </activiti:field>\n                    <activiti:field name=\"nextActions\">\n                        <activiti:string>UnRFI</activiti:string>\n                    </activiti:field>\n                </activiti:executionListener>\n                <activiti:executionListener event=\"start\" class=\"com.netpace.device.listener.SendNotificationListener\">\n                    <activiti:field name=\"event\">\n                        <activiti:string>PRODUCT_DEVICE_COMPLIANCE_REVIEW_RFI</activiti:string>\n                    </activiti:field>\n                </activiti:executionListener>\n            </extensionElements>\n        </serviceTask>\n        <sequenceFlow sourceRef=\"DeviceComplianceReviewRFI_ST\" targetRef=\"DeviceComplianceReviewRFI\"></sequenceFlow>\n        <userTask id=\"DeviceComplianceReviewRFI\" name=\"DeviceComplianceReviewRFI\">\n            <documentation>\n                DeviceComplianceReviewRFI\n            </documentation>\n        </userTask>\n        <sequenceFlow sourceRef=\"DeviceComplianceReviewRFI\" targetRef=\"DeviceComplianceReviewUnRFI_ST\"></sequenceFlow>\n        <serviceTask id=\"DeviceComplianceReviewUnRFI_ST\" name=\"DeviceComplianceReviewUnRFI_ST\" activiti:delegateExpression=\"${companyApprovalHandler}\">\n            <extensionElements>\n                <activiti:executionListener event=\"start\" class=\"com.netpace.device.listener.UpdateWorkitemListener\">\n                    <activiti:field name=\"step\">\n                        <activiti:string>DeviceComplianceReviewRFI</activiti:string>\n                    </activiti:field>\n                    <activiti:field name=\"status\">\n                        <activiti:string>Processed</activiti:string>\n                    </activiti:field>\n                </activiti:executionListener>\n                <activiti:executionListener event=\"start\" class=\"com.netpace.device.listener.SendNotificationListener\">\n                    <activiti:field name=\"event\">\n                        <activiti:string>PRODUCT_DEVICE_COMPLIANCE_REVIEW_UNRFI</activiti:string>\n                    </activiti:field>\n                </activiti:executionListener>\n            </extensionElements>\n        </serviceTask>\n        <sequenceFlow sourceRef=\"DeviceComplianceReviewUnRFI_ST\" targetRef=\"DeviceComplianceReview_ST\"></sequenceFlow>\n\n\n        <!-- DeviceComplianceReviewDenied -->\n        <sequenceFlow sourceRef=\"DeviceComplianceReview_ExclusiveGateway\" targetRef=\"DeviceComplianceReviewDenied_ST\">\n            <conditionExpression xsi:type=\"tFormalExpression\"><![CDATA[${decision == \"Deny\"}]]>\n            </conditionExpression>\n        </sequenceFlow>\n        <serviceTask id=\"DeviceComplianceReviewDenied_ST\" name=\"DeviceComplianceReviewDenied_ST\" activiti:delegateExpression=\"${companyApprovalHandler}\">\n            <extensionElements>\n                <activiti:executionListener event=\"start\" class=\"com.netpace.device.listener.UpdateWorkitemListener\">\n                    <activiti:field name=\"step\">\n                        <activiti:string>DeviceComplianceReview</activiti:string>\n                    </activiti:field>\n                    <activiti:field name=\"status\">\n                        <activiti:string>Processed</activiti:string>\n                    </activiti:field>\n                </activiti:executionListener>\n                <activiti:executionListener event=\"start\" class=\"com.netpace.device.listener.AddWorkitemListener\">\n                    <activiti:field name=\"step\">\n                        <activiti:string>DeviceComplianceReviewDenied</activiti:string>\n                    </activiti:field>\n                    <activiti:field name=\"title\">\n                        <activiti:string>Device Compliance Review Denied</activiti:string>\n                    </activiti:field>\n                    <activiti:field name=\"status\">\n                        <activiti:string>InProgress</activiti:string>\n                    </activiti:field>\n                    <activiti:field name=\"allowedRoles\">\n                        <activiti:string>ROLE_SUPER_ADMIN</activiti:string>\n                    </activiti:field>\n                    <activiti:field name=\"requireInput\">\n                        <activiti:string>false</activiti:string>\n                    </activiti:field>\n                    <activiti:field name=\"nextActions\">\n                        <activiti:string>UnDeny</activiti:string>\n                    </activiti:field>\n                </activiti:executionListener>\n                <activiti:executionListener event=\"start\" class=\"com.netpace.device.listener.SendNotificationListener\">\n                    <activiti:field name=\"event\">\n                        <activiti:string>PRODUCT_DEVICE_COMPLIANCE_REVIEW_DENIED</activiti:string>\n                    </activiti:field>\n                </activiti:executionListener>\n            </extensionElements>\n        </serviceTask>\n        <sequenceFlow sourceRef=\"DeviceComplianceReviewDenied_ST\" targetRef=\"DeviceComplianceReviewDenied\"></sequenceFlow>\n        <userTask id=\"DeviceComplianceReviewDenied\" name=\"DeviceComplianceReviewDenied\">\n            <documentation>\n                DeviceComplianceReviewDenied\n            </documentation>\n        </userTask>\n        <sequenceFlow sourceRef=\"DeviceComplianceReviewDenied\" targetRef=\"DeviceComplianceReviewUnDenied_ST\"></sequenceFlow>\n        <serviceTask id=\"DeviceComplianceReviewUnDenied_ST\" name=\"DeviceComplianceReviewUnDenied_ST\" activiti:delegateExpression=\"${companyApprovalHandler}\">\n            <extensionElements>\n                <activiti:executionListener event=\"start\" class=\"com.netpace.device.listener.UpdateWorkitemListener\">\n                    <activiti:field name=\"step\">\n                        <activiti:string>DeviceComplianceReviewDenied</activiti:string>\n                    </activiti:field>\n                    <activiti:field name=\"status\">\n                        <activiti:string>Processed</activiti:string>\n                    </activiti:field>\n                </activiti:executionListener>\n                <activiti:executionListener event=\"start\" class=\"com.netpace.device.listener.SendNotificationListener\">\n                    <activiti:field name=\"event\">\n                        <activiti:string>PRODUCT_DEVICE_COMPLIANCE_REVIEW_UNDENY</activiti:string>\n                    </activiti:field>\n                </activiti:executionListener>\n            </extensionElements>\n        </serviceTask>\n        <sequenceFlow sourceRef=\"DeviceComplianceReviewUnDenied_ST\" targetRef=\"DeviceComplianceReview_ST\"></sequenceFlow>\n\n\n        <!-- DeviceComplianceReviewApprove -->\n        <sequenceFlow sourceRef=\"DeviceComplianceReview_ExclusiveGateway\" targetRef=\"DeviceComplianceReviewApprove_ST\">\n            <conditionExpression xsi:type=\"tFormalExpression\"><![CDATA[${decision == \"Start Testing\"}]]>\n            </conditionExpression>\n        </sequenceFlow>\n        <serviceTask id=\"DeviceComplianceReviewApprove_ST\" name=\"DeviceComplianceReviewApprove_ST\" activiti:delegateExpression=\"${companyApprovalHandler}\">\n            <extensionElements>\n                <activiti:executionListener event=\"start\" class=\"com.netpace.device.listener.UpdateWorkitemListener\">\n                    <activiti:field name=\"step\">\n                        <activiti:string>DeviceComplianceReview</activiti:string>\n                    </activiti:field>\n                    <activiti:field name=\"status\">\n                        <activiti:string>Processed</activiti:string>\n                    </activiti:field>\n                </activiti:executionListener>\n                <activiti:executionListener event=\"start\" class=\"com.netpace.device.listener.SendNotificationListener\">\n                    <activiti:field name=\"event\">\n                        <activiti:string>PRODUCT_DEVICE_COMPLIANCE_REVIEW_START_TESTING</activiti:string>\n                    </activiti:field>\n                </activiti:executionListener>\n            </extensionElements>\n        </serviceTask>\n        <sequenceFlow sourceRef=\"DeviceComplianceReviewApprove_ST\" targetRef=\"DeviceComplianceReviewEOT_ST\"></sequenceFlow>\n        <!-- DeviceComplianceReview End -->\n\n\n        <!-- DeviceComplianceReviewEOT Start -->\n        <serviceTask id=\"DeviceComplianceReviewEOT_ST\" name=\"DeviceComplianceReviewEOT_ST\" activiti:delegateExpression=\"${companyApprovalHandler}\">\n            <extensionElements>\n                <activiti:executionListener event=\"start\" class=\"com.netpace.device.listener.AddWorkitemListener\">\n                    <activiti:field name=\"step\">\n                        <activiti:string>DeviceComplianceReviewEOT</activiti:string>\n                    </activiti:field>\n                    <activiti:field name=\"title\">\n                        <activiti:string>Device Compliance Review EOT</activiti:string>\n                    </activiti:field>\n                    <activiti:field name=\"status\">\n                        <activiti:string>InProgress</activiti:string>\n                    </activiti:field>\n                    <activiti:field name=\"allowedRoles\">\n                        <activiti:string>ROLE_DEVICE_COMPLIANCE,ROLE_SUPER_ADMIN,ROLE_VERIZON_SYSTEM_ADMIN</activiti:string>\n                    </activiti:field>\n                    <activiti:field name=\"requireInput\">\n                        <activiti:string>false</activiti:string>\n                    </activiti:field>\n                    <activiti:field name=\"nextActions\">\n                        <activiti:string>End Testing,Deny,RFI</activiti:string>\n                    </activiti:field>\n                </activiti:executionListener>\n                <activiti:executionListener event=\"start\" class=\"com.netpace.device.listener.SendNotificationListener\">\n                    <activiti:field name=\"event\">\n                        <activiti:string>PRODUCT_DEVICE_COMPLIANCE_EOT_PENDING</activiti:string>\n                    </activiti:field>\n                </activiti:executionListener>      \n            </extensionElements>\n        </serviceTask>\n        <sequenceFlow sourceRef=\"DeviceComplianceReviewEOT_ST\" targetRef=\"DeviceComplianceReviewEOT\"></sequenceFlow>\n        <userTask id=\"DeviceComplianceReviewEOT\" name=\"DeviceComplianceReviewEOT\">\n            <documentation>\n                DeviceComplianceReviewEOT\n            </documentation>\n        </userTask>\n        <sequenceFlow sourceRef=\"DeviceComplianceReviewEOT\" targetRef=\"DeviceComplianceReviewEOT_ExclusiveGateway\"></sequenceFlow>\n        <exclusiveGateway id=\"DeviceComplianceReviewEOT_ExclusiveGateway\" name=\"DeviceComplianceReviewEOT_ExclusiveGateway\"></exclusiveGateway>\n        \n        \n        <!-- DeviceComplianceReviewEOTRFI -->\n        <sequenceFlow sourceRef=\"DeviceComplianceReviewEOT_ExclusiveGateway\" targetRef=\"DeviceComplianceReviewEOTRFI_ST\">\n            <conditionExpression xsi:type=\"tFormalExpression\"><![CDATA[${decision == \"RFI\"}]]>\n            </conditionExpression>\n        </sequenceFlow>\n        <serviceTask id=\"DeviceComplianceReviewEOTRFI_ST\" name=\"DeviceComplianceReviewEOTRFI_ST\" activiti:delegateExpression=\"${companyApprovalHandler}\">\n            <extensionElements>\n                <activiti:executionListener event=\"start\" class=\"com.netpace.device.listener.UpdateWorkitemListener\">\n                    <activiti:field name=\"step\">\n                        <activiti:string>DeviceComplianceReviewEOT</activiti:string>\n                    </activiti:field>\n                    <activiti:field name=\"status\">\n                        <activiti:string>Processed</activiti:string>\n                    </activiti:field>\n                </activiti:executionListener>\n                <activiti:executionListener event=\"start\" class=\"com.netpace.device.listener.AddWorkitemListener\">\n                    <activiti:field name=\"step\">\n                        <activiti:string>DeviceComplianceReviewEOTRFI</activiti:string>\n                    </activiti:field>\n                    <activiti:field name=\"title\">\n                        <activiti:string>Device Compliance Review EOT RFI</activiti:string>\n                    </activiti:field>\n                    <activiti:field name=\"status\">\n                        <activiti:string>InProgress</activiti:string>\n                    </activiti:field>\n                    <activiti:field name=\"allowedRoles\">\n                        <activiti:string>ROLE_DEVICE_COMPLIANCE,ROLE_SUPER_ADMIN,ROLE_VERIZON_SYSTEM_ADMIN</activiti:string>\n                    </activiti:field>\n                    <activiti:field name=\"requireInput\">\n                        <activiti:string>false</activiti:string>\n                    </activiti:field>\n                    <activiti:field name=\"nextActions\">\n                        <activiti:string>UnRFI</activiti:string>\n                    </activiti:field>\n                </activiti:executionListener>\n                <activiti:executionListener event=\"start\" class=\"com.netpace.device.listener.SendNotificationListener\">\n                    <activiti:field name=\"event\">\n                        <activiti:string>PRODUCT_DEVICE_COMPLIANCE_EOT_RFI</activiti:string>\n                    </activiti:field>\n                </activiti:executionListener>\n            </extensionElements>\n        </serviceTask>\n        <sequenceFlow sourceRef=\"DeviceComplianceReviewEOTRFI_ST\" targetRef=\"DeviceComplianceReviewEOTRFI\"></sequenceFlow>\n        <userTask id=\"DeviceComplianceReviewEOTRFI\" name=\"DeviceComplianceReviewEOTRFI\">\n            <documentation>\n                DeviceComplianceReviewEOTRFI\n            </documentation>\n        </userTask>\n        <sequenceFlow sourceRef=\"DeviceComplianceReviewEOTRFI\" targetRef=\"DeviceComplianceReviewEOTUnRFI_ST\"></sequenceFlow>\n        <serviceTask id=\"DeviceComplianceReviewEOTUnRFI_ST\" name=\"DeviceComplianceReviewEOTUnRFI_ST\" activiti:delegateExpression=\"${companyApprovalHandler}\">\n            <extensionElements>\n                <activiti:executionListener event=\"start\" class=\"com.netpace.device.listener.UpdateWorkitemListener\">\n                    <activiti:field name=\"step\">\n                        <activiti:string>DeviceComplianceReviewEOTRFI</activiti:string>\n                    </activiti:field>\n                    <activiti:field name=\"status\">\n                        <activiti:string>Processed</activiti:string>\n                    </activiti:field>\n                </activiti:executionListener>\n                <activiti:executionListener event=\"start\" class=\"com.netpace.device.listener.SendNotificationListener\">\n                    <activiti:field name=\"event\">\n                        <activiti:string>PRODUCT_DEVICE_COMPLIANCE_EOT_UNRFI</activiti:string>\n                    </activiti:field>\n                </activiti:executionListener>\n            </extensionElements>\n        </serviceTask>\n        <sequenceFlow sourceRef=\"DeviceComplianceReviewEOTUnRFI_ST\" targetRef=\"DeviceComplianceReviewEOT_ST\"></sequenceFlow>\n\n\n        <!-- DeviceComplianceReviewEOTDenied -->\n        <sequenceFlow sourceRef=\"DeviceComplianceReviewEOT_ExclusiveGateway\" targetRef=\"DeviceComplianceReviewEOTDenied_ST\">\n            <conditionExpression xsi:type=\"tFormalExpression\"><![CDATA[${decision == \"Deny\"}]]>\n            </conditionExpression>\n        </sequenceFlow>\n        <serviceTask id=\"DeviceComplianceReviewEOTDenied_ST\" name=\"DeviceComplianceReviewEOTDenied_ST\" activiti:delegateExpression=\"${companyApprovalHandler}\">\n            <extensionElements>\n                <activiti:executionListener event=\"start\" class=\"com.netpace.device.listener.UpdateWorkitemListener\">\n                    <activiti:field name=\"step\">\n                        <activiti:string>DeviceComplianceReviewEOT</activiti:string>\n                    </activiti:field>\n                    <activiti:field name=\"status\">\n                        <activiti:string>Processed</activiti:string>\n                    </activiti:field>\n                </activiti:executionListener>\n                <activiti:executionListener event=\"start\" class=\"com.netpace.device.listener.AddWorkitemListener\">\n                    <activiti:field name=\"step\">\n                        <activiti:string>DeviceComplianceReviewEOTDenied</activiti:string>\n                    </activiti:field>\n                    <activiti:field name=\"title\">\n                        <activiti:string>Device Compliance Review EOT Denied</activiti:string>\n                    </activiti:field>\n                    <activiti:field name=\"status\">\n                        <activiti:string>InProgress</activiti:string>\n                    </activiti:field>\n                    <activiti:field name=\"allowedRoles\">\n                        <activiti:string>ROLE_SUPER_ADMIN</activiti:string>\n                    </activiti:field>\n                    <activiti:field name=\"requireInput\">\n                        <activiti:string>false</activiti:string>\n                    </activiti:field>\n                    <activiti:field name=\"nextActions\">\n                        <activiti:string>UnDeny</activiti:string>\n                    </activiti:field>\n                </activiti:executionListener>\n                <activiti:executionListener event=\"start\" class=\"com.netpace.device.listener.SendNotificationListener\">\n                    <activiti:field name=\"event\">\n                        <activiti:string>PRODUCT_DEVICE_COMPLIANCE_EOT_DENIED</activiti:string>\n                    </activiti:field>\n                </activiti:executionListener>\n            </extensionElements>\n        </serviceTask>\n        <sequenceFlow sourceRef=\"DeviceComplianceReviewEOTDenied_ST\" targetRef=\"DeviceComplianceReviewEOTDenied\"></sequenceFlow>\n        <userTask id=\"DeviceComplianceReviewEOTDenied\" name=\"DeviceComplianceReviewEOTDenied\">\n            <documentation>\n                DeviceComplianceReviewEOTDenied\n            </documentation>\n        </userTask>\n        <sequenceFlow sourceRef=\"DeviceComplianceReviewEOTDenied\" targetRef=\"DeviceComplianceReviewEOTUnDenied_ST\"></sequenceFlow>\n        <serviceTask id=\"DeviceComplianceReviewEOTUnDenied_ST\" name=\"DeviceComplianceReviewEOTUnDenied_ST\" activiti:delegateExpression=\"${companyApprovalHandler}\">\n            <extensionElements>\n                <activiti:executionListener event=\"start\" class=\"com.netpace.device.listener.UpdateWorkitemListener\">\n                    <activiti:field name=\"step\">\n                        <activiti:string>DeviceComplianceReviewEOTDenied</activiti:string>\n                    </activiti:field>\n                    <activiti:field name=\"status\">\n                        <activiti:string>Processed</activiti:string>\n                    </activiti:field>\n                </activiti:executionListener>\n                <activiti:executionListener event=\"start\" class=\"com.netpace.device.listener.SendNotificationListener\">\n                    <activiti:field name=\"event\">\n                        <activiti:string>PRODUCT_DEVICE_COMPLIANCE_EOT_UNDENY</activiti:string>\n                    </activiti:field>\n                </activiti:executionListener>\n            </extensionElements>\n        </serviceTask>\n        <sequenceFlow sourceRef=\"DeviceComplianceReviewEOTUnDenied_ST\" targetRef=\"DeviceComplianceReviewEOT_ST\"></sequenceFlow>\n\n\n        <!-- DeviceComplianceReviewEOTApprove -->\n        <sequenceFlow sourceRef=\"DeviceComplianceReviewEOT_ExclusiveGateway\" targetRef=\"DeviceComplianceReviewEOTApprove_ST\">\n            <conditionExpression xsi:type=\"tFormalExpression\"><![CDATA[${decision == \"End Testing\"}]]>\n            </conditionExpression>\n        </sequenceFlow>\n        <serviceTask id=\"DeviceComplianceReviewEOTApprove_ST\" name=\"DeviceComplianceReviewEOTApprove_ST\" activiti:delegateExpression=\"${companyApprovalHandler}\">\n            <extensionElements>\n                <activiti:executionListener event=\"start\" class=\"com.netpace.device.listener.UpdateWorkitemListener\">\n                    <activiti:field name=\"step\">\n                        <activiti:string>DeviceComplianceReviewEOT</activiti:string>\n                    </activiti:field>\n                    <activiti:field name=\"status\">\n                        <activiti:string>Processed</activiti:string>\n                    </activiti:field>\n                </activiti:executionListener>\n                <activiti:executionListener event=\"start\" class=\"com.netpace.device.listener.SendNotificationListener\">\n                    <activiti:field name=\"event\">\n                        <activiti:string>PRODUCT_DEVICE_COMPLIANCE_EOT_END_TESTING</activiti:string>\n                    </activiti:field>\n                </activiti:executionListener>\n            </extensionElements>\n        </serviceTask>\n        <sequenceFlow sourceRef=\"DeviceComplianceReviewEOTApprove_ST\" targetRef=\"UploadPDFofSampleProduct_InclusiveGateway\"></sequenceFlow>\n        <!-- DeviceComplianceReviewEOT End -->\n        \n        \n        <!-- UploadPDFofSampleProduct Parallel Gateway -->\n        <parallelGateway id=\"UploadPDFofSampleProduct_InclusiveGateway\" />\n        <sequenceFlow sourceRef=\"UploadPDFofSampleProduct_InclusiveGateway\" targetRef=\"UploadPDFofSampleProduct_ST\"></sequenceFlow>\n        \n        \n        <!-- UploadPDFofSampleProduct Start -->\n        <serviceTask id=\"UploadPDFofSampleProduct_ST\" name=\"UploadPDFofSampleProduct_ST\" activiti:delegateExpression=\"${companyApprovalHandler}\">\n            <extensionElements>\n                <activiti:executionListener event=\"start\" class=\"com.netpace.device.listener.AddWorkitemListener\">\n                    <activiti:field name=\"step\">\n                        <activiti:string>UploadPDFofSampleProduct</activiti:string>\n                    </activiti:field>\n                    <activiti:field name=\"title\">\n                        <activiti:string>Upload PDF of Sample Product</activiti:string>\n                    </activiti:field>\n                    <activiti:field name=\"status\">\n                        <activiti:string>InProgress</activiti:string>\n                    </activiti:field>\n                    <activiti:field name=\"allowedRoles\">\n                        <activiti:string>ROLE_PARTNER_USER,ROLE_SUPER_ADMIN</activiti:string>\n                    </activiti:field>\n                    <activiti:field name=\"requireInput\">\n                        <activiti:string>true</activiti:string>\n                    </activiti:field>\n                    <activiti:field name=\"nextActions\">\n                        <activiti:string>Submit to Verizon</activiti:string>\n                    </activiti:field>\n                </activiti:executionListener>\n                <activiti:executionListener event=\"start\" class=\"com.netpace.device.listener.SendNotificationListener\">\n                    <activiti:field name=\"event\">\n                        <activiti:string>PRODUCT_UPLOAD_PDF_OF_SAMPLE_PRODUCT_PENDING</activiti:string>\n                    </activiti:field>\n                </activiti:executionListener>      \n            </extensionElements>\n        </serviceTask>\n        <sequenceFlow sourceRef=\"UploadPDFofSampleProduct_ST\" targetRef=\"UploadPDFofSampleProduct\"></sequenceFlow>\n        <userTask id=\"UploadPDFofSampleProduct\" name=\"UploadPDFofSampleProduct\">\n            <documentation>\n                UploadPDFofSampleProduct\n            </documentation>\n        </userTask>\n        <sequenceFlow sourceRef=\"UploadPDFofSampleProduct\" targetRef=\"UploadPDFofSampleProduct_ExclusiveGateway\"></sequenceFlow>\n        <exclusiveGateway id=\"UploadPDFofSampleProduct_ExclusiveGateway\" name=\"UploadPDFofSampleProduct_ExclusiveGateway\"/>\n\n\n        <!-- UploadPDFofSampleProductApprove Flow -->\n        <sequenceFlow sourceRef=\"UploadPDFofSampleProduct_ExclusiveGateway\" targetRef=\"UploadPDFofSampleProductApprove_ST\">\n            <conditionExpression xsi:type=\"tFormalExpression\"><![CDATA[${decision == \"Submit to Verizon\"}]]>\n            </conditionExpression>\n        </sequenceFlow>\n        <serviceTask id=\"UploadPDFofSampleProductApprove_ST\" name=\"UploadPDFofSampleProductApprove_ST\" activiti:delegateExpression=\"${companyApprovalHandler}\">\n            <extensionElements>\n                <activiti:executionListener event=\"start\" class=\"com.netpace.device.listener.UpdateWorkitemListener\">\n                    <activiti:field name=\"step\">\n                        <activiti:string>UploadPDFofSampleProduct</activiti:string>\n                    </activiti:field>\n                    <activiti:field name=\"status\">\n                        <activiti:string>Processed</activiti:string>\n                    </activiti:field>\n                </activiti:executionListener>\n                <activiti:executionListener event=\"start\" class=\"com.netpace.device.listener.SendNotificationListener\">\n                    <activiti:field name=\"event\">\n                        <activiti:string>PRODUCT_UPLOAD_PDF_OF_SAMPLE_PRODUCT_SUBMITTED</activiti:string>\n                    </activiti:field>\n                </activiti:executionListener>\n            </extensionElements>\n        </serviceTask>\n        <sequenceFlow sourceRef=\"UploadPDFofSampleProductApprove_ST\" targetRef=\"DeviceMarketingFinalReview_ST\"></sequenceFlow>\n        <!-- UploadPDFofSampleProduct End -->\n\n\n        <!-- DeviceMarketingFinalReview Start -->\n        <serviceTask id=\"DeviceMarketingFinalReview_ST\" name=\"DeviceMarketingFinalReview_ST\" activiti:delegateExpression=\"${companyApprovalHandler}\">\n            <extensionElements>\n                <activiti:executionListener event=\"start\" class=\"com.netpace.device.listener.AddWorkitemListener\">\n                    <activiti:field name=\"step\">\n                        <activiti:string>DeviceMarketingFinalReview</activiti:string>\n                    </activiti:field>\n                    <activiti:field name=\"title\">\n                        <activiti:string>Device Marketing Final Review</activiti:string>\n                    </activiti:field>\n                    <activiti:field name=\"status\">\n                        <activiti:string>InProgress</activiti:string>\n                    </activiti:field>\n                    <activiti:field name=\"allowedRoles\">\n                        <activiti:string>ROLE_DEVICE_MARKETING,ROLE_SUPER_ADMIN,ROLE_VERIZON_SYSTEM_ADMIN</activiti:string>\n                    </activiti:field>\n                    <activiti:field name=\"requireInput\">\n                        <activiti:string>false</activiti:string>\n                    </activiti:field>\n                    <activiti:field name=\"nextActions\">\n                        <activiti:string>Approve,Deny,RFI</activiti:string>\n                    </activiti:field>\n                </activiti:executionListener>\n                <activiti:executionListener event=\"start\" class=\"com.netpace.device.listener.SendNotificationListener\">\n                    <activiti:field name=\"event\">\n                        <activiti:string>PRODUCT_DEVICE_MARKETING_FINAL_REVIEW_PENDING</activiti:string>\n                    </activiti:field>\n                </activiti:executionListener>      \n            </extensionElements>\n        </serviceTask>\n        <sequenceFlow sourceRef=\"DeviceMarketingFinalReview_ST\" targetRef=\"DeviceMarketingFinalReview\"></sequenceFlow>\n        <userTask id=\"DeviceMarketingFinalReview\" name=\"DeviceMarketingFinalReview\">\n            <documentation>\n                DeviceMarketingFinalReview\n            </documentation>\n        </userTask>\n        <sequenceFlow sourceRef=\"DeviceMarketingFinalReview\" targetRef=\"DeviceMarketingFinalReview_ExclusiveGateway\"></sequenceFlow>\n        <exclusiveGateway id=\"DeviceMarketingFinalReview_ExclusiveGateway\" name=\"DeviceMarketingFinalReview_ExclusiveGateway\"></exclusiveGateway>\n        \n        \n        <!-- DeviceMarketingFinalReviewRFI -->\n        <sequenceFlow sourceRef=\"DeviceMarketingFinalReview_ExclusiveGateway\" targetRef=\"DeviceMarketingFinalReviewRFI_ST\">\n            <conditionExpression xsi:type=\"tFormalExpression\"><![CDATA[${decision == \"RFI\"}]]>\n            </conditionExpression>\n        </sequenceFlow>\n        <serviceTask id=\"DeviceMarketingFinalReviewRFI_ST\" name=\"DeviceMarketingFinalReviewRFI_ST\" activiti:delegateExpression=\"${companyApprovalHandler}\">\n            <extensionElements>\n                <activiti:executionListener event=\"start\" class=\"com.netpace.device.listener.UpdateWorkitemListener\">\n                    <activiti:field name=\"step\">\n                        <activiti:string>DeviceMarketingFinalReview</activiti:string>\n                    </activiti:field>\n                    <activiti:field name=\"status\">\n                        <activiti:string>Processed</activiti:string>\n                    </activiti:field>\n                </activiti:executionListener>\n                <activiti:executionListener event=\"start\" class=\"com.netpace.device.listener.AddWorkitemListener\">\n                    <activiti:field name=\"step\">\n                        <activiti:string>DeviceMarketingFinalReviewRFI</activiti:string>\n                    </activiti:field>\n                    <activiti:field name=\"title\">\n                        <activiti:string>Device Marketing Final Review RFI</activiti:string>\n                    </activiti:field>\n                    <activiti:field name=\"status\">\n                        <activiti:string>InProgress</activiti:string>\n                    </activiti:field>\n                    <activiti:field name=\"allowedRoles\">\n                        <activiti:string>ROLE_DEVICE_MARKETING,ROLE_SUPER_ADMIN,ROLE_VERIZON_SYSTEM_ADMIN</activiti:string>\n                    </activiti:field>\n                    <activiti:field name=\"requireInput\">\n                        <activiti:string>false</activiti:string>\n                    </activiti:field>\n                    <activiti:field name=\"nextActions\">\n                        <activiti:string>UnRFI</activiti:string>\n                    </activiti:field>\n                </activiti:executionListener>\n                <activiti:executionListener event=\"start\" class=\"com.netpace.device.listener.SendNotificationListener\">\n                    <activiti:field name=\"event\">\n                        <activiti:string>PRODUCT_DEVICE_MARKETING_FINAL_REVIEW_RFI</activiti:string>\n                    </activiti:field>\n                </activiti:executionListener>\n            </extensionElements>\n        </serviceTask>\n        <sequenceFlow sourceRef=\"DeviceMarketingFinalReviewRFI_ST\" targetRef=\"DeviceMarketingFinalReviewRFI\"></sequenceFlow>\n        <userTask id=\"DeviceMarketingFinalReviewRFI\" name=\"DeviceMarketingFinalReviewRFI\">\n            <documentation>\n                DeviceMarketingFinalReviewRFI\n            </documentation>\n        </userTask>\n        <sequenceFlow sourceRef=\"DeviceMarketingFinalReviewRFI\" targetRef=\"DeviceMarketingFinalReviewUnRFI_ST\"></sequenceFlow>\n        <serviceTask id=\"DeviceMarketingFinalReviewUnRFI_ST\" name=\"DeviceMarketingFinalReviewUnRFI_ST\" activiti:delegateExpression=\"${companyApprovalHandler}\">\n            <extensionElements>\n                <activiti:executionListener event=\"start\" class=\"com.netpace.device.listener.UpdateWorkitemListener\">\n                    <activiti:field name=\"step\">\n                        <activiti:string>DeviceMarketingFinalReviewRFI</activiti:string>\n                    </activiti:field>\n                    <activiti:field name=\"status\">\n                        <activiti:string>Processed</activiti:string>\n                    </activiti:field>\n                </activiti:executionListener>\n                <activiti:executionListener event=\"start\" class=\"com.netpace.device.listener.SendNotificationListener\">\n                    <activiti:field name=\"event\">\n                        <activiti:string>PRODUCT_DEVICE_MARKETING_FINAL_REVIEW_UNRFI</activiti:string>\n                    </activiti:field>\n                </activiti:executionListener>\n            </extensionElements>\n        </serviceTask>\n        <sequenceFlow sourceRef=\"DeviceMarketingFinalReviewUnRFI_ST\" targetRef=\"DeviceMarketingFinalReview_ST\"></sequenceFlow>\n\n\n        <!-- DeviceMarketingFinalReviewDenied -->\n        <sequenceFlow sourceRef=\"DeviceMarketingFinalReview_ExclusiveGateway\" targetRef=\"DeviceMarketingFinalReviewDenied_ST\">\n            <conditionExpression xsi:type=\"tFormalExpression\"><![CDATA[${decision == \"Deny\"}]]>\n            </conditionExpression>\n        </sequenceFlow>\n        <serviceTask id=\"DeviceMarketingFinalReviewDenied_ST\" name=\"DeviceMarketingFinalReviewDenied_ST\" activiti:delegateExpression=\"${companyApprovalHandler}\">\n            <extensionElements>\n                <activiti:executionListener event=\"start\" class=\"com.netpace.device.listener.UpdateWorkitemListener\">\n                    <activiti:field name=\"step\">\n                        <activiti:string>DeviceMarketingFinalReview</activiti:string>\n                    </activiti:field>\n                    <activiti:field name=\"status\">\n                        <activiti:string>Processed</activiti:string>\n                    </activiti:field>\n                </activiti:executionListener>\n                <activiti:executionListener event=\"start\" class=\"com.netpace.device.listener.AddWorkitemListener\">\n                    <activiti:field name=\"step\">\n                        <activiti:string>DeviceMarketingFinalReviewDenied</activiti:string>\n                    </activiti:field>\n                    <activiti:field name=\"title\">\n                        <activiti:string>Device Marketing Final Review Denied</activiti:string>\n                    </activiti:field>\n                    <activiti:field name=\"status\">\n                        <activiti:string>InProgress</activiti:string>\n                    </activiti:field>\n                    <activiti:field name=\"allowedRoles\">\n                        <activiti:string>ROLE_SUPER_ADMIN</activiti:string>\n                    </activiti:field>\n                    <activiti:field name=\"requireInput\">\n                        <activiti:string>false</activiti:string>\n                    </activiti:field>\n                    <activiti:field name=\"nextActions\">\n                        <activiti:string>UnDeny</activiti:string>\n                    </activiti:field>\n                </activiti:executionListener>\n                <activiti:executionListener event=\"start\" class=\"com.netpace.device.listener.SendNotificationListener\">\n                    <activiti:field name=\"event\">\n                        <activiti:string>PRODUCT_DEVICE_MARKETING_FINAL_REVIEW_DENIED</activiti:string>\n                    </activiti:field>\n                </activiti:executionListener>\n            </extensionElements>\n        </serviceTask>\n        <sequenceFlow sourceRef=\"DeviceMarketingFinalReviewDenied_ST\" targetRef=\"DeviceMarketingFinalReviewDenied\"></sequenceFlow>\n        <userTask id=\"DeviceMarketingFinalReviewDenied\" name=\"DeviceMarketingFinalReviewDenied\">\n            <documentation>\n                DeviceMarketingFinalReviewDenied\n            </documentation>\n        </userTask>\n        <sequenceFlow sourceRef=\"DeviceMarketingFinalReviewDenied\" targetRef=\"DeviceMarketingFinalReviewUnDenied_ST\"></sequenceFlow>\n        <serviceTask id=\"DeviceMarketingFinalReviewUnDenied_ST\" name=\"DeviceMarketingFinalReviewUnDenied_ST\" activiti:delegateExpression=\"${companyApprovalHandler}\">\n            <extensionElements>\n                <activiti:executionListener event=\"start\" class=\"com.netpace.device.listener.UpdateWorkitemListener\">\n                    <activiti:field name=\"step\">\n                        <activiti:string>DeviceMarketingFinalReviewDenied</activiti:string>\n                    </activiti:field>\n                    <activiti:field name=\"status\">\n                        <activiti:string>Processed</activiti:string>\n                    </activiti:field>\n                </activiti:executionListener>\n                <activiti:executionListener event=\"start\" class=\"com.netpace.device.listener.SendNotificationListener\">\n                    <activiti:field name=\"event\">\n                        <activiti:string>PRODUCT_DEVICE_MARKETING_FINAL_REVIEW_UNDENY</activiti:string>\n                    </activiti:field>\n                </activiti:executionListener>\n            </extensionElements>\n        </serviceTask>\n        <sequenceFlow sourceRef=\"DeviceMarketingFinalReviewUnDenied_ST\" targetRef=\"DeviceMarketingFinalReview_ST\"></sequenceFlow>\n\n\n        <!-- DeviceMarketingFinalReviewApprove -->\n        <sequenceFlow sourceRef=\"DeviceMarketingFinalReview_ExclusiveGateway\" targetRef=\"DeviceMarketingFinalReviewApprove_ST\">\n            <conditionExpression xsi:type=\"tFormalExpression\"><![CDATA[${decision == \"Approve\"}]]>\n            </conditionExpression>\n        </sequenceFlow>\n        <serviceTask id=\"DeviceMarketingFinalReviewApprove_ST\" name=\"DeviceMarketingFinalReviewApprove_ST\" activiti:delegateExpression=\"${companyApprovalHandler}\">\n            <extensionElements>\n                <activiti:executionListener event=\"start\" class=\"com.netpace.device.listener.UpdateWorkitemListener\">\n                    <activiti:field name=\"step\">\n                        <activiti:string>DeviceMarketingFinalReview</activiti:string>\n                    </activiti:field>\n                    <activiti:field name=\"status\">\n                        <activiti:string>Processed</activiti:string>\n                    </activiti:field>\n                </activiti:executionListener>\n                <activiti:executionListener event=\"start\" class=\"com.netpace.device.listener.SendNotificationListener\">\n                    <activiti:field name=\"event\">\n                        <activiti:string>PRODUCT_DEVICE_MARKETING_FINAL_REVIEW_APPROVED</activiti:string>\n                    </activiti:field>\n                </activiti:executionListener>\n            </extensionElements>\n        </serviceTask>\n        <sequenceFlow sourceRef=\"DeviceMarketingFinalReviewApprove_ST\" targetRef=\"Approved_ST\"></sequenceFlow>\n        <!-- DeviceMarketingFinalReview End -->\n        \n        \n        <serviceTask id=\"Approved_ST\" name=\"Approved_ST\" activiti:delegateExpression=\"${companyApprovalHandler}\">\n            <extensionElements>\n                <activiti:executionListener event=\"start\" class=\"com.netpace.device.listener.AddWorkitemListener\">\n                    <activiti:field name=\"step\">\n                        <activiti:string>Approved</activiti:string>\n                    </activiti:field>\n                    <activiti:field name=\"status\">\n                        <activiti:string>Processed</activiti:string>\n                    </activiti:field>\n                    <activiti:field name=\"allowedRoles\">\n                        <activiti:string>ROLE_SUPER_ADMIN</activiti:string>\n                    </activiti:field>\n                    <activiti:field name=\"requireInput\">\n                        <activiti:string>false</activiti:string>\n                    </activiti:field>\n                    <activiti:field name=\"nextActions\">\n                        <activiti:string> </activiti:string>\n                    </activiti:field>\n                </activiti:executionListener>\n                <activiti:executionListener event=\"start\" class=\"com.netpace.device.listener.SendNotificationListener\">\n                    <activiti:field name=\"event\">\n                        <activiti:string>PRODUCT_APPROVED</activiti:string>\n                    </activiti:field>\n                </activiti:executionListener>      \n            </extensionElements>\n        </serviceTask>\n        <sequenceFlow sourceRef=\"Approved_ST\" targetRef=\"End\"></sequenceFlow>\n        <endEvent id=\"End\" name=\"End\"></endEvent>\n        \n    </process>\n  \n</definitions>'),('402',1,'/usr/java/vsap/QA1/apache-tomcat-7.0.42/webapps/device/WEB-INF/classes/ProductApprovalWorkflow.bpmn20.xml','401','<?xml version=\"1.0\" encoding=\"UTF-8\"?>\n<definitions xmlns=\"http://www.omg.org/spec/BPMN/20100524/MODEL\" \n             xmlns:xsi=\"http://www.w3.org/2001/XMLSchema-instance\" \n             xmlns:activiti=\"http://activiti.org/bpmn\" \n             xmlns:bpmndi=\"http://www.omg.org/spec/BPMN/20100524/DI\" \n             xmlns:omgdc=\"http://www.omg.org/spec/DD/20100524/DC\" \n             xmlns:omgdi=\"http://www.omg.org/spec/DD/20100524/DI\" \n             typeLanguage=\"http://www.w3.org/2001/XMLSchema\" \n             expressionLanguage=\"http://www.w3.org/1999/XPath\" \n             targetNamespace=\"http://www.activiti.org/test\">\n    <process id=\"VAP_Product_Approval_Process\" name=\"VAP Product Approval Process\" isExecutable=\"true\">\n        <startEvent id=\"Start\" name=\"Start\"></startEvent>\n        \n        \n        <!-- DeviceMarketingReview Start -->\n        <sequenceFlow sourceRef=\"Start\" targetRef=\"DeviceMarketingReview_ST\"></sequenceFlow>\n        <serviceTask id=\"DeviceMarketingReview_ST\" name=\"DeviceMarketingReview_ST\" activiti:delegateExpression=\"${companyApprovalHandler}\">\n            <extensionElements>\n                <activiti:executionListener event=\"start\" class=\"com.netpace.device.listener.AddWorkitemListener\">\n                    <activiti:field name=\"step\">\n                        <activiti:string>DeviceMarketingReview</activiti:string>\n                    </activiti:field>\n                    <activiti:field name=\"title\">\n                        <activiti:string>Device Marketing Review</activiti:string>\n                    </activiti:field>\n                    <activiti:field name=\"status\">\n                        <activiti:string>InProgress</activiti:string>\n                    </activiti:field>\n                    <activiti:field name=\"allowedRoles\">\n                        <activiti:string>ROLE_DEVICE_MARKETING,ROLE_SUPER_ADMIN,ROLE_VERIZON_SYSTEM_ADMIN</activiti:string>\n                    </activiti:field>\n                    <activiti:field name=\"requireInput\">\n                        <activiti:string>true</activiti:string>\n                    </activiti:field>\n                    <activiti:field name=\"nextActions\">\n                        <activiti:string>Approve,Deny,RFI</activiti:string>\n                    </activiti:field>\n                </activiti:executionListener>\n                <activiti:executionListener event=\"start\" class=\"com.netpace.device.listener.SendNotificationListener\">\n                    <activiti:field name=\"event\">\n                        <activiti:string>PRODUCT_DEVICE_MARKETING_REVIEW_PENDING</activiti:string>\n                    </activiti:field>\n                </activiti:executionListener>      \n            </extensionElements>\n        </serviceTask>\n        <sequenceFlow sourceRef=\"DeviceMarketingReview_ST\" targetRef=\"DeviceMarketingReview\"></sequenceFlow>\n        <userTask id=\"DeviceMarketingReview\" name=\"DeviceMarketingReview\">\n            <documentation>\n                DeviceMarketingReview\n            </documentation>\n        </userTask>\n        <sequenceFlow sourceRef=\"DeviceMarketingReview\" targetRef=\"DeviceMarketingReview_ExclusiveGateway\"></sequenceFlow>\n        <exclusiveGateway id=\"DeviceMarketingReview_ExclusiveGateway\" name=\"MR ExclusiveGateway\"></exclusiveGateway>\n        \n        \n        <!-- DeviceMarketingDenied -->\n        <sequenceFlow sourceRef=\"DeviceMarketingReview_ExclusiveGateway\" targetRef=\"DeviceMarketingDenied_ST\">\n            <conditionExpression xsi:type=\"tFormalExpression\"><![CDATA[${decision == \"Deny\"}]]>\n            </conditionExpression>\n        </sequenceFlow>\n        <serviceTask id=\"DeviceMarketingDenied_ST\" name=\"DeviceMarketingDenied_ST\" activiti:delegateExpression=\"${companyApprovalHandler}\">\n            <extensionElements>\n                <activiti:executionListener event=\"start\" class=\"com.netpace.device.listener.UpdateWorkitemListener\">\n                    <activiti:field name=\"step\">\n                        <activiti:string>DeviceMarketingReview</activiti:string>\n                    </activiti:field>\n                    <activiti:field name=\"status\">\n                        <activiti:string>Processed</activiti:string>\n                    </activiti:field>\n                </activiti:executionListener>\n                <activiti:executionListener event=\"start\" class=\"com.netpace.device.listener.AddWorkitemListener\">\n                    <activiti:field name=\"step\">\n                        <activiti:string>DeviceMarketingReviewDenied</activiti:string>\n                    </activiti:field>\n                    <activiti:field name=\"title\">\n                        <activiti:string>Device Marketing Review Denied</activiti:string>\n                    </activiti:field>\n                    <activiti:field name=\"status\">\n                        <activiti:string>InProgress</activiti:string>\n                    </activiti:field>\n                    <activiti:field name=\"allowedRoles\">\n                        <activiti:string>ROLE_SUPER_ADMIN</activiti:string>\n                    </activiti:field>\n                    <activiti:field name=\"requireInput\">\n                        <activiti:string>false</activiti:string>\n                    </activiti:field>\n                    <activiti:field name=\"nextActions\">\n                        <activiti:string>UnDeny</activiti:string>\n                    </activiti:field>\n                </activiti:executionListener>\n                <activiti:executionListener event=\"start\" class=\"com.netpace.device.listener.SendNotificationListener\">\n                    <activiti:field name=\"event\">\n                        <activiti:string>PRODUCT_DEVICE_MARKETING_REVIEW_DENIED</activiti:string>\n                    </activiti:field>\n                </activiti:executionListener>      \n            </extensionElements>\n        </serviceTask>\n        <sequenceFlow sourceRef=\"DeviceMarketingDenied_ST\" targetRef=\"DeviceMarketingReviewDenied\"></sequenceFlow>\n        <userTask id=\"DeviceMarketingReviewDenied\" name=\"DeviceMarketingReviewDenied\">\n            <documentation>\n                DeviceMarketingReviewDenied\n            </documentation>\n        </userTask>\n        <sequenceFlow sourceRef=\"DeviceMarketingReviewDenied\" targetRef=\"DeviceMarketingUnDenied_ST\"></sequenceFlow>\n        <serviceTask id=\"DeviceMarketingUnDenied_ST\" name=\"DeviceMarketingUnDenied_ST\" activiti:delegateExpression=\"${companyApprovalHandler}\">\n            <extensionElements>\n                <activiti:executionListener event=\"start\" class=\"com.netpace.device.listener.UpdateWorkitemListener\">\n                    <activiti:field name=\"step\">\n                        <activiti:string>DeviceMarketingReviewDenied</activiti:string>\n                    </activiti:field>\n                    <activiti:field name=\"status\">\n                        <activiti:string>Processed</activiti:string>\n                    </activiti:field>\n                </activiti:executionListener>\n                <activiti:executionListener event=\"start\" class=\"com.netpace.device.listener.SendNotificationListener\">\n                    <activiti:field name=\"event\">\n                        <activiti:string>PRODUCT_DEVICE_MARKETING_REVIEW_UNDENY</activiti:string>\n                    </activiti:field>\n                </activiti:executionListener>      \n            </extensionElements>\n        </serviceTask>\n        <sequenceFlow sourceRef=\"DeviceMarketingUnDenied_ST\" targetRef=\"DeviceMarketingReview_ST\"></sequenceFlow>\n        \n        \n        <!-- DeviceMarketingRFI Flow -->\n        <sequenceFlow sourceRef=\"DeviceMarketingReview_ExclusiveGateway\" targetRef=\"DeviceMarketingRFI_ST\">\n            <conditionExpression xsi:type=\"tFormalExpression\"><![CDATA[${decision == \"RFI\"}]]>\n            </conditionExpression>\n        </sequenceFlow>\n        <serviceTask id=\"DeviceMarketingRFI_ST\" name=\"DeviceMarketingRFI_ST\" activiti:delegateExpression=\"${companyApprovalHandler}\">\n            <extensionElements>\n                <activiti:executionListener event=\"start\" class=\"com.netpace.device.listener.UpdateWorkitemListener\">\n                    <activiti:field name=\"step\">\n                        <activiti:string>DeviceMarketingReview</activiti:string>\n                    </activiti:field>\n                    <activiti:field name=\"status\">\n                        <activiti:string>Processed</activiti:string>\n                    </activiti:field>\n                </activiti:executionListener>\n                <activiti:executionListener event=\"start\" class=\"com.netpace.device.listener.AddWorkitemListener\">\n                    <activiti:field name=\"step\">\n                        <activiti:string>DeviceMarketingReviewRFI</activiti:string>\n                    </activiti:field>\n                    <activiti:field name=\"title\">\n                        <activiti:string>Device Marketing Review RFI</activiti:string>\n                    </activiti:field>\n                    <activiti:field name=\"status\">\n                        <activiti:string>InProgress</activiti:string>\n                    </activiti:field>\n                    <activiti:field name=\"allowedRoles\">\n                        <activiti:string>ROLE_DEVICE_MARKETING,ROLE_SUPER_ADMIN,ROLE_VERIZON_SYSTEM_ADMIN</activiti:string>\n                    </activiti:field>\n                    <activiti:field name=\"requireInput\">\n                        <activiti:string>false</activiti:string>\n                    </activiti:field>\n                    <activiti:field name=\"nextActions\">\n                        <activiti:string>UnRFI</activiti:string>\n                    </activiti:field>\n                </activiti:executionListener>\n                <activiti:executionListener event=\"start\" class=\"com.netpace.device.listener.SendNotificationListener\">\n                    <activiti:field name=\"event\">\n                        <activiti:string>PRODUCT_DEVICE_MARKETING_REVIEW_RFI</activiti:string>\n                    </activiti:field>\n                </activiti:executionListener>      \n            </extensionElements>\n        </serviceTask>\n        <sequenceFlow sourceRef=\"DeviceMarketingRFI_ST\" targetRef=\"DeviceMarketingReviewRFI\"></sequenceFlow>\n        <userTask id=\"DeviceMarketingReviewRFI\" name=\"DeviceMarketingReviewRFI\">\n            <documentation>\n                DeviceMarketingReviewRFI\n            </documentation>\n        </userTask>\n        <sequenceFlow sourceRef=\"DeviceMarketingReviewRFI\" targetRef=\"DeviceMarketingReviewUnRFI_ST\"></sequenceFlow>\n        <serviceTask id=\"DeviceMarketingReviewUnRFI_ST\" name=\"DeviceMarketingReviewUnRFI_ST\" activiti:delegateExpression=\"${companyApprovalHandler}\">\n            <extensionElements>\n                <activiti:executionListener event=\"start\" class=\"com.netpace.device.listener.UpdateWorkitemListener\">\n                    <activiti:field name=\"step\">\n                        <activiti:string>DeviceMarketingReviewRFI</activiti:string>\n                    </activiti:field>\n                    <activiti:field name=\"status\">\n                        <activiti:string>Processed</activiti:string>\n                    </activiti:field>\n                </activiti:executionListener>\n                <activiti:executionListener event=\"start\" class=\"com.netpace.device.listener.SendNotificationListener\">\n                    <activiti:field name=\"event\">\n                        <activiti:string>PRODUCT_DEVICE_MARKETING_REVIEW_UNRFI</activiti:string>\n                    </activiti:field>\n                </activiti:executionListener>      \n            </extensionElements>\n        </serviceTask>\n        <sequenceFlow sourceRef=\"DeviceMarketingReviewUnRFI_ST\" targetRef=\"DeviceMarketingReview_ST\"></sequenceFlow>\n        \n        \n        <!-- DeviceMarketingApprove -->\n        <sequenceFlow sourceRef=\"DeviceMarketingReview_ExclusiveGateway\" targetRef=\"DeviceMarketingReviewApprove_ST\">\n            <conditionExpression xsi:type=\"tFormalExpression\"><![CDATA[${decision == \"Approve\"}]]>\n            </conditionExpression>\n        </sequenceFlow>\n        <serviceTask id=\"DeviceMarketingReviewApprove_ST\" name=\"DeviceMarketingReviewApprove_ST\" activiti:delegateExpression=\"${companyApprovalHandler}\">\n            <extensionElements>\n                <activiti:executionListener event=\"start\" class=\"com.netpace.device.listener.UpdateWorkitemListener\">\n                    <activiti:field name=\"step\">\n                        <activiti:string>DeviceMarketingReview</activiti:string>\n                    </activiti:field>\n                    <activiti:field name=\"status\">\n                        <activiti:string>Processed</activiti:string>\n                    </activiti:field>\n                </activiti:executionListener>\n            </extensionElements>\n        </serviceTask>\n        <sequenceFlow sourceRef=\"DeviceMarketingReviewApprove_ST\" targetRef=\"DeviceMarketingReviewApprove_ExclusiveGateway\"></sequenceFlow>\n        <!-- DeviceMarketingReview End -->\n        \n\n        <!-- DeviceMarketingReviewApprove Start -->\n        <exclusiveGateway id=\"DeviceMarketingReviewApprove_ExclusiveGateway\" name=\"DeviceMarketingReviewApprove_ExclusiveGateway\"></exclusiveGateway>\n        \n        \n        <!-- DeviceMarketingConceptApproved -->\n        <sequenceFlow sourceRef=\"DeviceMarketingReviewApprove_ExclusiveGateway\" targetRef=\"DeviceMarketingConceptApproved_ST\">\n            <conditionExpression xsi:type=\"tFormalExpression\"><![CDATA[${productSubmissionType == \"Concept (no physical product available at this time)\"}]]>\n            </conditionExpression>\n        </sequenceFlow>\n        <serviceTask id=\"DeviceMarketingConceptApproved_ST\" name=\"DeviceMarketingConceptApproved_ST\" activiti:delegateExpression=\"${companyApprovalHandler}\">\n            <extensionElements>\n                <activiti:executionListener event=\"start\" class=\"com.netpace.device.listener.AddWorkitemListener\">\n                    <activiti:field name=\"step\">\n                        <activiti:string>DeviceMarketingConceptApproved</activiti:string>\n                    </activiti:field>\n                    <activiti:field name=\"title\">\n                        <activiti:string>Concept Approved</activiti:string>\n                    </activiti:field>\n                    <activiti:field name=\"status\">\n                        <activiti:string>InProgress</activiti:string>\n                    </activiti:field>\n                    <activiti:field name=\"allowedRoles\">\n                        <activiti:string>ROLE_SUPER_ADMIN</activiti:string>\n                    </activiti:field>\n                    <activiti:field name=\"requireInput\">\n                        <activiti:string>false</activiti:string>\n                    </activiti:field>\n                    <activiti:field name=\"nextActions\">\n                        <activiti:string>Change Product Type</activiti:string>\n                    </activiti:field>\n                </activiti:executionListener>\n                <activiti:executionListener event=\"start\" class=\"com.netpace.device.listener.SendNotificationListener\">\n                    <activiti:field name=\"event\">\n                        <activiti:string>PRODUCT_TYPE_CONCEPT_APPROVED_PENDING</activiti:string>\n                    </activiti:field>\n                </activiti:executionListener>      \n            </extensionElements>\n        </serviceTask>\n        <sequenceFlow sourceRef=\"DeviceMarketingConceptApproved_ST\" targetRef=\"DeviceMarketingConceptApproved\"></sequenceFlow>\n        <userTask id=\"DeviceMarketingConceptApproved\" name=\"DeviceMarketingConceptApproved\">\n            <documentation>\n                Device Marketing Concept Approved\n            </documentation>\n        </userTask>\n        <sequenceFlow sourceRef=\"DeviceMarketingConceptApproved\" targetRef=\"ProductTypeChanged_ST\"></sequenceFlow>\n        <serviceTask id=\"ProductTypeChanged_ST\" name=\"ProductTypeChanged_ST\" activiti:delegateExpression=\"${companyApprovalHandler}\">\n            <extensionElements>\n                <activiti:executionListener event=\"start\" class=\"com.netpace.device.listener.UpdateWorkitemListener\">\n                    <activiti:field name=\"step\">\n                        <activiti:string>DeviceMarketingConceptApproved</activiti:string>\n                    </activiti:field>\n                    <activiti:field name=\"status\">\n                        <activiti:string>Processed</activiti:string>\n                    </activiti:field>\n                </activiti:executionListener>\n                <activiti:executionListener event=\"start\" class=\"com.netpace.device.listener.SendNotificationListener\">\n                    <activiti:field name=\"event\">\n                        <activiti:string>PRODUCT_TYPE_CONCEPT_CHANGED</activiti:string>\n                    </activiti:field>\n                </activiti:executionListener>      \n            </extensionElements>\n        </serviceTask>\n        <sequenceFlow sourceRef=\"ProductTypeChanged_ST\" targetRef=\"SubmissionTypeProduct_ST\"></sequenceFlow>\n        \n        \n        <!-- DeviceMarketingSubmissionTypeProduct -->\n        <sequenceFlow sourceRef=\"DeviceMarketingReviewApprove_ExclusiveGateway\" targetRef=\"SubmissionTypeProduct_ST\">\n            <conditionExpression xsi:type=\"tFormalExpression\"><![CDATA[${productSubmissionType == \"Product (existing physical product)\"}]]>\n            </conditionExpression>\n        </sequenceFlow>\n        <serviceTask id=\"SubmissionTypeProduct_ST\" name=\"SubmissionTypeProduct_ST\" activiti:delegateExpression=\"${companyApprovalHandler}\">\n            <extensionElements>\n                <activiti:executionListener event=\"start\" class=\"com.netpace.device.listener.SendNotificationListener\">\n                    <activiti:field name=\"event\">\n                        <activiti:string>PRODUCT_DEVICE_MARKETING_REVIEW_APPROVED</activiti:string>\n                    </activiti:field>\n                </activiti:executionListener>      \n            </extensionElements>\n        </serviceTask>\n        <sequenceFlow sourceRef=\"SubmissionTypeProduct_ST\" targetRef=\"DeviceMarketingReviewApprove_ParallelGateway\"></sequenceFlow>\n        \n        \n        <!-- DeviceMarketingReviewApprove Parallel Gateway -->\n        <parallelGateway id=\"DeviceMarketingReviewApprove_ParallelGateway\" />\n        <sequenceFlow sourceRef=\"DeviceMarketingReviewApprove_ParallelGateway\" targetRef=\"ExportCompliance_ST\"></sequenceFlow>\n        <sequenceFlow sourceRef=\"DeviceMarketingReviewApprove_ParallelGateway\" targetRef=\"ProductInfoUpload_ST\"></sequenceFlow>\n        \n\n        <!-- ExportCompliance Start -->\n        <serviceTask id=\"ExportCompliance_ST\" name=\"ExportCompliance_ST\" activiti:delegateExpression=\"${companyApprovalHandler}\">\n            <extensionElements>\n                <activiti:executionListener event=\"start\" class=\"com.netpace.device.listener.AddWorkitemListener\">\n                    <activiti:field name=\"step\">\n                        <activiti:string>ExportCompliance</activiti:string>\n                    </activiti:field>\n                    <activiti:field name=\"title\">\n                        <activiti:string>Export Compliance</activiti:string>\n                    </activiti:field>\n                    <activiti:field name=\"status\">\n                        <activiti:string>InProgress</activiti:string>\n                    </activiti:field>\n                    <activiti:field name=\"allowedRoles\">\n                        <activiti:string>ROLE_PARTNER_USER,ROLE_SUPER_ADMIN</activiti:string>\n                    </activiti:field>\n                    <activiti:field name=\"requireInput\">\n                        <activiti:string>true</activiti:string>\n                    </activiti:field>\n                    <activiti:field name=\"nextActions\">\n                        <activiti:string>Submit to Verizon</activiti:string>\n                    </activiti:field>\n                </activiti:executionListener>\n                <activiti:executionListener event=\"start\" class=\"com.netpace.device.listener.SendNotificationListener\">\n                    <activiti:field name=\"event\">\n                        <activiti:string>PRODUCT_EXPORT_COMPLIANCE_PENDING</activiti:string>\n                    </activiti:field>\n                </activiti:executionListener>      \n            </extensionElements>\n        </serviceTask>\n        <sequenceFlow sourceRef=\"ExportCompliance_ST\" targetRef=\"ExportCompliance\"></sequenceFlow>\n        <userTask id=\"ExportCompliance\" name=\"ExportCompliance\">\n            <documentation>\n                ExportCompliance\n            </documentation>\n        </userTask>\n        <sequenceFlow sourceRef=\"ExportCompliance\" targetRef=\"ExportCompliance_ExclusiveGateway\"></sequenceFlow>\n        <exclusiveGateway id=\"ExportCompliance_ExclusiveGateway\" name=\"ExportCompliance_ExclusiveGateway\"></exclusiveGateway>\n        \n        \n        <!-- ExportComplianceApprove Flow -->\n        <sequenceFlow sourceRef=\"ExportCompliance_ExclusiveGateway\" targetRef=\"ExportComplianceApprove_ST\">\n            <conditionExpression xsi:type=\"tFormalExpression\"><![CDATA[${decision == \"Submit to Verizon\"}]]>\n            </conditionExpression>\n        </sequenceFlow>\n        <serviceTask id=\"ExportComplianceApprove_ST\" name=\"ExportComplianceApprove_ST\" activiti:delegateExpression=\"${companyApprovalHandler}\">\n            <extensionElements>\n                <activiti:executionListener event=\"start\" class=\"com.netpace.device.listener.UpdateWorkitemListener\">\n                    <activiti:field name=\"step\">\n                        <activiti:string>ExportCompliance</activiti:string>\n                    </activiti:field>\n                    <activiti:field name=\"status\">\n                        <activiti:string>Processed</activiti:string>\n                    </activiti:field>\n                </activiti:executionListener>\n                <activiti:executionListener event=\"start\" class=\"com.netpace.device.listener.SendNotificationListener\">\n                    <activiti:field name=\"event\">\n                        <activiti:string>PRODUCT_EXPORT_COMPLIANCE_SUBMITTED</activiti:string>\n                    </activiti:field>\n                </activiti:executionListener>      \n            </extensionElements>\n        </serviceTask>\n        <sequenceFlow sourceRef=\"ExportComplianceApprove_ST\" targetRef=\"ExportComplianceReview_ST\"></sequenceFlow>\n        <!-- ExportCompliance End -->\n        \n        \n        <!-- ExportComplianceReview Start -->\n        <serviceTask id=\"ExportComplianceReview_ST\" name=\"ExportComplianceReview_ST\" activiti:delegateExpression=\"${companyApprovalHandler}\">\n            <extensionElements>\n                <activiti:executionListener event=\"start\" class=\"com.netpace.device.listener.AddWorkitemListener\">\n                    <activiti:field name=\"step\">\n                        <activiti:string>ExportComplianceReview</activiti:string>\n                    </activiti:field>\n                    <activiti:field name=\"title\">\n                        <activiti:string>Export Compliance Review</activiti:string>\n                    </activiti:field>\n                    <activiti:field name=\"status\">\n                        <activiti:string>InProgress</activiti:string>\n                    </activiti:field>\n                    <activiti:field name=\"allowedRoles\">\n                        <activiti:string>ROLE_EXPORT_COMPLIANCE,ROLE_SUPER_ADMIN,ROLE_VERIZON_SYSTEM_ADMIN</activiti:string>\n                    </activiti:field>\n                    <activiti:field name=\"requireInput\">\n                        <activiti:string>false</activiti:string>\n                    </activiti:field>\n                    <activiti:field name=\"nextActions\">\n                        <activiti:string>Approve,Deny,RFI</activiti:string>\n                    </activiti:field>\n                </activiti:executionListener>\n                <activiti:executionListener event=\"start\" class=\"com.netpace.device.listener.SendNotificationListener\">\n                    <activiti:field name=\"event\">\n                        <activiti:string>PRODUCT_EXPORT_COMPLIANCE_REVIEW_PENDING</activiti:string>\n                    </activiti:field>\n                </activiti:executionListener>      \n            </extensionElements>\n        </serviceTask>\n        <sequenceFlow sourceRef=\"ExportComplianceReview_ST\" targetRef=\"ExportComplianceReview\"></sequenceFlow>\n        <userTask id=\"ExportComplianceReview\" name=\"ExportComplianceReview\">\n            <documentation>\n                ExportComplianceReview\n            </documentation>\n        </userTask>\n        <sequenceFlow sourceRef=\"ExportComplianceReview\" targetRef=\"ExportComplianceReview_ExclusiveGateway\"></sequenceFlow>\n        <exclusiveGateway id=\"ExportComplianceReview_ExclusiveGateway\" name=\"ExportComplianceReview_ExclusiveGateway\"></exclusiveGateway>\n        \n        \n        <!-- ExportComplianceReviewRFI -->\n        <sequenceFlow sourceRef=\"ExportComplianceReview_ExclusiveGateway\" targetRef=\"ExportComplianceReviewRFI_ST\">\n            <conditionExpression xsi:type=\"tFormalExpression\"><![CDATA[${decision == \"RFI\"}]]>\n            </conditionExpression>\n        </sequenceFlow>\n        <serviceTask id=\"ExportComplianceReviewRFI_ST\" name=\"ExportComplianceReviewRFI_ST\" activiti:delegateExpression=\"${companyApprovalHandler}\">\n            <extensionElements>\n                <activiti:executionListener event=\"start\" class=\"com.netpace.device.listener.UpdateWorkitemListener\">\n                    <activiti:field name=\"step\">\n                        <activiti:string>ExportComplianceReview</activiti:string>\n                    </activiti:field>\n                    <activiti:field name=\"status\">\n                        <activiti:string>Processed</activiti:string>\n                    </activiti:field>\n                </activiti:executionListener>\n                <activiti:executionListener event=\"start\" class=\"com.netpace.device.listener.AddWorkitemListener\">\n                    <activiti:field name=\"step\">\n                        <activiti:string>ExportComplianceReviewRFI</activiti:string>\n                    </activiti:field>\n                    <activiti:field name=\"title\">\n                        <activiti:string>Export Compliance Review RFI</activiti:string>\n                    </activiti:field>\n                    <activiti:field name=\"status\">\n                        <activiti:string>InProgress</activiti:string>\n                    </activiti:field>\n                    <activiti:field name=\"allowedRoles\">\n                        <activiti:string>ROLE_EXPORT_COMPLIANCE,ROLE_SUPER_ADMIN,ROLE_VERIZON_SYSTEM_ADMIN</activiti:string>\n                    </activiti:field>\n                    <activiti:field name=\"requireInput\">\n                        <activiti:string>false</activiti:string>\n                    </activiti:field>\n                    <activiti:field name=\"nextActions\">\n                        <activiti:string>UnRFI</activiti:string>\n                    </activiti:field>\n                </activiti:executionListener>\n                <activiti:executionListener event=\"start\" class=\"com.netpace.device.listener.SendNotificationListener\">\n                    <activiti:field name=\"event\">\n                        <activiti:string>PRODUCT_EXPORT_COMPLIANCE_REVIEW_RFI</activiti:string>\n                    </activiti:field>\n                </activiti:executionListener>\n            </extensionElements>\n        </serviceTask>\n        <sequenceFlow sourceRef=\"ExportComplianceReviewRFI_ST\" targetRef=\"ExportComplianceReviewRFI\"></sequenceFlow>\n        <userTask id=\"ExportComplianceReviewRFI\" name=\"ExportComplianceReviewRFI\">\n            <documentation>\n                ExportComplianceReviewRFI\n            </documentation>\n        </userTask>\n        <sequenceFlow sourceRef=\"ExportComplianceReviewRFI\" targetRef=\"ExportComplianceReviewUnRFI_ST\"></sequenceFlow>\n        <serviceTask id=\"ExportComplianceReviewUnRFI_ST\" name=\"ExportComplianceReviewUnRFI_ST\" activiti:delegateExpression=\"${companyApprovalHandler}\">\n            <extensionElements>\n                <activiti:executionListener event=\"start\" class=\"com.netpace.device.listener.UpdateWorkitemListener\">\n                    <activiti:field name=\"step\">\n                        <activiti:string>ExportComplianceReviewRFI</activiti:string>\n                    </activiti:field>\n                    <activiti:field name=\"status\">\n                        <activiti:string>Processed</activiti:string>\n                    </activiti:field>\n                </activiti:executionListener>\n                <activiti:executionListener event=\"start\" class=\"com.netpace.device.listener.SendNotificationListener\">\n                    <activiti:field name=\"event\">\n                        <activiti:string>PRODUCT_EXPORT_COMPLIANCE_REVIEW_UNRFI</activiti:string>\n                    </activiti:field>\n                </activiti:executionListener>\n            </extensionElements>\n        </serviceTask>\n        <sequenceFlow sourceRef=\"ExportComplianceReviewUnRFI_ST\" targetRef=\"ExportComplianceReview_ST\"></sequenceFlow>\n\n\n        <!-- ExportComplianceReviewDenied -->\n        <sequenceFlow sourceRef=\"ExportComplianceReview_ExclusiveGateway\" targetRef=\"ExportComplianceReviewDenied_ST\">\n            <conditionExpression xsi:type=\"tFormalExpression\"><![CDATA[${decision == \"Deny\"}]]>\n            </conditionExpression>\n        </sequenceFlow>\n        <serviceTask id=\"ExportComplianceReviewDenied_ST\" name=\"ExportComplianceReviewDenied_ST\" activiti:delegateExpression=\"${companyApprovalHandler}\">\n            <extensionElements>\n                <activiti:executionListener event=\"start\" class=\"com.netpace.device.listener.UpdateWorkitemListener\">\n                    <activiti:field name=\"step\">\n                        <activiti:string>ExportComplianceReview</activiti:string>\n                    </activiti:field>\n                    <activiti:field name=\"status\">\n                        <activiti:string>Processed</activiti:string>\n                    </activiti:field>\n                </activiti:executionListener>\n                <activiti:executionListener event=\"start\" class=\"com.netpace.device.listener.AddWorkitemListener\">\n                    <activiti:field name=\"step\">\n                        <activiti:string>ExportComplianceReviewDenied</activiti:string>\n                    </activiti:field>\n                    <activiti:field name=\"title\">\n                        <activiti:string>Export Compliance Review Denied</activiti:string>\n                    </activiti:field>\n                    <activiti:field name=\"status\">\n                        <activiti:string>InProgress</activiti:string>\n                    </activiti:field>\n                    <activiti:field name=\"allowedRoles\">\n                        <activiti:string>ROLE_SUPER_ADMIN</activiti:string>\n                    </activiti:field>\n                    <activiti:field name=\"requireInput\">\n                        <activiti:string>false</activiti:string>\n                    </activiti:field>\n                    <activiti:field name=\"nextActions\">\n                        <activiti:string>UnDeny</activiti:string>\n                    </activiti:field>\n                </activiti:executionListener>\n                <activiti:executionListener event=\"start\" class=\"com.netpace.device.listener.SendNotificationListener\">\n                    <activiti:field name=\"event\">\n                        <activiti:string>PRODUCT_EXPORT_COMPLIANCE_REVIEW_DENIED</activiti:string>\n                    </activiti:field>\n                </activiti:executionListener>\n            </extensionElements>\n        </serviceTask>\n        <sequenceFlow sourceRef=\"ExportComplianceReviewDenied_ST\" targetRef=\"ExportComplianceReviewDenied\"></sequenceFlow>\n        <userTask id=\"ExportComplianceReviewDenied\" name=\"ExportComplianceReviewDenied\">\n            <documentation>\n                ExportComplianceReviewDenied\n            </documentation>\n        </userTask>\n        <sequenceFlow sourceRef=\"ExportComplianceReviewDenied\" targetRef=\"ExportComplianceReviewUnDenied_ST\"></sequenceFlow>\n        <serviceTask id=\"ExportComplianceReviewUnDenied_ST\" name=\"ExportComplianceReviewUnDenied_ST\" activiti:delegateExpression=\"${companyApprovalHandler}\">\n            <extensionElements>\n                <activiti:executionListener event=\"start\" class=\"com.netpace.device.listener.UpdateWorkitemListener\">\n                    <activiti:field name=\"step\">\n                        <activiti:string>ExportComplianceReviewDenied</activiti:string>\n                    </activiti:field>\n                    <activiti:field name=\"status\">\n                        <activiti:string>Processed</activiti:string>\n                    </activiti:field>\n                </activiti:executionListener>\n                <activiti:executionListener event=\"start\" class=\"com.netpace.device.listener.SendNotificationListener\">\n                    <activiti:field name=\"event\">\n                        <activiti:string>PRODUCT_EXPORT_COMPLIANCE_REVIEW_UNDENY</activiti:string>\n                    </activiti:field>\n                </activiti:executionListener>\n            </extensionElements>\n        </serviceTask>\n        <sequenceFlow sourceRef=\"ExportComplianceReviewUnDenied_ST\" targetRef=\"ExportComplianceReview_ST\"></sequenceFlow>\n\n\n        <!-- ExportComplianceReviewApprove -->\n        <sequenceFlow sourceRef=\"ExportComplianceReview_ExclusiveGateway\" targetRef=\"ExportComplianceReviewApprove_ST\">\n            <conditionExpression xsi:type=\"tFormalExpression\"><![CDATA[${decision == \"Approve\"}]]>\n            </conditionExpression>\n        </sequenceFlow>\n        <serviceTask id=\"ExportComplianceReviewApprove_ST\" name=\"ExportComplianceReviewApprove_ST\" activiti:delegateExpression=\"${companyApprovalHandler}\">\n            <extensionElements>\n                <activiti:executionListener event=\"start\" class=\"com.netpace.device.listener.UpdateWorkitemListener\">\n                    <activiti:field name=\"step\">\n                        <activiti:string>ExportComplianceReview</activiti:string>\n                    </activiti:field>\n                    <activiti:field name=\"status\">\n                        <activiti:string>Processed</activiti:string>\n                    </activiti:field>\n                </activiti:executionListener>\n                <activiti:executionListener event=\"start\" class=\"com.netpace.device.listener.SendNotificationListener\">\n                    <activiti:field name=\"event\">\n                        <activiti:string>PRODUCT_EXPORT_COMPLIANCE_REVIEW_APPROVED</activiti:string>\n                    </activiti:field>\n                </activiti:executionListener>\n            </extensionElements>\n        </serviceTask>\n        <sequenceFlow sourceRef=\"ExportComplianceReviewApprove_ST\" targetRef=\"UploadPDFofSampleProduct_InclusiveGateway\"></sequenceFlow>\n        <!-- ExportComplianceReview End -->\n\n                \n        <!-- ProductInfoUpload Start -->\n        <serviceTask id=\"ProductInfoUpload_ST\" name=\"ProductInfoUpload_ST\" activiti:delegateExpression=\"${companyApprovalHandler}\">\n            <extensionElements>\n                <activiti:executionListener event=\"start\" class=\"com.netpace.device.listener.AddWorkitemListener\">\n                    <activiti:field name=\"step\">\n                        <activiti:string>ProductInfoUpload</activiti:string>\n                    </activiti:field>\n                    <activiti:field name=\"title\">\n                        <activiti:string>Product Info Upload</activiti:string>\n                    </activiti:field>\n                    <activiti:field name=\"status\">\n                        <activiti:string>InProgress</activiti:string>\n                    </activiti:field>\n                    <activiti:field name=\"allowedRoles\">\n                        <activiti:string>ROLE_PARTNER_USER,ROLE_SUPER_ADMIN</activiti:string>\n                    </activiti:field>\n                    <activiti:field name=\"requireInput\">\n                        <activiti:string>true</activiti:string>\n                    </activiti:field>\n                    <activiti:field name=\"nextActions\">\n                        <activiti:string>Submit to Verizon</activiti:string>\n                    </activiti:field>\n                </activiti:executionListener>\n                <activiti:executionListener event=\"start\" class=\"com.netpace.device.listener.SendNotificationListener\">\n                    <activiti:field name=\"event\">\n                        <activiti:string>PRODUCT_INFO_UPLOAD_PENDING</activiti:string>\n                    </activiti:field>\n                </activiti:executionListener>      \n            </extensionElements>\n        </serviceTask>\n        <sequenceFlow sourceRef=\"ProductInfoUpload_ST\" targetRef=\"ProductInfoUpload\"></sequenceFlow>\n        <userTask id=\"ProductInfoUpload\" name=\"ProductInfoUpload\">\n            <documentation>\n                ProductInfoUpload\n            </documentation>\n        </userTask>\n        <sequenceFlow sourceRef=\"ProductInfoUpload\" targetRef=\"ProductInfoUpload_ExclusiveGateway\"></sequenceFlow>\n        <exclusiveGateway id=\"ProductInfoUpload_ExclusiveGateway\" name=\"ProductInfoUpload_ExclusiveGateway\"></exclusiveGateway>\n        \n        \n        <!-- ProductInfoUploadApprove -->\n        <sequenceFlow sourceRef=\"ProductInfoUpload_ExclusiveGateway\" targetRef=\"ProductInfoUploadApprove_ST\">\n            <conditionExpression xsi:type=\"tFormalExpression\"><![CDATA[${decision == \"Submit to Verizon\"}]]>\n            </conditionExpression>\n        </sequenceFlow>\n        <serviceTask id=\"ProductInfoUploadApprove_ST\" name=\"ProductInfoUploadApprove_ST\" activiti:delegateExpression=\"${companyApprovalHandler}\">\n            <extensionElements>\n                <activiti:executionListener event=\"start\" class=\"com.netpace.device.listener.UpdateWorkitemListener\">\n                    <activiti:field name=\"step\">\n                        <activiti:string>ProductInfoUpload</activiti:string>\n                    </activiti:field>\n                    <activiti:field name=\"status\">\n                        <activiti:string>Processed</activiti:string>\n                    </activiti:field>\n                </activiti:executionListener>\n                <activiti:executionListener event=\"start\" class=\"com.netpace.device.listener.SendNotificationListener\">\n                    <activiti:field name=\"event\">\n                        <activiti:string>PRODUCT_INFO_UPLOAD_SUBMITTED</activiti:string>\n                    </activiti:field>\n                </activiti:executionListener>      \n            </extensionElements>\n        </serviceTask>\n        <sequenceFlow sourceRef=\"ProductInfoUploadApprove_ST\" targetRef=\"RequirementsGroupReview_ST\"></sequenceFlow>\n        <!-- ProductInfoUpload End -->\n        \n        \n        <!-- RequirementsGroupReview Start -->\n        <serviceTask id=\"RequirementsGroupReview_ST\" name=\"RequirementsGroupReview_ST\" activiti:delegateExpression=\"${companyApprovalHandler}\">\n            <extensionElements>\n                <activiti:executionListener event=\"start\" class=\"com.netpace.device.listener.AddWorkitemListener\">\n                    <activiti:field name=\"step\">\n                        <activiti:string>RequirementsGroupReview</activiti:string>\n                    </activiti:field>\n                    <activiti:field name=\"title\">\n                        <activiti:string>Requirements Group Review</activiti:string>\n                    </activiti:field>\n                    <activiti:field name=\"status\">\n                        <activiti:string>InProgress</activiti:string>\n                    </activiti:field>\n                    <activiti:field name=\"allowedRoles\">\n                        <activiti:string>ROLE_REQUIREMENTS_GROUP,ROLE_SUPER_ADMIN,ROLE_VERIZON_SYSTEM_ADMIN</activiti:string>\n                    </activiti:field>\n                    <activiti:field name=\"requireInput\">\n                        <activiti:string>false</activiti:string>\n                    </activiti:field>\n                    <activiti:field name=\"nextActions\">\n                        <activiti:string>Approve,Deny,RFI</activiti:string>\n                    </activiti:field>\n                </activiti:executionListener>\n                <activiti:executionListener event=\"start\" class=\"com.netpace.device.listener.SendNotificationListener\">\n                    <activiti:field name=\"event\">\n                        <activiti:string>PRODUCT_REQUIREMENTS_GROUP_REVIEW_PENDING</activiti:string>\n                    </activiti:field>\n                </activiti:executionListener>      \n            </extensionElements>\n        </serviceTask>\n        <sequenceFlow sourceRef=\"RequirementsGroupReview_ST\" targetRef=\"RequirementsGroupReview\"></sequenceFlow>\n        <userTask id=\"RequirementsGroupReview\" name=\"RequirementsGroupReview\">\n            <documentation>\n                RequirementsGroupReview\n            </documentation>\n        </userTask>\n        <sequenceFlow sourceRef=\"RequirementsGroupReview\" targetRef=\"RequirementsGroupReview_ExclusiveGateway\"></sequenceFlow>\n        <exclusiveGateway id=\"RequirementsGroupReview_ExclusiveGateway\" name=\"RequirementsGroupReview_ExclusiveGateway\"></exclusiveGateway>\n        \n        \n        <!-- RequirementsGroupReviewRFI -->\n        <sequenceFlow sourceRef=\"RequirementsGroupReview_ExclusiveGateway\" targetRef=\"RequirementsGroupReviewRFI_ST\">\n            <conditionExpression xsi:type=\"tFormalExpression\"><![CDATA[${decision == \"RFI\"}]]>\n            </conditionExpression>\n        </sequenceFlow>\n        <serviceTask id=\"RequirementsGroupReviewRFI_ST\" name=\"RequirementsGroupReviewRFI_ST\" activiti:delegateExpression=\"${companyApprovalHandler}\">\n            <extensionElements>\n                <activiti:executionListener event=\"start\" class=\"com.netpace.device.listener.UpdateWorkitemListener\">\n                    <activiti:field name=\"step\">\n                        <activiti:string>RequirementsGroupReview</activiti:string>\n                    </activiti:field>\n                    <activiti:field name=\"status\">\n                        <activiti:string>Processed</activiti:string>\n                    </activiti:field>\n                </activiti:executionListener>\n                <activiti:executionListener event=\"start\" class=\"com.netpace.device.listener.AddWorkitemListener\">\n                    <activiti:field name=\"step\">\n                        <activiti:string>RequirementsGroupReviewRFI</activiti:string>\n                    </activiti:field>\n                    <activiti:field name=\"title\">\n                        <activiti:string>Requirements Group Review RFI</activiti:string>\n                    </activiti:field>\n                    <activiti:field name=\"status\">\n                        <activiti:string>InProgress</activiti:string>\n                    </activiti:field>\n                    <activiti:field name=\"allowedRoles\">\n                        <activiti:string>ROLE_REQUIREMENTS_GROUP,ROLE_SUPER_ADMIN,ROLE_VERIZON_SYSTEM_ADMIN</activiti:string>\n                    </activiti:field>\n                    <activiti:field name=\"requireInput\">\n                        <activiti:string>false</activiti:string>\n                    </activiti:field>\n                    <activiti:field name=\"nextActions\">\n                        <activiti:string>UnRFI</activiti:string>\n                    </activiti:field>\n                </activiti:executionListener>\n                <activiti:executionListener event=\"start\" class=\"com.netpace.device.listener.SendNotificationListener\">\n                    <activiti:field name=\"event\">\n                        <activiti:string>PRODUCT_REQUIREMENTS_GROUP_REVIEW_RFI</activiti:string>\n                    </activiti:field>\n                </activiti:executionListener>\n            </extensionElements>\n        </serviceTask>\n        <sequenceFlow sourceRef=\"RequirementsGroupReviewRFI_ST\" targetRef=\"RequirementsGroupReviewRFI\"></sequenceFlow>\n        <userTask id=\"RequirementsGroupReviewRFI\" name=\"RequirementsGroupReviewRFI\">\n            <documentation>\n                RequirementsGroupReviewRFI\n            </documentation>\n        </userTask>\n        <sequenceFlow sourceRef=\"RequirementsGroupReviewRFI\" targetRef=\"RequirementsGroupReviewUnRFI_ST\"></sequenceFlow>\n        <serviceTask id=\"RequirementsGroupReviewUnRFI_ST\" name=\"RequirementsGroupReviewUnRFI_ST\" activiti:delegateExpression=\"${companyApprovalHandler}\">\n            <extensionElements>\n                <activiti:executionListener event=\"start\" class=\"com.netpace.device.listener.UpdateWorkitemListener\">\n                    <activiti:field name=\"step\">\n                        <activiti:string>RequirementsGroupReviewRFI</activiti:string>\n                    </activiti:field>\n                    <activiti:field name=\"status\">\n                        <activiti:string>Processed</activiti:string>\n                    </activiti:field>\n                </activiti:executionListener>\n                <activiti:executionListener event=\"start\" class=\"com.netpace.device.listener.SendNotificationListener\">\n                    <activiti:field name=\"event\">\n                        <activiti:string>PRODUCT_REQUIREMENTS_GROUP_REVIEW_UNRFI</activiti:string>\n                    </activiti:field>\n                </activiti:executionListener>\n            </extensionElements>\n        </serviceTask>\n        <sequenceFlow sourceRef=\"RequirementsGroupReviewUnRFI_ST\" targetRef=\"RequirementsGroupReview_ST\"></sequenceFlow>\n\n\n        <!-- RequirementsGroupReviewDenied -->\n        <sequenceFlow sourceRef=\"RequirementsGroupReview_ExclusiveGateway\" targetRef=\"RequirementsGroupReviewDenied_ST\">\n            <conditionExpression xsi:type=\"tFormalExpression\"><![CDATA[${decision == \"Deny\"}]]>\n            </conditionExpression>\n        </sequenceFlow>\n        <serviceTask id=\"RequirementsGroupReviewDenied_ST\" name=\"RequirementsGroupReviewDenied_ST\" activiti:delegateExpression=\"${companyApprovalHandler}\">\n            <extensionElements>\n                <activiti:executionListener event=\"start\" class=\"com.netpace.device.listener.UpdateWorkitemListener\">\n                    <activiti:field name=\"step\">\n                        <activiti:string>RequirementsGroupReview</activiti:string>\n                    </activiti:field>\n                    <activiti:field name=\"status\">\n                        <activiti:string>Processed</activiti:string>\n                    </activiti:field>\n                </activiti:executionListener>\n                <activiti:executionListener event=\"start\" class=\"com.netpace.device.listener.AddWorkitemListener\">\n                    <activiti:field name=\"step\">\n                        <activiti:string>RequirementsGroupReviewDenied</activiti:string>\n                    </activiti:field>\n                    <activiti:field name=\"title\">\n                        <activiti:string>Requirements Group Review Denied</activiti:string>\n                    </activiti:field>\n                    <activiti:field name=\"status\">\n                        <activiti:string>InProgress</activiti:string>\n                    </activiti:field>\n                    <activiti:field name=\"allowedRoles\">\n                        <activiti:string>ROLE_SUPER_ADMIN</activiti:string>\n                    </activiti:field>\n                    <activiti:field name=\"requireInput\">\n                        <activiti:string>false</activiti:string>\n                    </activiti:field>\n                    <activiti:field name=\"nextActions\">\n                        <activiti:string>UnDeny</activiti:string>\n                    </activiti:field>\n                </activiti:executionListener>\n                <activiti:executionListener event=\"start\" class=\"com.netpace.device.listener.SendNotificationListener\">\n                    <activiti:field name=\"event\">\n                        <activiti:string>PRODUCT_REQUIREMENTS_GROUP_REVIEW_DENIED</activiti:string>\n                    </activiti:field>\n                </activiti:executionListener>\n            </extensionElements>\n        </serviceTask>\n        <sequenceFlow sourceRef=\"RequirementsGroupReviewDenied_ST\" targetRef=\"RequirementsGroupReviewDenied\"></sequenceFlow>\n        <userTask id=\"RequirementsGroupReviewDenied\" name=\"RequirementsGroupReviewDenied\">\n            <documentation>\n                RequirementsGroupReviewDenied\n            </documentation>\n        </userTask>\n        <sequenceFlow sourceRef=\"RequirementsGroupReviewDenied\" targetRef=\"RequirementsGroupReviewUnDenied_ST\"></sequenceFlow>\n        <serviceTask id=\"RequirementsGroupReviewUnDenied_ST\" name=\"RequirementsGroupReviewUnDenied_ST\" activiti:delegateExpression=\"${companyApprovalHandler}\">\n            <extensionElements>\n                <activiti:executionListener event=\"start\" class=\"com.netpace.device.listener.UpdateWorkitemListener\">\n                    <activiti:field name=\"step\">\n                        <activiti:string>RequirementsGroupReviewDenied</activiti:string>\n                    </activiti:field>\n                    <activiti:field name=\"status\">\n                        <activiti:string>Processed</activiti:string>\n                    </activiti:field>\n                </activiti:executionListener>\n                <activiti:executionListener event=\"start\" class=\"com.netpace.device.listener.SendNotificationListener\">\n                    <activiti:field name=\"event\">\n                        <activiti:string>PRODUCT_REQUIREMENTS_GROUP_REVIEW_UNDENY</activiti:string>\n                    </activiti:field>\n                </activiti:executionListener>\n            </extensionElements>\n        </serviceTask>\n        <sequenceFlow sourceRef=\"RequirementsGroupReviewUnDenied_ST\" targetRef=\"RequirementsGroupReview_ST\"></sequenceFlow>\n\n\n        <!-- RequirementsGroupReviewApprove -->\n        <sequenceFlow sourceRef=\"RequirementsGroupReview_ExclusiveGateway\" targetRef=\"RequirementsGroupReviewApprove_ST\">\n            <conditionExpression xsi:type=\"tFormalExpression\"><![CDATA[${decision == \"Approve\"}]]>\n            </conditionExpression>\n        </sequenceFlow>\n        <serviceTask id=\"RequirementsGroupReviewApprove_ST\" name=\"RequirementsGroupReviewApprove_ST\" activiti:delegateExpression=\"${companyApprovalHandler}\">\n            <extensionElements>\n                <activiti:executionListener event=\"start\" class=\"com.netpace.device.listener.UpdateWorkitemListener\">\n                    <activiti:field name=\"step\">\n                        <activiti:string>RequirementsGroupReview</activiti:string>\n                    </activiti:field>\n                    <activiti:field name=\"status\">\n                        <activiti:string>Processed</activiti:string>\n                    </activiti:field>\n                </activiti:executionListener>\n                <activiti:executionListener event=\"start\" class=\"com.netpace.device.listener.SendNotificationListener\">\n                    <activiti:field name=\"event\">\n                        <activiti:string>PRODUCT_REQUIREMENTS_GROUP_REVIEW_APPROVED</activiti:string>\n                    </activiti:field>\n                </activiti:executionListener>\n            </extensionElements>\n        </serviceTask>\n        <sequenceFlow sourceRef=\"RequirementsGroupReviewApprove_ST\" targetRef=\"DeviceComplianceReview_ST\"></sequenceFlow>\n        \n        \n        <!-- DeviceComplianceReview Start -->\n        <serviceTask id=\"DeviceComplianceReview_ST\" name=\"DeviceComplianceReview_ST\" activiti:delegateExpression=\"${companyApprovalHandler}\">\n            <extensionElements>\n                <activiti:executionListener event=\"start\" class=\"com.netpace.device.listener.AddWorkitemListener\">\n                    <activiti:field name=\"step\">\n                        <activiti:string>DeviceComplianceReview</activiti:string>\n                    </activiti:field>\n                    <activiti:field name=\"title\">\n                        <activiti:string>Device Compliance Review</activiti:string>\n                    </activiti:field>\n                    <activiti:field name=\"status\">\n                        <activiti:string>InProgress</activiti:string>\n                    </activiti:field>\n                    <activiti:field name=\"allowedRoles\">\n                        <activiti:string>ROLE_DEVICE_COMPLIANCE,ROLE_SUPER_ADMIN,ROLE_VERIZON_SYSTEM_ADMIN</activiti:string>\n                    </activiti:field>\n                    <activiti:field name=\"requireInput\">\n                        <activiti:string>false</activiti:string>\n                    </activiti:field>\n                    <activiti:field name=\"nextActions\">\n                        <activiti:string>Start Testing,Deny,RFI</activiti:string>\n                    </activiti:field>\n                </activiti:executionListener>\n                <activiti:executionListener event=\"start\" class=\"com.netpace.device.listener.SendNotificationListener\">\n                    <activiti:field name=\"event\">\n                        <activiti:string>PRODUCT_DEVICE_COMPLIANCE_REVIEW_PENDING</activiti:string>\n                    </activiti:field>\n                </activiti:executionListener>      \n            </extensionElements>\n        </serviceTask>\n        <sequenceFlow sourceRef=\"DeviceComplianceReview_ST\" targetRef=\"DeviceComplianceReview\"></sequenceFlow>\n        <userTask id=\"DeviceComplianceReview\" name=\"DeviceComplianceReview\">\n            <documentation>\n                DeviceComplianceReview\n            </documentation>\n        </userTask>\n        <sequenceFlow sourceRef=\"DeviceComplianceReview\" targetRef=\"DeviceComplianceReview_ExclusiveGateway\"></sequenceFlow>\n        <exclusiveGateway id=\"DeviceComplianceReview_ExclusiveGateway\" name=\"DeviceComplianceReview_ExclusiveGateway\"></exclusiveGateway>\n        \n        \n        <!-- DeviceComplianceReviewRFI -->\n        <sequenceFlow sourceRef=\"DeviceComplianceReview_ExclusiveGateway\" targetRef=\"DeviceComplianceReviewRFI_ST\">\n            <conditionExpression xsi:type=\"tFormalExpression\"><![CDATA[${decision == \"RFI\"}]]>\n            </conditionExpression>\n        </sequenceFlow>\n        <serviceTask id=\"DeviceComplianceReviewRFI_ST\" name=\"DeviceComplianceReviewRFI_ST\" activiti:delegateExpression=\"${companyApprovalHandler}\">\n            <extensionElements>\n                <activiti:executionListener event=\"start\" class=\"com.netpace.device.listener.UpdateWorkitemListener\">\n                    <activiti:field name=\"step\">\n                        <activiti:string>DeviceComplianceReview</activiti:string>\n                    </activiti:field>\n                    <activiti:field name=\"status\">\n                        <activiti:string>Processed</activiti:string>\n                    </activiti:field>\n                </activiti:executionListener>\n                <activiti:executionListener event=\"start\" class=\"com.netpace.device.listener.AddWorkitemListener\">\n                    <activiti:field name=\"step\">\n                        <activiti:string>DeviceComplianceReviewRFI</activiti:string>\n                    </activiti:field>\n                    <activiti:field name=\"title\">\n                        <activiti:string>Device Compliance Review RFI</activiti:string>\n                    </activiti:field>\n                    <activiti:field name=\"status\">\n                        <activiti:string>InProgress</activiti:string>\n                    </activiti:field>\n                    <activiti:field name=\"allowedRoles\">\n                        <activiti:string>ROLE_DEVICE_COMPLIANCE,ROLE_SUPER_ADMIN,ROLE_VERIZON_SYSTEM_ADMIN</activiti:string>\n                    </activiti:field>\n                    <activiti:field name=\"requireInput\">\n                        <activiti:string>false</activiti:string>\n                    </activiti:field>\n                    <activiti:field name=\"nextActions\">\n                        <activiti:string>UnRFI</activiti:string>\n                    </activiti:field>\n                </activiti:executionListener>\n                <activiti:executionListener event=\"start\" class=\"com.netpace.device.listener.SendNotificationListener\">\n                    <activiti:field name=\"event\">\n                        <activiti:string>PRODUCT_DEVICE_COMPLIANCE_REVIEW_RFI</activiti:string>\n                    </activiti:field>\n                </activiti:executionListener>\n            </extensionElements>\n        </serviceTask>\n        <sequenceFlow sourceRef=\"DeviceComplianceReviewRFI_ST\" targetRef=\"DeviceComplianceReviewRFI\"></sequenceFlow>\n        <userTask id=\"DeviceComplianceReviewRFI\" name=\"DeviceComplianceReviewRFI\">\n            <documentation>\n                DeviceComplianceReviewRFI\n            </documentation>\n        </userTask>\n        <sequenceFlow sourceRef=\"DeviceComplianceReviewRFI\" targetRef=\"DeviceComplianceReviewUnRFI_ST\"></sequenceFlow>\n        <serviceTask id=\"DeviceComplianceReviewUnRFI_ST\" name=\"DeviceComplianceReviewUnRFI_ST\" activiti:delegateExpression=\"${companyApprovalHandler}\">\n            <extensionElements>\n                <activiti:executionListener event=\"start\" class=\"com.netpace.device.listener.UpdateWorkitemListener\">\n                    <activiti:field name=\"step\">\n                        <activiti:string>DeviceComplianceReviewRFI</activiti:string>\n                    </activiti:field>\n                    <activiti:field name=\"status\">\n                        <activiti:string>Processed</activiti:string>\n                    </activiti:field>\n                </activiti:executionListener>\n                <activiti:executionListener event=\"start\" class=\"com.netpace.device.listener.SendNotificationListener\">\n                    <activiti:field name=\"event\">\n                        <activiti:string>PRODUCT_DEVICE_COMPLIANCE_REVIEW_UNRFI</activiti:string>\n                    </activiti:field>\n                </activiti:executionListener>\n            </extensionElements>\n        </serviceTask>\n        <sequenceFlow sourceRef=\"DeviceComplianceReviewUnRFI_ST\" targetRef=\"DeviceComplianceReview_ST\"></sequenceFlow>\n\n\n        <!-- DeviceComplianceReviewDenied -->\n        <sequenceFlow sourceRef=\"DeviceComplianceReview_ExclusiveGateway\" targetRef=\"DeviceComplianceReviewDenied_ST\">\n            <conditionExpression xsi:type=\"tFormalExpression\"><![CDATA[${decision == \"Deny\"}]]>\n            </conditionExpression>\n        </sequenceFlow>\n        <serviceTask id=\"DeviceComplianceReviewDenied_ST\" name=\"DeviceComplianceReviewDenied_ST\" activiti:delegateExpression=\"${companyApprovalHandler}\">\n            <extensionElements>\n                <activiti:executionListener event=\"start\" class=\"com.netpace.device.listener.UpdateWorkitemListener\">\n                    <activiti:field name=\"step\">\n                        <activiti:string>DeviceComplianceReview</activiti:string>\n                    </activiti:field>\n                    <activiti:field name=\"status\">\n                        <activiti:string>Processed</activiti:string>\n                    </activiti:field>\n                </activiti:executionListener>\n                <activiti:executionListener event=\"start\" class=\"com.netpace.device.listener.AddWorkitemListener\">\n                    <activiti:field name=\"step\">\n                        <activiti:string>DeviceComplianceReviewDenied</activiti:string>\n                    </activiti:field>\n                    <activiti:field name=\"title\">\n                        <activiti:string>Device Compliance Review Denied</activiti:string>\n                    </activiti:field>\n                    <activiti:field name=\"status\">\n                        <activiti:string>InProgress</activiti:string>\n                    </activiti:field>\n                    <activiti:field name=\"allowedRoles\">\n                        <activiti:string>ROLE_SUPER_ADMIN</activiti:string>\n                    </activiti:field>\n                    <activiti:field name=\"requireInput\">\n                        <activiti:string>false</activiti:string>\n                    </activiti:field>\n                    <activiti:field name=\"nextActions\">\n                        <activiti:string>UnDeny</activiti:string>\n                    </activiti:field>\n                </activiti:executionListener>\n                <activiti:executionListener event=\"start\" class=\"com.netpace.device.listener.SendNotificationListener\">\n                    <activiti:field name=\"event\">\n                        <activiti:string>PRODUCT_DEVICE_COMPLIANCE_REVIEW_DENIED</activiti:string>\n                    </activiti:field>\n                </activiti:executionListener>\n            </extensionElements>\n        </serviceTask>\n        <sequenceFlow sourceRef=\"DeviceComplianceReviewDenied_ST\" targetRef=\"DeviceComplianceReviewDenied\"></sequenceFlow>\n        <userTask id=\"DeviceComplianceReviewDenied\" name=\"DeviceComplianceReviewDenied\">\n            <documentation>\n                DeviceComplianceReviewDenied\n            </documentation>\n        </userTask>\n        <sequenceFlow sourceRef=\"DeviceComplianceReviewDenied\" targetRef=\"DeviceComplianceReviewUnDenied_ST\"></sequenceFlow>\n        <serviceTask id=\"DeviceComplianceReviewUnDenied_ST\" name=\"DeviceComplianceReviewUnDenied_ST\" activiti:delegateExpression=\"${companyApprovalHandler}\">\n            <extensionElements>\n                <activiti:executionListener event=\"start\" class=\"com.netpace.device.listener.UpdateWorkitemListener\">\n                    <activiti:field name=\"step\">\n                        <activiti:string>DeviceComplianceReviewDenied</activiti:string>\n                    </activiti:field>\n                    <activiti:field name=\"status\">\n                        <activiti:string>Processed</activiti:string>\n                    </activiti:field>\n                </activiti:executionListener>\n                <activiti:executionListener event=\"start\" class=\"com.netpace.device.listener.SendNotificationListener\">\n                    <activiti:field name=\"event\">\n                        <activiti:string>PRODUCT_DEVICE_COMPLIANCE_REVIEW_UNDENY</activiti:string>\n                    </activiti:field>\n                </activiti:executionListener>\n            </extensionElements>\n        </serviceTask>\n        <sequenceFlow sourceRef=\"DeviceComplianceReviewUnDenied_ST\" targetRef=\"DeviceComplianceReview_ST\"></sequenceFlow>\n\n\n        <!-- DeviceComplianceReviewApprove -->\n        <sequenceFlow sourceRef=\"DeviceComplianceReview_ExclusiveGateway\" targetRef=\"DeviceComplianceReviewApprove_ST\">\n            <conditionExpression xsi:type=\"tFormalExpression\"><![CDATA[${decision == \"Start Testing\"}]]>\n            </conditionExpression>\n        </sequenceFlow>\n        <serviceTask id=\"DeviceComplianceReviewApprove_ST\" name=\"DeviceComplianceReviewApprove_ST\" activiti:delegateExpression=\"${companyApprovalHandler}\">\n            <extensionElements>\n                <activiti:executionListener event=\"start\" class=\"com.netpace.device.listener.UpdateWorkitemListener\">\n                    <activiti:field name=\"step\">\n                        <activiti:string>DeviceComplianceReview</activiti:string>\n                    </activiti:field>\n                    <activiti:field name=\"status\">\n                        <activiti:string>Processed</activiti:string>\n                    </activiti:field>\n                </activiti:executionListener>\n                <activiti:executionListener event=\"start\" class=\"com.netpace.device.listener.SendNotificationListener\">\n                    <activiti:field name=\"event\">\n                        <activiti:string>PRODUCT_DEVICE_COMPLIANCE_REVIEW_START_TESTING</activiti:string>\n                    </activiti:field>\n                </activiti:executionListener>\n            </extensionElements>\n        </serviceTask>\n        <sequenceFlow sourceRef=\"DeviceComplianceReviewApprove_ST\" targetRef=\"DeviceComplianceReviewEOT_ST\"></sequenceFlow>\n        <!-- DeviceComplianceReview End -->\n\n\n        <!-- DeviceComplianceReviewEOT Start -->\n        <serviceTask id=\"DeviceComplianceReviewEOT_ST\" name=\"DeviceComplianceReviewEOT_ST\" activiti:delegateExpression=\"${companyApprovalHandler}\">\n            <extensionElements>\n                <activiti:executionListener event=\"start\" class=\"com.netpace.device.listener.AddWorkitemListener\">\n                    <activiti:field name=\"step\">\n                        <activiti:string>DeviceComplianceReviewEOT</activiti:string>\n                    </activiti:field>\n                    <activiti:field name=\"title\">\n                        <activiti:string>Device Compliance Review EOT</activiti:string>\n                    </activiti:field>\n                    <activiti:field name=\"status\">\n                        <activiti:string>InProgress</activiti:string>\n                    </activiti:field>\n                    <activiti:field name=\"allowedRoles\">\n                        <activiti:string>ROLE_DEVICE_COMPLIANCE,ROLE_SUPER_ADMIN,ROLE_VERIZON_SYSTEM_ADMIN</activiti:string>\n                    </activiti:field>\n                    <activiti:field name=\"requireInput\">\n                        <activiti:string>false</activiti:string>\n                    </activiti:field>\n                    <activiti:field name=\"nextActions\">\n                        <activiti:string>End Testing,Deny,RFI</activiti:string>\n                    </activiti:field>\n                </activiti:executionListener>\n                <activiti:executionListener event=\"start\" class=\"com.netpace.device.listener.SendNotificationListener\">\n                    <activiti:field name=\"event\">\n                        <activiti:string>PRODUCT_DEVICE_COMPLIANCE_EOT_PENDING</activiti:string>\n                    </activiti:field>\n                </activiti:executionListener>      \n            </extensionElements>\n        </serviceTask>\n        <sequenceFlow sourceRef=\"DeviceComplianceReviewEOT_ST\" targetRef=\"DeviceComplianceReviewEOT\"></sequenceFlow>\n        <userTask id=\"DeviceComplianceReviewEOT\" name=\"DeviceComplianceReviewEOT\">\n            <documentation>\n                DeviceComplianceReviewEOT\n            </documentation>\n        </userTask>\n        <sequenceFlow sourceRef=\"DeviceComplianceReviewEOT\" targetRef=\"DeviceComplianceReviewEOT_ExclusiveGateway\"></sequenceFlow>\n        <exclusiveGateway id=\"DeviceComplianceReviewEOT_ExclusiveGateway\" name=\"DeviceComplianceReviewEOT_ExclusiveGateway\"></exclusiveGateway>\n        \n        \n        <!-- DeviceComplianceReviewEOTRFI -->\n        <sequenceFlow sourceRef=\"DeviceComplianceReviewEOT_ExclusiveGateway\" targetRef=\"DeviceComplianceReviewEOTRFI_ST\">\n            <conditionExpression xsi:type=\"tFormalExpression\"><![CDATA[${decision == \"RFI\"}]]>\n            </conditionExpression>\n        </sequenceFlow>\n        <serviceTask id=\"DeviceComplianceReviewEOTRFI_ST\" name=\"DeviceComplianceReviewEOTRFI_ST\" activiti:delegateExpression=\"${companyApprovalHandler}\">\n            <extensionElements>\n                <activiti:executionListener event=\"start\" class=\"com.netpace.device.listener.UpdateWorkitemListener\">\n                    <activiti:field name=\"step\">\n                        <activiti:string>DeviceComplianceReviewEOT</activiti:string>\n                    </activiti:field>\n                    <activiti:field name=\"status\">\n                        <activiti:string>Processed</activiti:string>\n                    </activiti:field>\n                </activiti:executionListener>\n                <activiti:executionListener event=\"start\" class=\"com.netpace.device.listener.AddWorkitemListener\">\n                    <activiti:field name=\"step\">\n                        <activiti:string>DeviceComplianceReviewEOTRFI</activiti:string>\n                    </activiti:field>\n                    <activiti:field name=\"title\">\n                        <activiti:string>Device Compliance Review EOT RFI</activiti:string>\n                    </activiti:field>\n                    <activiti:field name=\"status\">\n                        <activiti:string>InProgress</activiti:string>\n                    </activiti:field>\n                    <activiti:field name=\"allowedRoles\">\n                        <activiti:string>ROLE_DEVICE_COMPLIANCE,ROLE_SUPER_ADMIN,ROLE_VERIZON_SYSTEM_ADMIN</activiti:string>\n                    </activiti:field>\n                    <activiti:field name=\"requireInput\">\n                        <activiti:string>false</activiti:string>\n                    </activiti:field>\n                    <activiti:field name=\"nextActions\">\n                        <activiti:string>UnRFI</activiti:string>\n                    </activiti:field>\n                </activiti:executionListener>\n                <activiti:executionListener event=\"start\" class=\"com.netpace.device.listener.SendNotificationListener\">\n                    <activiti:field name=\"event\">\n                        <activiti:string>PRODUCT_DEVICE_COMPLIANCE_EOT_RFI</activiti:string>\n                    </activiti:field>\n                </activiti:executionListener>\n            </extensionElements>\n        </serviceTask>\n        <sequenceFlow sourceRef=\"DeviceComplianceReviewEOTRFI_ST\" targetRef=\"DeviceComplianceReviewEOTRFI\"></sequenceFlow>\n        <userTask id=\"DeviceComplianceReviewEOTRFI\" name=\"DeviceComplianceReviewEOTRFI\">\n            <documentation>\n                DeviceComplianceReviewEOTRFI\n            </documentation>\n        </userTask>\n        <sequenceFlow sourceRef=\"DeviceComplianceReviewEOTRFI\" targetRef=\"DeviceComplianceReviewEOTUnRFI_ST\"></sequenceFlow>\n        <serviceTask id=\"DeviceComplianceReviewEOTUnRFI_ST\" name=\"DeviceComplianceReviewEOTUnRFI_ST\" activiti:delegateExpression=\"${companyApprovalHandler}\">\n            <extensionElements>\n                <activiti:executionListener event=\"start\" class=\"com.netpace.device.listener.UpdateWorkitemListener\">\n                    <activiti:field name=\"step\">\n                        <activiti:string>DeviceComplianceReviewEOTRFI</activiti:string>\n                    </activiti:field>\n                    <activiti:field name=\"status\">\n                        <activiti:string>Processed</activiti:string>\n                    </activiti:field>\n                </activiti:executionListener>\n                <activiti:executionListener event=\"start\" class=\"com.netpace.device.listener.SendNotificationListener\">\n                    <activiti:field name=\"event\">\n                        <activiti:string>PRODUCT_DEVICE_COMPLIANCE_EOT_UNRFI</activiti:string>\n                    </activiti:field>\n                </activiti:executionListener>\n            </extensionElements>\n        </serviceTask>\n        <sequenceFlow sourceRef=\"DeviceComplianceReviewEOTUnRFI_ST\" targetRef=\"DeviceComplianceReviewEOT_ST\"></sequenceFlow>\n\n\n        <!-- DeviceComplianceReviewEOTDenied -->\n        <sequenceFlow sourceRef=\"DeviceComplianceReviewEOT_ExclusiveGateway\" targetRef=\"DeviceComplianceReviewEOTDenied_ST\">\n            <conditionExpression xsi:type=\"tFormalExpression\"><![CDATA[${decision == \"Deny\"}]]>\n            </conditionExpression>\n        </sequenceFlow>\n        <serviceTask id=\"DeviceComplianceReviewEOTDenied_ST\" name=\"DeviceComplianceReviewEOTDenied_ST\" activiti:delegateExpression=\"${companyApprovalHandler}\">\n            <extensionElements>\n                <activiti:executionListener event=\"start\" class=\"com.netpace.device.listener.UpdateWorkitemListener\">\n                    <activiti:field name=\"step\">\n                        <activiti:string>DeviceComplianceReviewEOT</activiti:string>\n                    </activiti:field>\n                    <activiti:field name=\"status\">\n                        <activiti:string>Processed</activiti:string>\n                    </activiti:field>\n                </activiti:executionListener>\n                <activiti:executionListener event=\"start\" class=\"com.netpace.device.listener.AddWorkitemListener\">\n                    <activiti:field name=\"step\">\n                        <activiti:string>DeviceComplianceReviewEOTDenied</activiti:string>\n                    </activiti:field>\n                    <activiti:field name=\"title\">\n                        <activiti:string>Device Compliance Review EOT Denied</activiti:string>\n                    </activiti:field>\n                    <activiti:field name=\"status\">\n                        <activiti:string>InProgress</activiti:string>\n                    </activiti:field>\n                    <activiti:field name=\"allowedRoles\">\n                        <activiti:string>ROLE_SUPER_ADMIN</activiti:string>\n                    </activiti:field>\n                    <activiti:field name=\"requireInput\">\n                        <activiti:string>false</activiti:string>\n                    </activiti:field>\n                    <activiti:field name=\"nextActions\">\n                        <activiti:string>UnDeny</activiti:string>\n                    </activiti:field>\n                </activiti:executionListener>\n                <activiti:executionListener event=\"start\" class=\"com.netpace.device.listener.SendNotificationListener\">\n                    <activiti:field name=\"event\">\n                        <activiti:string>PRODUCT_DEVICE_COMPLIANCE_EOT_DENIED</activiti:string>\n                    </activiti:field>\n                </activiti:executionListener>\n            </extensionElements>\n        </serviceTask>\n        <sequenceFlow sourceRef=\"DeviceComplianceReviewEOTDenied_ST\" targetRef=\"DeviceComplianceReviewEOTDenied\"></sequenceFlow>\n        <userTask id=\"DeviceComplianceReviewEOTDenied\" name=\"DeviceComplianceReviewEOTDenied\">\n            <documentation>\n                DeviceComplianceReviewEOTDenied\n            </documentation>\n        </userTask>\n        <sequenceFlow sourceRef=\"DeviceComplianceReviewEOTDenied\" targetRef=\"DeviceComplianceReviewEOTUnDenied_ST\"></sequenceFlow>\n        <serviceTask id=\"DeviceComplianceReviewEOTUnDenied_ST\" name=\"DeviceComplianceReviewEOTUnDenied_ST\" activiti:delegateExpression=\"${companyApprovalHandler}\">\n            <extensionElements>\n                <activiti:executionListener event=\"start\" class=\"com.netpace.device.listener.UpdateWorkitemListener\">\n                    <activiti:field name=\"step\">\n                        <activiti:string>DeviceComplianceReviewEOTDenied</activiti:string>\n                    </activiti:field>\n                    <activiti:field name=\"status\">\n                        <activiti:string>Processed</activiti:string>\n                    </activiti:field>\n                </activiti:executionListener>\n                <activiti:executionListener event=\"start\" class=\"com.netpace.device.listener.SendNotificationListener\">\n                    <activiti:field name=\"event\">\n                        <activiti:string>PRODUCT_DEVICE_COMPLIANCE_EOT_UNDENY</activiti:string>\n                    </activiti:field>\n                </activiti:executionListener>\n            </extensionElements>\n        </serviceTask>\n        <sequenceFlow sourceRef=\"DeviceComplianceReviewEOTUnDenied_ST\" targetRef=\"DeviceComplianceReviewEOT_ST\"></sequenceFlow>\n\n\n        <!-- DeviceComplianceReviewEOTApprove -->\n        <sequenceFlow sourceRef=\"DeviceComplianceReviewEOT_ExclusiveGateway\" targetRef=\"DeviceComplianceReviewEOTApprove_ST\">\n            <conditionExpression xsi:type=\"tFormalExpression\"><![CDATA[${decision == \"End Testing\"}]]>\n            </conditionExpression>\n        </sequenceFlow>\n        <serviceTask id=\"DeviceComplianceReviewEOTApprove_ST\" name=\"DeviceComplianceReviewEOTApprove_ST\" activiti:delegateExpression=\"${companyApprovalHandler}\">\n            <extensionElements>\n                <activiti:executionListener event=\"start\" class=\"com.netpace.device.listener.UpdateWorkitemListener\">\n                    <activiti:field name=\"step\">\n                        <activiti:string>DeviceComplianceReviewEOT</activiti:string>\n                    </activiti:field>\n                    <activiti:field name=\"status\">\n                        <activiti:string>Processed</activiti:string>\n                    </activiti:field>\n                </activiti:executionListener>\n                <activiti:executionListener event=\"start\" class=\"com.netpace.device.listener.SendNotificationListener\">\n                    <activiti:field name=\"event\">\n                        <activiti:string>PRODUCT_DEVICE_COMPLIANCE_EOT_END_TESTING</activiti:string>\n                    </activiti:field>\n                </activiti:executionListener>\n            </extensionElements>\n        </serviceTask>\n        <sequenceFlow sourceRef=\"DeviceComplianceReviewEOTApprove_ST\" targetRef=\"UploadPDFofSampleProduct_InclusiveGateway\"></sequenceFlow>\n        <!-- DeviceComplianceReviewEOT End -->\n        \n        \n        <!-- UploadPDFofSampleProduct Parallel Gateway -->\n        <parallelGateway id=\"UploadPDFofSampleProduct_InclusiveGateway\" />\n        <sequenceFlow sourceRef=\"UploadPDFofSampleProduct_InclusiveGateway\" targetRef=\"UploadPDFofSampleProduct_ST\"></sequenceFlow>\n        \n        \n        <!-- UploadPDFofSampleProduct Start -->\n        <serviceTask id=\"UploadPDFofSampleProduct_ST\" name=\"UploadPDFofSampleProduct_ST\" activiti:delegateExpression=\"${companyApprovalHandler}\">\n            <extensionElements>\n                <activiti:executionListener event=\"start\" class=\"com.netpace.device.listener.AddWorkitemListener\">\n                    <activiti:field name=\"step\">\n                        <activiti:string>UploadPDFofSampleProduct</activiti:string>\n                    </activiti:field>\n                    <activiti:field name=\"title\">\n                        <activiti:string>Upload PDF of Sample Product</activiti:string>\n                    </activiti:field>\n                    <activiti:field name=\"status\">\n                        <activiti:string>InProgress</activiti:string>\n                    </activiti:field>\n                    <activiti:field name=\"allowedRoles\">\n                        <activiti:string>ROLE_PARTNER_USER,ROLE_SUPER_ADMIN</activiti:string>\n                    </activiti:field>\n                    <activiti:field name=\"requireInput\">\n                        <activiti:string>true</activiti:string>\n                    </activiti:field>\n                    <activiti:field name=\"nextActions\">\n                        <activiti:string>Submit to Verizon</activiti:string>\n                    </activiti:field>\n                </activiti:executionListener>\n                <activiti:executionListener event=\"start\" class=\"com.netpace.device.listener.SendNotificationListener\">\n                    <activiti:field name=\"event\">\n                        <activiti:string>PRODUCT_UPLOAD_PDF_OF_SAMPLE_PRODUCT_PENDING</activiti:string>\n                    </activiti:field>\n                </activiti:executionListener>      \n            </extensionElements>\n        </serviceTask>\n        <sequenceFlow sourceRef=\"UploadPDFofSampleProduct_ST\" targetRef=\"UploadPDFofSampleProduct\"></sequenceFlow>\n        <userTask id=\"UploadPDFofSampleProduct\" name=\"UploadPDFofSampleProduct\">\n            <documentation>\n                UploadPDFofSampleProduct\n            </documentation>\n        </userTask>\n        <sequenceFlow sourceRef=\"UploadPDFofSampleProduct\" targetRef=\"UploadPDFofSampleProduct_ExclusiveGateway\"></sequenceFlow>\n        <exclusiveGateway id=\"UploadPDFofSampleProduct_ExclusiveGateway\" name=\"UploadPDFofSampleProduct_ExclusiveGateway\"/>\n\n\n        <!-- UploadPDFofSampleProductApprove Flow -->\n        <sequenceFlow sourceRef=\"UploadPDFofSampleProduct_ExclusiveGateway\" targetRef=\"UploadPDFofSampleProductApprove_ST\">\n            <conditionExpression xsi:type=\"tFormalExpression\"><![CDATA[${decision == \"Submit to Verizon\"}]]>\n            </conditionExpression>\n        </sequenceFlow>\n        <serviceTask id=\"UploadPDFofSampleProductApprove_ST\" name=\"UploadPDFofSampleProductApprove_ST\" activiti:delegateExpression=\"${companyApprovalHandler}\">\n            <extensionElements>\n                <activiti:executionListener event=\"start\" class=\"com.netpace.device.listener.UpdateWorkitemListener\">\n                    <activiti:field name=\"step\">\n                        <activiti:string>UploadPDFofSampleProduct</activiti:string>\n                    </activiti:field>\n                    <activiti:field name=\"status\">\n                        <activiti:string>Processed</activiti:string>\n                    </activiti:field>\n                </activiti:executionListener>\n                <activiti:executionListener event=\"start\" class=\"com.netpace.device.listener.SendNotificationListener\">\n                    <activiti:field name=\"event\">\n                        <activiti:string>PRODUCT_UPLOAD_PDF_OF_SAMPLE_PRODUCT_SUBMITTED</activiti:string>\n                    </activiti:field>\n                </activiti:executionListener>\n            </extensionElements>\n        </serviceTask>\n        <sequenceFlow sourceRef=\"UploadPDFofSampleProductApprove_ST\" targetRef=\"DeviceMarketingFinalReview_ST\"></sequenceFlow>\n        <!-- UploadPDFofSampleProduct End -->\n\n\n        <!-- DeviceMarketingFinalReview Start -->\n        <serviceTask id=\"DeviceMarketingFinalReview_ST\" name=\"DeviceMarketingFinalReview_ST\" activiti:delegateExpression=\"${companyApprovalHandler}\">\n            <extensionElements>\n                <activiti:executionListener event=\"start\" class=\"com.netpace.device.listener.AddWorkitemListener\">\n                    <activiti:field name=\"step\">\n                        <activiti:string>DeviceMarketingFinalReview</activiti:string>\n                    </activiti:field>\n                    <activiti:field name=\"title\">\n                        <activiti:string>Device Marketing Final Review</activiti:string>\n                    </activiti:field>\n                    <activiti:field name=\"status\">\n                        <activiti:string>InProgress</activiti:string>\n                    </activiti:field>\n                    <activiti:field name=\"allowedRoles\">\n                        <activiti:string>ROLE_DEVICE_MARKETING,ROLE_SUPER_ADMIN,ROLE_VERIZON_SYSTEM_ADMIN</activiti:string>\n                    </activiti:field>\n                    <activiti:field name=\"requireInput\">\n                        <activiti:string>false</activiti:string>\n                    </activiti:field>\n                    <activiti:field name=\"nextActions\">\n                        <activiti:string>Approve,Deny,RFI</activiti:string>\n                    </activiti:field>\n                </activiti:executionListener>\n                <activiti:executionListener event=\"start\" class=\"com.netpace.device.listener.SendNotificationListener\">\n                    <activiti:field name=\"event\">\n                        <activiti:string>PRODUCT_DEVICE_MARKETING_FINAL_REVIEW_PENDING</activiti:string>\n                    </activiti:field>\n                </activiti:executionListener>      \n            </extensionElements>\n        </serviceTask>\n        <sequenceFlow sourceRef=\"DeviceMarketingFinalReview_ST\" targetRef=\"DeviceMarketingFinalReview\"></sequenceFlow>\n        <userTask id=\"DeviceMarketingFinalReview\" name=\"DeviceMarketingFinalReview\">\n            <documentation>\n                DeviceMarketingFinalReview\n            </documentation>\n        </userTask>\n        <sequenceFlow sourceRef=\"DeviceMarketingFinalReview\" targetRef=\"DeviceMarketingFinalReview_ExclusiveGateway\"></sequenceFlow>\n        <exclusiveGateway id=\"DeviceMarketingFinalReview_ExclusiveGateway\" name=\"DeviceMarketingFinalReview_ExclusiveGateway\"></exclusiveGateway>\n        \n        \n        <!-- DeviceMarketingFinalReviewRFI -->\n        <sequenceFlow sourceRef=\"DeviceMarketingFinalReview_ExclusiveGateway\" targetRef=\"DeviceMarketingFinalReviewRFI_ST\">\n            <conditionExpression xsi:type=\"tFormalExpression\"><![CDATA[${decision == \"RFI\"}]]>\n            </conditionExpression>\n        </sequenceFlow>\n        <serviceTask id=\"DeviceMarketingFinalReviewRFI_ST\" name=\"DeviceMarketingFinalReviewRFI_ST\" activiti:delegateExpression=\"${companyApprovalHandler}\">\n            <extensionElements>\n                <activiti:executionListener event=\"start\" class=\"com.netpace.device.listener.UpdateWorkitemListener\">\n                    <activiti:field name=\"step\">\n                        <activiti:string>DeviceMarketingFinalReview</activiti:string>\n                    </activiti:field>\n                    <activiti:field name=\"status\">\n                        <activiti:string>Processed</activiti:string>\n                    </activiti:field>\n                </activiti:executionListener>\n                <activiti:executionListener event=\"start\" class=\"com.netpace.device.listener.AddWorkitemListener\">\n                    <activiti:field name=\"step\">\n                        <activiti:string>DeviceMarketingFinalReviewRFI</activiti:string>\n                    </activiti:field>\n                    <activiti:field name=\"title\">\n                        <activiti:string>Device Marketing Final Review RFI</activiti:string>\n                    </activiti:field>\n                    <activiti:field name=\"status\">\n                        <activiti:string>InProgress</activiti:string>\n                    </activiti:field>\n                    <activiti:field name=\"allowedRoles\">\n                        <activiti:string>ROLE_DEVICE_MARKETING,ROLE_SUPER_ADMIN,ROLE_VERIZON_SYSTEM_ADMIN</activiti:string>\n                    </activiti:field>\n                    <activiti:field name=\"requireInput\">\n                        <activiti:string>false</activiti:string>\n                    </activiti:field>\n                    <activiti:field name=\"nextActions\">\n                        <activiti:string>UnRFI</activiti:string>\n                    </activiti:field>\n                </activiti:executionListener>\n                <activiti:executionListener event=\"start\" class=\"com.netpace.device.listener.SendNotificationListener\">\n                    <activiti:field name=\"event\">\n                        <activiti:string>PRODUCT_DEVICE_MARKETING_FINAL_REVIEW_RFI</activiti:string>\n                    </activiti:field>\n                </activiti:executionListener>\n            </extensionElements>\n        </serviceTask>\n        <sequenceFlow sourceRef=\"DeviceMarketingFinalReviewRFI_ST\" targetRef=\"DeviceMarketingFinalReviewRFI\"></sequenceFlow>\n        <userTask id=\"DeviceMarketingFinalReviewRFI\" name=\"DeviceMarketingFinalReviewRFI\">\n            <documentation>\n                DeviceMarketingFinalReviewRFI\n            </documentation>\n        </userTask>\n        <sequenceFlow sourceRef=\"DeviceMarketingFinalReviewRFI\" targetRef=\"DeviceMarketingFinalReviewUnRFI_ST\"></sequenceFlow>\n        <serviceTask id=\"DeviceMarketingFinalReviewUnRFI_ST\" name=\"DeviceMarketingFinalReviewUnRFI_ST\" activiti:delegateExpression=\"${companyApprovalHandler}\">\n            <extensionElements>\n                <activiti:executionListener event=\"start\" class=\"com.netpace.device.listener.UpdateWorkitemListener\">\n                    <activiti:field name=\"step\">\n                        <activiti:string>DeviceMarketingFinalReviewRFI</activiti:string>\n                    </activiti:field>\n                    <activiti:field name=\"status\">\n                        <activiti:string>Processed</activiti:string>\n                    </activiti:field>\n                </activiti:executionListener>\n                <activiti:executionListener event=\"start\" class=\"com.netpace.device.listener.SendNotificationListener\">\n                    <activiti:field name=\"event\">\n                        <activiti:string>PRODUCT_DEVICE_MARKETING_FINAL_REVIEW_UNRFI</activiti:string>\n                    </activiti:field>\n                </activiti:executionListener>\n            </extensionElements>\n        </serviceTask>\n        <sequenceFlow sourceRef=\"DeviceMarketingFinalReviewUnRFI_ST\" targetRef=\"DeviceMarketingFinalReview_ST\"></sequenceFlow>\n\n\n        <!-- DeviceMarketingFinalReviewDenied -->\n        <sequenceFlow sourceRef=\"DeviceMarketingFinalReview_ExclusiveGateway\" targetRef=\"DeviceMarketingFinalReviewDenied_ST\">\n            <conditionExpression xsi:type=\"tFormalExpression\"><![CDATA[${decision == \"Deny\"}]]>\n            </conditionExpression>\n        </sequenceFlow>\n        <serviceTask id=\"DeviceMarketingFinalReviewDenied_ST\" name=\"DeviceMarketingFinalReviewDenied_ST\" activiti:delegateExpression=\"${companyApprovalHandler}\">\n            <extensionElements>\n                <activiti:executionListener event=\"start\" class=\"com.netpace.device.listener.UpdateWorkitemListener\">\n                    <activiti:field name=\"step\">\n                        <activiti:string>DeviceMarketingFinalReview</activiti:string>\n                    </activiti:field>\n                    <activiti:field name=\"status\">\n                        <activiti:string>Processed</activiti:string>\n                    </activiti:field>\n                </activiti:executionListener>\n                <activiti:executionListener event=\"start\" class=\"com.netpace.device.listener.AddWorkitemListener\">\n                    <activiti:field name=\"step\">\n                        <activiti:string>DeviceMarketingFinalReviewDenied</activiti:string>\n                    </activiti:field>\n                    <activiti:field name=\"title\">\n                        <activiti:string>Device Marketing Final Review Denied</activiti:string>\n                    </activiti:field>\n                    <activiti:field name=\"status\">\n                        <activiti:string>InProgress</activiti:string>\n                    </activiti:field>\n                    <activiti:field name=\"allowedRoles\">\n                        <activiti:string>ROLE_SUPER_ADMIN</activiti:string>\n                    </activiti:field>\n                    <activiti:field name=\"requireInput\">\n                        <activiti:string>false</activiti:string>\n                    </activiti:field>\n                    <activiti:field name=\"nextActions\">\n                        <activiti:string>UnDeny</activiti:string>\n                    </activiti:field>\n                </activiti:executionListener>\n                <activiti:executionListener event=\"start\" class=\"com.netpace.device.listener.SendNotificationListener\">\n                    <activiti:field name=\"event\">\n                        <activiti:string>PRODUCT_DEVICE_MARKETING_FINAL_REVIEW_DENIED</activiti:string>\n                    </activiti:field>\n                </activiti:executionListener>\n            </extensionElements>\n        </serviceTask>\n        <sequenceFlow sourceRef=\"DeviceMarketingFinalReviewDenied_ST\" targetRef=\"DeviceMarketingFinalReviewDenied\"></sequenceFlow>\n        <userTask id=\"DeviceMarketingFinalReviewDenied\" name=\"DeviceMarketingFinalReviewDenied\">\n            <documentation>\n                DeviceMarketingFinalReviewDenied\n            </documentation>\n        </userTask>\n        <sequenceFlow sourceRef=\"DeviceMarketingFinalReviewDenied\" targetRef=\"DeviceMarketingFinalReviewUnDenied_ST\"></sequenceFlow>\n        <serviceTask id=\"DeviceMarketingFinalReviewUnDenied_ST\" name=\"DeviceMarketingFinalReviewUnDenied_ST\" activiti:delegateExpression=\"${companyApprovalHandler}\">\n            <extensionElements>\n                <activiti:executionListener event=\"start\" class=\"com.netpace.device.listener.UpdateWorkitemListener\">\n                    <activiti:field name=\"step\">\n                        <activiti:string>DeviceMarketingFinalReviewDenied</activiti:string>\n                    </activiti:field>\n                    <activiti:field name=\"status\">\n                        <activiti:string>Processed</activiti:string>\n                    </activiti:field>\n                </activiti:executionListener>\n                <activiti:executionListener event=\"start\" class=\"com.netpace.device.listener.SendNotificationListener\">\n                    <activiti:field name=\"event\">\n                        <activiti:string>PRODUCT_DEVICE_MARKETING_FINAL_REVIEW_UNDENY</activiti:string>\n                    </activiti:field>\n                </activiti:executionListener>\n            </extensionElements>\n        </serviceTask>\n        <sequenceFlow sourceRef=\"DeviceMarketingFinalReviewUnDenied_ST\" targetRef=\"DeviceMarketingFinalReview_ST\"></sequenceFlow>\n\n\n        <!-- DeviceMarketingFinalReviewApprove -->\n        <sequenceFlow sourceRef=\"DeviceMarketingFinalReview_ExclusiveGateway\" targetRef=\"DeviceMarketingFinalReviewApprove_ST\">\n            <conditionExpression xsi:type=\"tFormalExpression\"><![CDATA[${decision == \"Approve\"}]]>\n            </conditionExpression>\n        </sequenceFlow>\n        <serviceTask id=\"DeviceMarketingFinalReviewApprove_ST\" name=\"DeviceMarketingFinalReviewApprove_ST\" activiti:delegateExpression=\"${companyApprovalHandler}\">\n            <extensionElements>\n                <activiti:executionListener event=\"start\" class=\"com.netpace.device.listener.UpdateWorkitemListener\">\n                    <activiti:field name=\"step\">\n                        <activiti:string>DeviceMarketingFinalReview</activiti:string>\n                    </activiti:field>\n                    <activiti:field name=\"status\">\n                        <activiti:string>Processed</activiti:string>\n                    </activiti:field>\n                </activiti:executionListener>\n                <activiti:executionListener event=\"start\" class=\"com.netpace.device.listener.SendNotificationListener\">\n                    <activiti:field name=\"event\">\n                        <activiti:string>PRODUCT_DEVICE_MARKETING_FINAL_REVIEW_APPROVED</activiti:string>\n                    </activiti:field>\n                </activiti:executionListener>\n            </extensionElements>\n        </serviceTask>\n        <sequenceFlow sourceRef=\"DeviceMarketingFinalReviewApprove_ST\" targetRef=\"Approved_ST\"></sequenceFlow>\n        <!-- DeviceMarketingFinalReview End -->\n        \n        \n        <serviceTask id=\"Approved_ST\" name=\"Approved_ST\" activiti:delegateExpression=\"${companyApprovalHandler}\">\n            <extensionElements>\n                <activiti:executionListener event=\"start\" class=\"com.netpace.device.listener.AddWorkitemListener\">\n                    <activiti:field name=\"step\">\n                        <activiti:string>Approved</activiti:string>\n                    </activiti:field>\n                    <activiti:field name=\"status\">\n                        <activiti:string>Processed</activiti:string>\n                    </activiti:field>\n                    <activiti:field name=\"allowedRoles\">\n                        <activiti:string>ROLE_SUPER_ADMIN</activiti:string>\n                    </activiti:field>\n                    <activiti:field name=\"requireInput\">\n                        <activiti:string>false</activiti:string>\n                    </activiti:field>\n                    <activiti:field name=\"nextActions\">\n                        <activiti:string> </activiti:string>\n                    </activiti:field>\n                </activiti:executionListener>\n                <activiti:executionListener event=\"start\" class=\"com.netpace.device.listener.SendNotificationListener\">\n                    <activiti:field name=\"event\">\n                        <activiti:string>PRODUCT_APPROVED</activiti:string>\n                    </activiti:field>\n                </activiti:executionListener>      \n            </extensionElements>\n        </serviceTask>\n        <sequenceFlow sourceRef=\"Approved_ST\" targetRef=\"End\"></sequenceFlow>\n        <endEvent id=\"End\" name=\"End\"></endEvent>\n        \n    </process>\n  \n</definitions>'),('403',1,'/usr/java/vsap/QA1/apache-tomcat-7.0.42/webapps/device/WEB-INF/classes/CompanyApprovalWorkflow.bpmn20.xml','401','<?xml version=\"1.0\" encoding=\"UTF-8\"?>\n<definitions xmlns=\"http://www.omg.org/spec/BPMN/20100524/MODEL\" \n             xmlns:xsi=\"http://www.w3.org/2001/XMLSchema-instance\" \n             xmlns:activiti=\"http://activiti.org/bpmn\" \n             xmlns:bpmndi=\"http://www.omg.org/spec/BPMN/20100524/DI\" \n             xmlns:omgdc=\"http://www.omg.org/spec/DD/20100524/DC\" \n             xmlns:omgdi=\"http://www.omg.org/spec/DD/20100524/DI\" \n             typeLanguage=\"http://www.w3.org/2001/XMLSchema\" \n             expressionLanguage=\"http://www.w3.org/1999/XPath\" \n             targetNamespace=\"http://www.activiti.org/test\">\n    <process id=\"VAP_Company_Approval_Process\" name=\"VAP Company Approval Process\" isExecutable=\"true\">\n        <startEvent id=\"Start\" name=\"Start\"></startEvent>\n        \n        \n        <!-- Device Marketing Flow -->\n        <sequenceFlow sourceRef=\"Start\" targetRef=\"DeviceMarketingReview_ST\"></sequenceFlow>\n        <serviceTask id=\"DeviceMarketingReview_ST\" name=\"DeviceMarketingReview_ST\" activiti:delegateExpression=\"${companyApprovalHandler}\">\n            <extensionElements>\n                <activiti:executionListener event=\"start\" class=\"com.netpace.device.listener.AddWorkitemListener\">\n                    <activiti:field name=\"step\">\n                        <activiti:string>DeviceMarketingReview</activiti:string>\n                    </activiti:field>\n                    <activiti:field name=\"title\">\n                        <activiti:string>Device Marketing Review</activiti:string>\n                    </activiti:field>\n                    <activiti:field name=\"status\">\n                        <activiti:string>InProgress</activiti:string>\n                    </activiti:field>\n                    <activiti:field name=\"allowedRoles\">\n                        <activiti:string>ROLE_DEVICE_MARKETING,ROLE_SUPER_ADMIN,ROLE_VERIZON_SYSTEM_ADMIN</activiti:string>\n                    </activiti:field>\n                    <activiti:field name=\"requireInput\">\n                        <activiti:string>false</activiti:string>\n                    </activiti:field>\n                    <activiti:field name=\"nextActions\">\n                        <activiti:string>Approve,Deny,RFI</activiti:string>\n                    </activiti:field>\n                </activiti:executionListener>\n                <activiti:executionListener event=\"start\" class=\"com.netpace.device.listener.SendNotificationListener\">\n                    <activiti:field name=\"event\">\n                        <activiti:string>PARTNER_DEVICE_MARKETING_PENDING</activiti:string>\n                    </activiti:field>\n                </activiti:executionListener>      \n            </extensionElements>\n        </serviceTask>\n        <sequenceFlow sourceRef=\"DeviceMarketingReview_ST\" targetRef=\"DeviceMarketingReview\"></sequenceFlow>\n        <userTask id=\"DeviceMarketingReview\" name=\"DeviceMarketingReview\">\n            <documentation>\n                Device Marketing\n                The Device Marketing team will review the company information and can either Approve or Deny  the registration request.\n                If Device Marketing has any questions they can also Request for Information (RFI).\n            </documentation>\n        </userTask>\n        <sequenceFlow sourceRef=\"DeviceMarketingReview\" targetRef=\"MR_ExclusiveGateway\"></sequenceFlow>\n        <exclusiveGateway id=\"MR_ExclusiveGateway\" name=\"MR ExclusiveGateway\"></exclusiveGateway>\n        \n        \n        <!-- Device Marketing Denied Flow -->\n        <sequenceFlow sourceRef=\"MR_ExclusiveGateway\" targetRef=\"DeviceMarketingDenied_ST\">\n            <conditionExpression xsi:type=\"tFormalExpression\"><![CDATA[${decision == \"Deny\"}]]>\n            </conditionExpression>\n        </sequenceFlow>\n        <serviceTask id=\"DeviceMarketingDenied_ST\" name=\"DeviceMarketingDenied_ST\" activiti:delegateExpression=\"${companyApprovalHandler}\">\n            <extensionElements>\n                <activiti:executionListener event=\"start\" class=\"com.netpace.device.listener.UpdateWorkitemListener\">\n                    <activiti:field name=\"step\">\n                        <activiti:string>DeviceMarketingReview</activiti:string>\n                    </activiti:field>\n                    <activiti:field name=\"status\">\n                        <activiti:string>Processed</activiti:string>\n                    </activiti:field>\n                </activiti:executionListener>\n                <activiti:executionListener event=\"start\" class=\"com.netpace.device.listener.AddWorkitemListener\">\n                    <activiti:field name=\"step\">\n                        <activiti:string>DeviceMarketingReviewDenied</activiti:string>\n                    </activiti:field>\n                    <activiti:field name=\"title\">\n                        <activiti:string>Device Marketing Review Denied</activiti:string>\n                    </activiti:field>\n                    <activiti:field name=\"status\">\n                        <activiti:string>InProgress</activiti:string>\n                    </activiti:field>\n                    <activiti:field name=\"allowedRoles\">\n                        <activiti:string>ROLE_SUPER_ADMIN</activiti:string>\n                    </activiti:field>\n                    <activiti:field name=\"requireInput\">\n                        <activiti:string>false</activiti:string>\n                    </activiti:field>\n                    <activiti:field name=\"nextActions\">\n                        <activiti:string>UnDeny</activiti:string>\n                    </activiti:field>\n                </activiti:executionListener>\n                <activiti:executionListener event=\"start\" class=\"com.netpace.device.listener.SendNotificationListener\">\n                    <activiti:field name=\"event\">\n                        <activiti:string>PARTNER_DEVICE_MARKETING_DENIED</activiti:string>\n                    </activiti:field>\n                </activiti:executionListener>      \n            </extensionElements>\n        </serviceTask>\n        <sequenceFlow sourceRef=\"DeviceMarketingDenied_ST\" targetRef=\"DeviceMarketingReviewDenied\"></sequenceFlow>\n        <userTask id=\"DeviceMarketingReviewDenied\" name=\"DeviceMarketingReviewDenied\">\n            <documentation>\n                Device Marketing Denied\n            </documentation>\n        </userTask>\n        <sequenceFlow sourceRef=\"DeviceMarketingReviewDenied\" targetRef=\"DeviceMarketingUnDenied_ST\"></sequenceFlow>\n        <serviceTask id=\"DeviceMarketingUnDenied_ST\" name=\"DeviceMarketingUnDenied_ST\" activiti:delegateExpression=\"${companyApprovalHandler}\">\n            <extensionElements>\n                <activiti:executionListener event=\"start\" class=\"com.netpace.device.listener.UpdateWorkitemListener\">\n                    <activiti:field name=\"step\">\n                        <activiti:string>DeviceMarketingReviewDenied</activiti:string>\n                    </activiti:field>\n                    <activiti:field name=\"status\">\n                        <activiti:string>Processed</activiti:string>\n                    </activiti:field>\n                </activiti:executionListener>\n                <activiti:executionListener event=\"start\" class=\"com.netpace.device.listener.SendNotificationListener\">\n                    <activiti:field name=\"event\">\n                        <activiti:string>PARTNER_DEVICE_MARKETING_UNDENY</activiti:string>\n                    </activiti:field>\n                </activiti:executionListener>      \n            </extensionElements>\n        </serviceTask>\n        <sequenceFlow sourceRef=\"DeviceMarketingUnDenied_ST\" targetRef=\"DeviceMarketingReview_ST\"></sequenceFlow>\n        \n        \n        <!-- Device Marketing RFI Flow -->\n        <sequenceFlow sourceRef=\"MR_ExclusiveGateway\" targetRef=\"DeviceMarketingRFI_ST\">\n            <conditionExpression xsi:type=\"tFormalExpression\"><![CDATA[${decision == \"RFI\"}]]>\n            </conditionExpression>\n        </sequenceFlow>\n        <serviceTask id=\"DeviceMarketingRFI_ST\" name=\"DeviceMarketingRFI_ST\" activiti:delegateExpression=\"${companyApprovalHandler}\">\n            <extensionElements>\n                <activiti:executionListener event=\"start\" class=\"com.netpace.device.listener.UpdateWorkitemListener\">\n                    <activiti:field name=\"step\">\n                        <activiti:string>DeviceMarketingReview</activiti:string>\n                    </activiti:field>\n                    <activiti:field name=\"status\">\n                        <activiti:string>Processed</activiti:string>\n                    </activiti:field>\n                </activiti:executionListener>\n                <activiti:executionListener event=\"start\" class=\"com.netpace.device.listener.AddWorkitemListener\">\n                    <activiti:field name=\"step\">\n                        <activiti:string>DeviceMarketingReviewRFI</activiti:string>\n                    </activiti:field>\n                    <activiti:field name=\"title\">\n                        <activiti:string>Device Marketing Review RFI</activiti:string>\n                    </activiti:field>\n                    <activiti:field name=\"status\">\n                        <activiti:string>InProgress</activiti:string>\n                    </activiti:field>\n                    <activiti:field name=\"allowedRoles\">\n                        <activiti:string>ROLE_DEVICE_MARKETING,ROLE_SUPER_ADMIN,ROLE_VERIZON_SYSTEM_ADMIN</activiti:string>\n                    </activiti:field>\n                    <activiti:field name=\"requireInput\">\n                        <activiti:string>false</activiti:string>\n                    </activiti:field>\n                    <activiti:field name=\"nextActions\">\n                        <activiti:string>UnRFI</activiti:string>\n                    </activiti:field>\n                </activiti:executionListener>\n                <activiti:executionListener event=\"start\" class=\"com.netpace.device.listener.SendNotificationListener\">\n                    <activiti:field name=\"event\">\n                        <activiti:string>PARTNER_DEVICE_MARKETING_RFI</activiti:string>\n                    </activiti:field>\n                </activiti:executionListener>      \n            </extensionElements>\n        </serviceTask>\n        <sequenceFlow sourceRef=\"DeviceMarketingRFI_ST\" targetRef=\"DeviceMarketingReviewRFI\"></sequenceFlow>\n        <userTask id=\"DeviceMarketingReviewRFI\" name=\"DeviceMarketingReviewRFI\">\n            <documentation>\n                Device Marketing RFI\n            </documentation>\n        </userTask>\n        <sequenceFlow sourceRef=\"DeviceMarketingReviewRFI\" targetRef=\"DeviceMarketingReviewUnRFI_ST\"></sequenceFlow>\n        <serviceTask id=\"DeviceMarketingReviewUnRFI_ST\" name=\"DeviceMarketingReviewUnRFI_ST\" activiti:delegateExpression=\"${companyApprovalHandler}\">\n            <extensionElements>\n                <activiti:executionListener event=\"start\" class=\"com.netpace.device.listener.UpdateWorkitemListener\">\n                    <activiti:field name=\"step\">\n                        <activiti:string>DeviceMarketingReviewRFI</activiti:string>\n                    </activiti:field>\n                    <activiti:field name=\"status\">\n                        <activiti:string>Processed</activiti:string>\n                    </activiti:field>\n                </activiti:executionListener>\n                <activiti:executionListener event=\"start\" class=\"com.netpace.device.listener.SendNotificationListener\">\n                    <activiti:field name=\"event\">\n                        <activiti:string>PARTNER_DEVICE_MARKETING_UNRFI</activiti:string>\n                    </activiti:field>\n                </activiti:executionListener>\n            </extensionElements>\n        </serviceTask>\n        <sequenceFlow sourceRef=\"DeviceMarketingReviewUnRFI_ST\" targetRef=\"DeviceMarketingReview_ST\"></sequenceFlow>\n        \n        \n        <!-- Device Marketing Approve Flow -->\n        <sequenceFlow sourceRef=\"MR_ExclusiveGateway\" targetRef=\"MRApprove_ST\">\n            <conditionExpression xsi:type=\"tFormalExpression\"><![CDATA[${decision == \"Approve\"}]]>\n            </conditionExpression>\n        </sequenceFlow>\n        <serviceTask id=\"MRApprove_ST\" name=\"MRApprove_ST\" activiti:delegateExpression=\"${companyApprovalHandler}\">\n            <extensionElements>\n                <activiti:executionListener event=\"start\" class=\"com.netpace.device.listener.UpdateWorkitemListener\">\n                    <activiti:field name=\"step\">\n                        <activiti:string>DeviceMarketingReview</activiti:string>\n                    </activiti:field>\n                    <activiti:field name=\"status\">\n                        <activiti:string>Processed</activiti:string>\n                    </activiti:field>\n                </activiti:executionListener>\n                <activiti:executionListener event=\"start\" class=\"com.netpace.device.listener.SendNotificationListener\">\n                    <activiti:field name=\"event\">\n                        <activiti:string>PARTNER_DEVICE_MARKETING_APPROVED</activiti:string>\n                    </activiti:field>\n                </activiti:executionListener>\n            </extensionElements>\n        </serviceTask>\n        <sequenceFlow sourceRef=\"MRApprove_ST\" targetRef=\"OFACReview_ST\"></sequenceFlow>\n        \n        \n        <!-- OFACReview Flow -->\n        <serviceTask id=\"OFACReview_ST\" name=\"OFACReview_ST\" activiti:delegateExpression=\"${companyApprovalHandler}\">\n            <extensionElements>\n                <activiti:executionListener event=\"start\" class=\"com.netpace.device.listener.AddWorkitemListener\">\n                    <activiti:field name=\"step\">\n                        <activiti:string>OFACReview</activiti:string>\n                    </activiti:field>\n                    <activiti:field name=\"title\">\n                        <activiti:string>OFAC Review</activiti:string>\n                    </activiti:field>\n                    <activiti:field name=\"status\">\n                        <activiti:string>InProgress</activiti:string>\n                    </activiti:field>\n                    <activiti:field name=\"allowedRoles\">\n                        <activiti:string>ROLE_OFAC,ROLE_SUPER_ADMIN,ROLE_VERIZON_SYSTEM_ADMIN</activiti:string>\n                    </activiti:field>\n                    <activiti:field name=\"requireInput\">\n                        <activiti:string>false</activiti:string>\n                    </activiti:field>\n                    <activiti:field name=\"nextActions\">\n                        <activiti:string>Approve,Suspend,RFI</activiti:string>\n                    </activiti:field>\n                </activiti:executionListener>\n                <activiti:executionListener event=\"start\" class=\"com.netpace.device.listener.SendNotificationListener\">\n                    <activiti:field name=\"event\">\n                        <activiti:string>PARTNER_OFAC_REVIEW_PENDING</activiti:string>\n                    </activiti:field>\n                </activiti:executionListener>\n            </extensionElements>\n        </serviceTask>\n        <sequenceFlow sourceRef=\"OFACReview_ST\" targetRef=\"OFACReview\"></sequenceFlow>\n        <userTask id=\"OFACReview\" name=\"OFACReview\">\n            <documentation>\n                OFACReview\n            </documentation>\n        </userTask>\n        <sequenceFlow sourceRef=\"OFACReview\" targetRef=\"OFAC_ExclusiveGateway\"></sequenceFlow>\n        <exclusiveGateway id=\"OFAC_ExclusiveGateway\" name=\"OFAC_ExclusiveGateway\"></exclusiveGateway>\n        \n        \n        <!-- OFACReview RFI Flow -->\n        <sequenceFlow sourceRef=\"OFAC_ExclusiveGateway\" targetRef=\"OFACReviewRFI_ST\">\n            <conditionExpression xsi:type=\"tFormalExpression\"><![CDATA[${decision == \"RFI\"}]]>\n            </conditionExpression>\n        </sequenceFlow>\n        <serviceTask id=\"OFACReviewRFI_ST\" name=\"OFACReviewRFI_ST\" activiti:delegateExpression=\"${companyApprovalHandler}\">\n            <extensionElements>\n                <activiti:executionListener event=\"start\" class=\"com.netpace.device.listener.UpdateWorkitemListener\">\n                    <activiti:field name=\"step\">\n                        <activiti:string>OFACReview</activiti:string>\n                    </activiti:field>\n                    <activiti:field name=\"status\">\n                        <activiti:string>Processed</activiti:string>\n                    </activiti:field>\n                </activiti:executionListener>\n                <activiti:executionListener event=\"start\" class=\"com.netpace.device.listener.AddWorkitemListener\">\n                    <activiti:field name=\"step\">\n                        <activiti:string>OFACReviewRFI</activiti:string>\n                    </activiti:field>\n                    <activiti:field name=\"title\">\n                        <activiti:string>OFAC Review RFI</activiti:string>\n                    </activiti:field>\n                    <activiti:field name=\"status\">\n                        <activiti:string>InProgress</activiti:string>\n                    </activiti:field>\n                    <activiti:field name=\"allowedRoles\">\n                        <activiti:string>ROLE_OFAC,ROLE_SUPER_ADMIN,ROLE_VERIZON_SYSTEM_ADMIN</activiti:string>\n                    </activiti:field>\n                    <activiti:field name=\"requireInput\">\n                        <activiti:string>false</activiti:string>\n                    </activiti:field>\n                    <activiti:field name=\"nextActions\">\n                        <activiti:string>UnRFI</activiti:string>\n                    </activiti:field>\n                </activiti:executionListener>\n                <activiti:executionListener event=\"start\" class=\"com.netpace.device.listener.SendNotificationListener\">\n                    <activiti:field name=\"event\">\n                        <activiti:string>PARTNER_OFAC_REVIEW_RFI</activiti:string>\n                    </activiti:field>\n                </activiti:executionListener>\n            </extensionElements>\n        </serviceTask>\n        <sequenceFlow sourceRef=\"OFACReviewRFI_ST\" targetRef=\"OFACReviewRFI\"></sequenceFlow>\n        <userTask id=\"OFACReviewRFI\" name=\"OFACReviewRFI\">\n            <documentation>\n                OFAC Review RFI\n            </documentation>\n        </userTask>\n        <sequenceFlow sourceRef=\"OFACReviewRFI\" targetRef=\"OFACReviewUnRFI_ST\"></sequenceFlow>\n        <serviceTask id=\"OFACReviewUnRFI_ST\" name=\"OFACReviewUnRFI_ST\" activiti:delegateExpression=\"${companyApprovalHandler}\">\n            <extensionElements>\n                <activiti:executionListener event=\"start\" class=\"com.netpace.device.listener.UpdateWorkitemListener\">\n                    <activiti:field name=\"step\">\n                        <activiti:string>OFACReviewRFI</activiti:string>\n                    </activiti:field>\n                    <activiti:field name=\"status\">\n                        <activiti:string>Processed</activiti:string>\n                    </activiti:field>\n                </activiti:executionListener>\n                <activiti:executionListener event=\"start\" class=\"com.netpace.device.listener.SendNotificationListener\">\n                    <activiti:field name=\"event\">\n                        <activiti:string>PARTNER_OFAC_REVIEW_UNRFI</activiti:string>\n                    </activiti:field>\n                </activiti:executionListener>\n            </extensionElements>\n        </serviceTask>\n        <sequenceFlow sourceRef=\"OFACReviewUnRFI_ST\" targetRef=\"OFACReview_ST\"></sequenceFlow>\n\n\n        <!-- OFACReview Suspend Flow -->\n        <sequenceFlow sourceRef=\"OFAC_ExclusiveGateway\" targetRef=\"OFACReviewSuspend_ST\">\n            <conditionExpression xsi:type=\"tFormalExpression\"><![CDATA[${decision == \"Suspend\"}]]>\n            </conditionExpression>\n        </sequenceFlow>\n        <serviceTask id=\"OFACReviewSuspend_ST\" name=\"OFACReviewSuspend_ST\" activiti:delegateExpression=\"${companyApprovalHandler}\">\n            <extensionElements>\n                <activiti:executionListener event=\"start\" class=\"com.netpace.device.listener.UpdateWorkitemListener\">\n                    <activiti:field name=\"step\">\n                        <activiti:string>OFACReview</activiti:string>\n                    </activiti:field>\n                    <activiti:field name=\"status\">\n                        <activiti:string>Processed</activiti:string>\n                    </activiti:field>\n                </activiti:executionListener>\n                <activiti:executionListener event=\"start\" class=\"com.netpace.device.listener.AddWorkitemListener\">\n                    <activiti:field name=\"step\">\n                        <activiti:string>OFACReviewSuspend</activiti:string>\n                    </activiti:field>\n                    <activiti:field name=\"title\">\n                        <activiti:string>OFAC Review Suspended</activiti:string>\n                    </activiti:field>\n                    <activiti:field name=\"status\">\n                        <activiti:string>InProgress</activiti:string>\n                    </activiti:field>\n                    <activiti:field name=\"allowedRoles\">\n                        <activiti:string>ROLE_OFAC,ROLE_SUPER_ADMIN,ROLE_VERIZON_SYSTEM_ADMIN</activiti:string>\n                    </activiti:field>\n                    <activiti:field name=\"requireInput\">\n                        <activiti:string>false</activiti:string>\n                    </activiti:field>\n                    <activiti:field name=\"nextActions\">\n                        <activiti:string>UnSuspend</activiti:string>\n                    </activiti:field>\n                </activiti:executionListener>\n                <activiti:executionListener event=\"start\" class=\"com.netpace.device.listener.SendNotificationListener\">\n                    <activiti:field name=\"event\">\n                        <activiti:string>PARTNER_OFAC_REVIEW_SUSPENDED</activiti:string>\n                    </activiti:field>\n                </activiti:executionListener>\n            </extensionElements>\n        </serviceTask>\n        <sequenceFlow sourceRef=\"OFACReviewSuspend_ST\" targetRef=\"OFACReviewSuspend\"></sequenceFlow>\n        <userTask id=\"OFACReviewSuspend\" name=\"OFACReviewSuspend\">\n            <documentation>\n                OFAC Review Suspend\n            </documentation>\n        </userTask>\n        <sequenceFlow sourceRef=\"OFACReviewSuspend\" targetRef=\"OFACReviewUnSuspend_ST\"></sequenceFlow>\n        <serviceTask id=\"OFACReviewUnSuspend_ST\" name=\"OFACReviewUnSuspend_ST\" activiti:delegateExpression=\"${companyApprovalHandler}\">\n            <extensionElements>\n                <activiti:executionListener event=\"start\" class=\"com.netpace.device.listener.UpdateWorkitemListener\">\n                    <activiti:field name=\"step\">\n                        <activiti:string>OFACReviewSuspend</activiti:string>\n                    </activiti:field>\n                    <activiti:field name=\"status\">\n                        <activiti:string>Processed</activiti:string>\n                    </activiti:field>\n                </activiti:executionListener>\n                <activiti:executionListener event=\"start\" class=\"com.netpace.device.listener.SendNotificationListener\">\n                    <activiti:field name=\"event\">\n                        <activiti:string>PARTNER_OFAC_REVIEW_UNSUSPEND</activiti:string>\n                    </activiti:field>\n                </activiti:executionListener>\n            </extensionElements>\n        </serviceTask>\n        <sequenceFlow sourceRef=\"OFACReviewUnSuspend_ST\" targetRef=\"OFACReview_ST\"></sequenceFlow>\n\n\n        <!-- OFACReview Approve Flow -->\n        <sequenceFlow sourceRef=\"OFAC_ExclusiveGateway\" targetRef=\"OFACReviewApprove_ST\">\n            <conditionExpression xsi:type=\"tFormalExpression\"><![CDATA[${decision == \"Approve\"}]]>\n            </conditionExpression>\n        </sequenceFlow>\n        <serviceTask id=\"OFACReviewApprove_ST\" name=\"OFACReviewApprove_ST\" activiti:delegateExpression=\"${companyApprovalHandler}\">\n            <extensionElements>\n                <activiti:executionListener event=\"start\" class=\"com.netpace.device.listener.UpdateWorkitemListener\">\n                    <activiti:field name=\"step\">\n                        <activiti:string>OFACReview</activiti:string>\n                    </activiti:field>\n                    <activiti:field name=\"status\">\n                        <activiti:string>Processed</activiti:string>\n                    </activiti:field>\n                </activiti:executionListener>\n                <activiti:executionListener event=\"start\" class=\"com.netpace.device.listener.SendNotificationListener\">\n                    <activiti:field name=\"event\">\n                        <activiti:string>PARTNER_OFAC_REVIEW_APPROVED</activiti:string>\n                    </activiti:field>\n                </activiti:executionListener>\n            </extensionElements>\n        </serviceTask>\n        <sequenceFlow sourceRef=\"OFACReviewApprove_ST\" targetRef=\"CertificationNDA_ParallelGateway\"></sequenceFlow>\n        \n        <parallelGateway id=\"CertificationNDA_ParallelGateway\" />\n        <sequenceFlow sourceRef=\"CertificationNDA_ParallelGateway\" targetRef=\"CertificationNDA_ST\"></sequenceFlow>\n        <sequenceFlow sourceRef=\"CertificationNDA_ParallelGateway\" targetRef=\"OfflineCertificationNDA_ST\"></sequenceFlow>\n\n                \n        <!-- Certification/NDA Flow -->\n        <serviceTask id=\"CertificationNDA_ST\" name=\"CertificationNDA_ST\" activiti:delegateExpression=\"${companyApprovalHandler}\">\n            <extensionElements>\n                <activiti:executionListener event=\"start\" class=\"com.netpace.device.listener.AddWorkitemListener\">\n                    <activiti:field name=\"step\">\n                        <activiti:string>CertificationNDA</activiti:string>\n                    </activiti:field>\n                    <activiti:field name=\"title\">\n                        <activiti:string>Certification Agreement &amp; Non-Disclosure Agreement</activiti:string>\n                    </activiti:field>\n                    <activiti:field name=\"status\">\n                        <activiti:string>InProgress</activiti:string>\n                    </activiti:field>\n                    <activiti:field name=\"allowedRoles\">\n                        <activiti:string>ROLE_PARTNER_USER,ROLE_SUPER_ADMIN</activiti:string>\n                    </activiti:field>\n                    <activiti:field name=\"requireInput\">\n                        <activiti:string>true</activiti:string>\n                    </activiti:field>\n                    <activiti:field name=\"nextActions\">\n                        <activiti:string>Accept Agreement</activiti:string>\n                    </activiti:field>\n                </activiti:executionListener>\n                <activiti:executionListener event=\"start\" class=\"com.netpace.device.listener.SendNotificationListener\">\n                    <activiti:field name=\"event\">\n                        <activiti:string>PARTNER_CERT_AND_NDA_PENDING</activiti:string>\n                    </activiti:field>\n                </activiti:executionListener>      \n            </extensionElements>\n        </serviceTask>\n        <sequenceFlow sourceRef=\"CertificationNDA_ST\" targetRef=\"CertificationNDA\"></sequenceFlow>\n        <userTask id=\"CertificationNDA\" name=\"CertificationNDA\">\n            <documentation>\n                Certification/NDA\n            </documentation>\n        </userTask>\n        <sequenceFlow sourceRef=\"CertificationNDA\" targetRef=\"CertNDA_ExclusiveGateway\"></sequenceFlow>\n        <exclusiveGateway id=\"CertNDA_ExclusiveGateway\" name=\"CertNDA_ExclusiveGateway\"></exclusiveGateway>\n        \n        \n        <!-- Certification/NDA Accept Flow -->\n        <sequenceFlow sourceRef=\"CertNDA_ExclusiveGateway\" targetRef=\"CertNDAApprove_ST\">\n            <conditionExpression xsi:type=\"tFormalExpression\"><![CDATA[${decision == \"Accept Agreement\"}]]>\n            </conditionExpression>\n        </sequenceFlow>\n        <serviceTask id=\"CertNDAApprove_ST\" name=\"CertNDAApprove_ST\" activiti:delegateExpression=\"${companyApprovalHandler}\">\n            <extensionElements>\n                <activiti:executionListener event=\"start\" class=\"com.netpace.device.listener.UpdateWorkitemListener\">\n                    <activiti:field name=\"step\">\n                        <activiti:string>CertificationNDA</activiti:string>\n                    </activiti:field>\n                    <activiti:field name=\"status\">\n                        <activiti:string>Processed</activiti:string>\n                    </activiti:field>\n                </activiti:executionListener>\n                <activiti:executionListener event=\"start\" class=\"com.netpace.device.listener.UpdateWorkitemListener\">\n                    <activiti:field name=\"step\">\n                        <activiti:string>OfflineCertificationNDA</activiti:string>\n                    </activiti:field>\n                    <activiti:field name=\"status\">\n                        <activiti:string>Processed</activiti:string>\n                    </activiti:field>\n                </activiti:executionListener>\n                <activiti:executionListener event=\"start\" class=\"com.netpace.device.listener.SendNotificationListener\">\n                    <activiti:field name=\"event\">\n                        <activiti:string>PARTNER_CERT_AND_NDA_ACCEPTED</activiti:string>\n                    </activiti:field>\n                </activiti:executionListener>      \n            </extensionElements>\n        </serviceTask>\n        <sequenceFlow sourceRef=\"CertNDAApprove_ST\" targetRef=\"Approve_ST\"></sequenceFlow>\n        \n\n        <!-- Offline Certification/NDA Flow -->\n        <serviceTask id=\"OfflineCertificationNDA_ST\" name=\"OfflineCertificationNDA_ST\" activiti:delegateExpression=\"${companyApprovalHandler}\">\n            <extensionElements>\n                <activiti:executionListener event=\"start\" class=\"com.netpace.device.listener.AddWorkitemListener\">\n                    <activiti:field name=\"step\">\n                        <activiti:string>OfflineCertificationNDA</activiti:string>\n                    </activiti:field>\n                    <activiti:field name=\"title\">\n                        <activiti:string>Offline Certification Agreement</activiti:string>\n                    </activiti:field>\n                    <activiti:field name=\"status\">\n                        <activiti:string>InProgress</activiti:string>\n                    </activiti:field>\n                    <activiti:field name=\"allowedRoles\">\n                        <activiti:string>ROLE_SUPER_ADMIN,ROLE_VERIZON_SYSTEM_ADMIN,ROLE_DEVICE_MARKETING</activiti:string>\n                    </activiti:field>\n                    <activiti:field name=\"requireInput\">\n                        <activiti:string>true</activiti:string>\n                    </activiti:field>\n                    <activiti:field name=\"nextActions\">\n                        <activiti:string>Submit Agreement &amp; Approve Partner,Deny</activiti:string>\n                    </activiti:field>\n                </activiti:executionListener>\n                <activiti:executionListener event=\"start\" class=\"com.netpace.device.listener.SendNotificationListener\">\n                    <activiti:field name=\"event\">\n                        <activiti:string>PARTNER_OFFLINE_PENDING</activiti:string>\n                    </activiti:field>\n                </activiti:executionListener>      \n            </extensionElements>\n        </serviceTask>\n        <sequenceFlow sourceRef=\"OfflineCertificationNDA_ST\" targetRef=\"OfflineCertificationNDA\"></sequenceFlow>\n        <userTask id=\"OfflineCertificationNDA\" name=\"OfflineCertificationNDA\">\n            <documentation>\n                Certification/NDA\n            </documentation>\n        </userTask>\n        <sequenceFlow sourceRef=\"OfflineCertificationNDA\" targetRef=\"OfflineCertificationNDA_ExclusiveGateway\"></sequenceFlow>\n        <exclusiveGateway id=\"OfflineCertificationNDA_ExclusiveGateway\" name=\"OfflineCertificationNDA_ExclusiveGateway\"></exclusiveGateway>\n        \n        \n        <!-- Offline Certification Agreement Denied Flow -->\n        <sequenceFlow sourceRef=\"OfflineCertificationNDA_ExclusiveGateway\" targetRef=\"OfflineCertificationNDADenied_ST\">\n            <conditionExpression xsi:type=\"tFormalExpression\"><![CDATA[${decision == \"Deny\"}]]>\n            </conditionExpression>\n        </sequenceFlow>\n        <serviceTask id=\"OfflineCertificationNDADenied_ST\" name=\"OfflineCertificationNDADenied_ST\" activiti:delegateExpression=\"${companyApprovalHandler}\">\n            <extensionElements>\n                <activiti:executionListener event=\"start\" class=\"com.netpace.device.listener.UpdateWorkitemListener\">\n                    <activiti:field name=\"step\">\n                        <activiti:string>OfflineCertificationNDA</activiti:string>\n                    </activiti:field>\n                    <activiti:field name=\"status\">\n                        <activiti:string>Processed</activiti:string>\n                    </activiti:field>\n                </activiti:executionListener>\n                <activiti:executionListener event=\"start\" class=\"com.netpace.device.listener.UpdateWorkitemListener\">\n                    <activiti:field name=\"step\">\n                        <activiti:string>CertificationNDA</activiti:string>\n                    </activiti:field>\n                    <activiti:field name=\"status\">\n                        <activiti:string>Processed</activiti:string>\n                    </activiti:field>\n                </activiti:executionListener>\n                <activiti:executionListener event=\"start\" class=\"com.netpace.device.listener.AddWorkitemListener\">\n                    <activiti:field name=\"step\">\n                        <activiti:string>OfflineCertificationNDADenied</activiti:string>\n                    </activiti:field>\n                    <activiti:field name=\"title\">\n                        <activiti:string>Offline Certification Agreement Denied</activiti:string>\n                    </activiti:field>\n                    <activiti:field name=\"status\">\n                        <activiti:string>InProgress</activiti:string>\n                    </activiti:field>\n                    <activiti:field name=\"allowedRoles\">\n                        <activiti:string>ROLE_SUPER_ADMIN</activiti:string>\n                    </activiti:field>\n                    <activiti:field name=\"requireInput\">\n                        <activiti:string>false</activiti:string>\n                    </activiti:field>\n                    <activiti:field name=\"nextActions\">\n                        <activiti:string>UnDeny</activiti:string>\n                    </activiti:field>\n                </activiti:executionListener>\n                <activiti:executionListener event=\"start\" class=\"com.netpace.device.listener.SendNotificationListener\">\n                    <activiti:field name=\"event\">\n                        <activiti:string>PARTNER_OFFLINE_REJECTED</activiti:string>\n                    </activiti:field>\n                </activiti:executionListener>      \n            </extensionElements>\n        </serviceTask>\n        <sequenceFlow sourceRef=\"OfflineCertificationNDADenied_ST\" targetRef=\"OfflineCertificationNDADenied\"></sequenceFlow>\n        <userTask id=\"OfflineCertificationNDADenied\" name=\"OfflineCertificationNDADenied\">\n            <documentation>\n                Offline Certification Agreement Denied\n            </documentation>\n        </userTask>\n        <sequenceFlow sourceRef=\"OfflineCertificationNDADenied\" targetRef=\"OfflineCertificationNDAUnDenied_ST\"></sequenceFlow>\n        <serviceTask id=\"OfflineCertificationNDAUnDenied_ST\" name=\"OfflineCertificationNDAUnDenied_ST\" activiti:delegateExpression=\"${companyApprovalHandler}\">\n            <extensionElements>\n                <activiti:executionListener event=\"start\" class=\"com.netpace.device.listener.UpdateWorkitemListener\">\n                    <activiti:field name=\"step\">\n                        <activiti:string>OfflineCertificationNDADenied</activiti:string>\n                    </activiti:field>\n                    <activiti:field name=\"status\">\n                        <activiti:string>Processed</activiti:string>\n                    </activiti:field>\n                </activiti:executionListener>\n                <activiti:executionListener event=\"start\" class=\"com.netpace.device.listener.AddWorkitemListener\">\n                    <activiti:field name=\"step\">\n                        <activiti:string>CertificationNDA</activiti:string>\n                    </activiti:field>\n                    <activiti:field name=\"title\">\n                        <activiti:string>Certification Agreement &amp; Non-Disclosure Agreement</activiti:string>\n                    </activiti:field>\n                    <activiti:field name=\"status\">\n                        <activiti:string>InProgress</activiti:string>\n                    </activiti:field>\n                    <activiti:field name=\"allowedRoles\">\n                        <activiti:string>ROLE_PARTNER_USER,ROLE_SUPER_ADMIN</activiti:string>\n                    </activiti:field>\n                    <activiti:field name=\"requireInput\">\n                        <activiti:string>true</activiti:string>\n                    </activiti:field>\n                    <activiti:field name=\"nextActions\">\n                        <activiti:string>Accept Agreement</activiti:string>\n                    </activiti:field>\n                </activiti:executionListener>\n                <activiti:executionListener event=\"start\" class=\"com.netpace.device.listener.SendNotificationListener\">\n                    <activiti:field name=\"event\">\n                        <activiti:string>PARTNER_OFFLINE_UNREJECT</activiti:string>\n                    </activiti:field>\n                </activiti:executionListener>      \n            </extensionElements>\n        </serviceTask>\n        <sequenceFlow sourceRef=\"OfflineCertificationNDAUnDenied_ST\" targetRef=\"OfflineCertificationNDA_ST\"></sequenceFlow>\n        \n        \n        <!-- Offline Certification/NDA Accept Flow -->\n        <sequenceFlow sourceRef=\"OfflineCertificationNDA_ExclusiveGateway\" targetRef=\"OfflineCertificationNDAApprove_ST\">\n            <conditionExpression xsi:type=\"tFormalExpression\"><![CDATA[${decision == \"Submit Agreement & Approve Partner\"}]]>\n            </conditionExpression>\n        </sequenceFlow>\n        <serviceTask id=\"OfflineCertificationNDAApprove_ST\" name=\"OfflineCertificationNDAApprove_ST\" activiti:delegateExpression=\"${companyApprovalHandler}\">\n            <extensionElements>\n                <activiti:executionListener event=\"start\" class=\"com.netpace.device.listener.UpdateWorkitemListener\">\n                    <activiti:field name=\"step\">\n                        <activiti:string>CertificationNDA</activiti:string>\n                    </activiti:field>\n                    <activiti:field name=\"status\">\n                        <activiti:string>Processed</activiti:string>\n                    </activiti:field>\n                </activiti:executionListener>\n                <activiti:executionListener event=\"start\" class=\"com.netpace.device.listener.UpdateWorkitemListener\">\n                    <activiti:field name=\"step\">\n                        <activiti:string>OfflineCertificationNDA</activiti:string>\n                    </activiti:field>\n                    <activiti:field name=\"status\">\n                        <activiti:string>Processed</activiti:string>\n                    </activiti:field>\n                </activiti:executionListener>\n                <activiti:executionListener event=\"start\" class=\"com.netpace.device.listener.SendNotificationListener\">\n                    <activiti:field name=\"event\">\n                        <activiti:string>PARTNER_OFFLINE_APPROVED</activiti:string>\n                    </activiti:field>\n                </activiti:executionListener>\n            </extensionElements>\n        </serviceTask>\n        <sequenceFlow sourceRef=\"OfflineCertificationNDAApprove_ST\" targetRef=\"Approve_ST\"></sequenceFlow>\n        \n        \n        <serviceTask id=\"Approve_ST\" name=\"Approve_ST\" activiti:delegateExpression=\"${companyApprovalHandler}\">\n            <extensionElements>\n                <activiti:executionListener event=\"start\" class=\"com.netpace.device.listener.AddWorkitemListener\">\n                    <activiti:field name=\"step\">\n                        <activiti:string>Approved</activiti:string>\n                    </activiti:field>\n                    <activiti:field name=\"title\">\n                        <activiti:string>Approved</activiti:string>\n                    </activiti:field>\n                    <activiti:field name=\"status\">\n                        <activiti:string>Processed</activiti:string>\n                    </activiti:field>\n                    <activiti:field name=\"allowedRoles\">\n                        <activiti:string>ROLE_SUPER_ADMIN</activiti:string>\n                    </activiti:field>\n                    <activiti:field name=\"requireInput\">\n                        <activiti:string>false</activiti:string>\n                    </activiti:field>\n                    <activiti:field name=\"nextActions\">\n                        <activiti:string> </activiti:string>\n                    </activiti:field>\n                </activiti:executionListener>\n                <activiti:executionListener event=\"start\" class=\"com.netpace.device.listener.SendNotificationListener\">\n                    <activiti:field name=\"event\">\n                        <activiti:string>PARTNER_APPROVED</activiti:string>\n                    </activiti:field>\n                </activiti:executionListener>\n            </extensionElements>\n        </serviceTask>\n        <sequenceFlow sourceRef=\"Approve_ST\" targetRef=\"End\"></sequenceFlow>\n        <endEvent id=\"End\" name=\"End\"></endEvent>\n        \n    </process>\n  \n</definitions>'),('502',1,'/usr/java/vsap/QA1/apache-tomcat-7.0.42/webapps/device/WEB-INF/classes/ProductApprovalWorkflow.bpmn20.xml','501','<?xml version=\"1.0\" encoding=\"UTF-8\"?>\n<definitions xmlns=\"http://www.omg.org/spec/BPMN/20100524/MODEL\" \n             xmlns:xsi=\"http://www.w3.org/2001/XMLSchema-instance\" \n             xmlns:activiti=\"http://activiti.org/bpmn\" \n             xmlns:bpmndi=\"http://www.omg.org/spec/BPMN/20100524/DI\" \n             xmlns:omgdc=\"http://www.omg.org/spec/DD/20100524/DC\" \n             xmlns:omgdi=\"http://www.omg.org/spec/DD/20100524/DI\" \n             typeLanguage=\"http://www.w3.org/2001/XMLSchema\" \n             expressionLanguage=\"http://www.w3.org/1999/XPath\" \n             targetNamespace=\"http://www.activiti.org/test\">\n    <process id=\"VAP_Product_Approval_Process\" name=\"VAP Product Approval Process\" isExecutable=\"true\">\n        <startEvent id=\"Start\" name=\"Start\"></startEvent>\n        \n        \n        <!-- DeviceMarketingReview Start -->\n        <sequenceFlow sourceRef=\"Start\" targetRef=\"DeviceMarketingReview_ST\"></sequenceFlow>\n        <serviceTask id=\"DeviceMarketingReview_ST\" name=\"DeviceMarketingReview_ST\" activiti:delegateExpression=\"${companyApprovalHandler}\">\n            <extensionElements>\n                <activiti:executionListener event=\"start\" class=\"com.netpace.device.listener.AddWorkitemListener\">\n                    <activiti:field name=\"step\">\n                        <activiti:string>DeviceMarketingReview</activiti:string>\n                    </activiti:field>\n                    <activiti:field name=\"title\">\n                        <activiti:string>Device Marketing Review</activiti:string>\n                    </activiti:field>\n                    <activiti:field name=\"status\">\n                        <activiti:string>InProgress</activiti:string>\n                    </activiti:field>\n                    <activiti:field name=\"allowedRoles\">\n                        <activiti:string>ROLE_DEVICE_MARKETING,ROLE_SUPER_ADMIN,ROLE_VERIZON_SYSTEM_ADMIN</activiti:string>\n                    </activiti:field>\n                    <activiti:field name=\"requireInput\">\n                        <activiti:string>true</activiti:string>\n                    </activiti:field>\n                    <activiti:field name=\"nextActions\">\n                        <activiti:string>Approve,Deny,RFI</activiti:string>\n                    </activiti:field>\n                </activiti:executionListener>\n                <activiti:executionListener event=\"start\" class=\"com.netpace.device.listener.SendNotificationListener\">\n                    <activiti:field name=\"event\">\n                        <activiti:string>PRODUCT_DEVICE_MARKETING_REVIEW_PENDING</activiti:string>\n                    </activiti:field>\n                </activiti:executionListener>      \n            </extensionElements>\n        </serviceTask>\n        <sequenceFlow sourceRef=\"DeviceMarketingReview_ST\" targetRef=\"DeviceMarketingReview\"></sequenceFlow>\n        <userTask id=\"DeviceMarketingReview\" name=\"DeviceMarketingReview\">\n            <documentation>\n                DeviceMarketingReview\n            </documentation>\n        </userTask>\n        <sequenceFlow sourceRef=\"DeviceMarketingReview\" targetRef=\"DeviceMarketingReview_ExclusiveGateway\"></sequenceFlow>\n        <exclusiveGateway id=\"DeviceMarketingReview_ExclusiveGateway\" name=\"MR ExclusiveGateway\"></exclusiveGateway>\n        \n        \n        <!-- DeviceMarketingDenied -->\n        <sequenceFlow sourceRef=\"DeviceMarketingReview_ExclusiveGateway\" targetRef=\"DeviceMarketingDenied_ST\">\n            <conditionExpression xsi:type=\"tFormalExpression\"><![CDATA[${decision == \"Deny\"}]]>\n            </conditionExpression>\n        </sequenceFlow>\n        <serviceTask id=\"DeviceMarketingDenied_ST\" name=\"DeviceMarketingDenied_ST\" activiti:delegateExpression=\"${companyApprovalHandler}\">\n            <extensionElements>\n                <activiti:executionListener event=\"start\" class=\"com.netpace.device.listener.UpdateWorkitemListener\">\n                    <activiti:field name=\"step\">\n                        <activiti:string>DeviceMarketingReview</activiti:string>\n                    </activiti:field>\n                    <activiti:field name=\"status\">\n                        <activiti:string>Processed</activiti:string>\n                    </activiti:field>\n                </activiti:executionListener>\n                <activiti:executionListener event=\"start\" class=\"com.netpace.device.listener.AddWorkitemListener\">\n                    <activiti:field name=\"step\">\n                        <activiti:string>DeviceMarketingReviewDenied</activiti:string>\n                    </activiti:field>\n                    <activiti:field name=\"title\">\n                        <activiti:string>Device Marketing Review Denied</activiti:string>\n                    </activiti:field>\n                    <activiti:field name=\"status\">\n                        <activiti:string>InProgress</activiti:string>\n                    </activiti:field>\n                    <activiti:field name=\"allowedRoles\">\n                        <activiti:string>ROLE_SUPER_ADMIN</activiti:string>\n                    </activiti:field>\n                    <activiti:field name=\"requireInput\">\n                        <activiti:string>false</activiti:string>\n                    </activiti:field>\n                    <activiti:field name=\"nextActions\">\n                        <activiti:string>UnDeny</activiti:string>\n                    </activiti:field>\n                </activiti:executionListener>\n                <activiti:executionListener event=\"start\" class=\"com.netpace.device.listener.SendNotificationListener\">\n                    <activiti:field name=\"event\">\n                        <activiti:string>PRODUCT_DEVICE_MARKETING_REVIEW_DENIED</activiti:string>\n                    </activiti:field>\n                </activiti:executionListener>      \n            </extensionElements>\n        </serviceTask>\n        <sequenceFlow sourceRef=\"DeviceMarketingDenied_ST\" targetRef=\"DeviceMarketingReviewDenied\"></sequenceFlow>\n        <userTask id=\"DeviceMarketingReviewDenied\" name=\"DeviceMarketingReviewDenied\">\n            <documentation>\n                DeviceMarketingReviewDenied\n            </documentation>\n        </userTask>\n        <sequenceFlow sourceRef=\"DeviceMarketingReviewDenied\" targetRef=\"DeviceMarketingUnDenied_ST\"></sequenceFlow>\n        <serviceTask id=\"DeviceMarketingUnDenied_ST\" name=\"DeviceMarketingUnDenied_ST\" activiti:delegateExpression=\"${companyApprovalHandler}\">\n            <extensionElements>\n                <activiti:executionListener event=\"start\" class=\"com.netpace.device.listener.UpdateWorkitemListener\">\n                    <activiti:field name=\"step\">\n                        <activiti:string>DeviceMarketingReviewDenied</activiti:string>\n                    </activiti:field>\n                    <activiti:field name=\"status\">\n                        <activiti:string>Processed</activiti:string>\n                    </activiti:field>\n                </activiti:executionListener>\n                <activiti:executionListener event=\"start\" class=\"com.netpace.device.listener.SendNotificationListener\">\n                    <activiti:field name=\"event\">\n                        <activiti:string>PRODUCT_DEVICE_MARKETING_REVIEW_UNDENY</activiti:string>\n                    </activiti:field>\n                </activiti:executionListener>      \n            </extensionElements>\n        </serviceTask>\n        <sequenceFlow sourceRef=\"DeviceMarketingUnDenied_ST\" targetRef=\"DeviceMarketingReview_ST\"></sequenceFlow>\n        \n        \n        <!-- DeviceMarketingRFI Flow -->\n        <sequenceFlow sourceRef=\"DeviceMarketingReview_ExclusiveGateway\" targetRef=\"DeviceMarketingRFI_ST\">\n            <conditionExpression xsi:type=\"tFormalExpression\"><![CDATA[${decision == \"RFI\"}]]>\n            </conditionExpression>\n        </sequenceFlow>\n        <serviceTask id=\"DeviceMarketingRFI_ST\" name=\"DeviceMarketingRFI_ST\" activiti:delegateExpression=\"${companyApprovalHandler}\">\n            <extensionElements>\n                <activiti:executionListener event=\"start\" class=\"com.netpace.device.listener.UpdateWorkitemListener\">\n                    <activiti:field name=\"step\">\n                        <activiti:string>DeviceMarketingReview</activiti:string>\n                    </activiti:field>\n                    <activiti:field name=\"status\">\n                        <activiti:string>Processed</activiti:string>\n                    </activiti:field>\n                </activiti:executionListener>\n                <activiti:executionListener event=\"start\" class=\"com.netpace.device.listener.AddWorkitemListener\">\n                    <activiti:field name=\"step\">\n                        <activiti:string>DeviceMarketingReviewRFI</activiti:string>\n                    </activiti:field>\n                    <activiti:field name=\"title\">\n                        <activiti:string>Device Marketing Review RFI</activiti:string>\n                    </activiti:field>\n                    <activiti:field name=\"status\">\n                        <activiti:string>InProgress</activiti:string>\n                    </activiti:field>\n                    <activiti:field name=\"allowedRoles\">\n                        <activiti:string>ROLE_DEVICE_MARKETING,ROLE_SUPER_ADMIN,ROLE_VERIZON_SYSTEM_ADMIN</activiti:string>\n                    </activiti:field>\n                    <activiti:field name=\"requireInput\">\n                        <activiti:string>false</activiti:string>\n                    </activiti:field>\n                    <activiti:field name=\"nextActions\">\n                        <activiti:string>UnRFI</activiti:string>\n                    </activiti:field>\n                </activiti:executionListener>\n                <activiti:executionListener event=\"start\" class=\"com.netpace.device.listener.SendNotificationListener\">\n                    <activiti:field name=\"event\">\n                        <activiti:string>PRODUCT_DEVICE_MARKETING_REVIEW_RFI</activiti:string>\n                    </activiti:field>\n                </activiti:executionListener>      \n            </extensionElements>\n        </serviceTask>\n        <sequenceFlow sourceRef=\"DeviceMarketingRFI_ST\" targetRef=\"DeviceMarketingReviewRFI\"></sequenceFlow>\n        <userTask id=\"DeviceMarketingReviewRFI\" name=\"DeviceMarketingReviewRFI\">\n            <documentation>\n                DeviceMarketingReviewRFI\n            </documentation>\n        </userTask>\n        <sequenceFlow sourceRef=\"DeviceMarketingReviewRFI\" targetRef=\"DeviceMarketingReviewUnRFI_ST\"></sequenceFlow>\n        <serviceTask id=\"DeviceMarketingReviewUnRFI_ST\" name=\"DeviceMarketingReviewUnRFI_ST\" activiti:delegateExpression=\"${companyApprovalHandler}\">\n            <extensionElements>\n                <activiti:executionListener event=\"start\" class=\"com.netpace.device.listener.UpdateWorkitemListener\">\n                    <activiti:field name=\"step\">\n                        <activiti:string>DeviceMarketingReviewRFI</activiti:string>\n                    </activiti:field>\n                    <activiti:field name=\"status\">\n                        <activiti:string>Processed</activiti:string>\n                    </activiti:field>\n                </activiti:executionListener>\n                <activiti:executionListener event=\"start\" class=\"com.netpace.device.listener.SendNotificationListener\">\n                    <activiti:field name=\"event\">\n                        <activiti:string>PRODUCT_DEVICE_MARKETING_REVIEW_UNRFI</activiti:string>\n                    </activiti:field>\n                </activiti:executionListener>      \n            </extensionElements>\n        </serviceTask>\n        <sequenceFlow sourceRef=\"DeviceMarketingReviewUnRFI_ST\" targetRef=\"DeviceMarketingReview_ST\"></sequenceFlow>\n        \n        \n        <!-- DeviceMarketingApprove -->\n        <sequenceFlow sourceRef=\"DeviceMarketingReview_ExclusiveGateway\" targetRef=\"DeviceMarketingReviewApprove_ST\">\n            <conditionExpression xsi:type=\"tFormalExpression\"><![CDATA[${decision == \"Approve\"}]]>\n            </conditionExpression>\n        </sequenceFlow>\n        <serviceTask id=\"DeviceMarketingReviewApprove_ST\" name=\"DeviceMarketingReviewApprove_ST\" activiti:delegateExpression=\"${companyApprovalHandler}\">\n            <extensionElements>\n                <activiti:executionListener event=\"start\" class=\"com.netpace.device.listener.UpdateWorkitemListener\">\n                    <activiti:field name=\"step\">\n                        <activiti:string>DeviceMarketingReview</activiti:string>\n                    </activiti:field>\n                    <activiti:field name=\"status\">\n                        <activiti:string>Processed</activiti:string>\n                    </activiti:field>\n                </activiti:executionListener>\n            </extensionElements>\n        </serviceTask>\n        <sequenceFlow sourceRef=\"DeviceMarketingReviewApprove_ST\" targetRef=\"DeviceMarketingReviewApprove_ExclusiveGateway\"></sequenceFlow>\n        <!-- DeviceMarketingReview End -->\n        \n\n        <!-- DeviceMarketingReviewApprove Start -->\n        <exclusiveGateway id=\"DeviceMarketingReviewApprove_ExclusiveGateway\" name=\"DeviceMarketingReviewApprove_ExclusiveGateway\"></exclusiveGateway>\n        \n        \n        <!-- DeviceMarketingConceptApproved -->\n        <sequenceFlow sourceRef=\"DeviceMarketingReviewApprove_ExclusiveGateway\" targetRef=\"DeviceMarketingConceptApproved_ST\">\n            <conditionExpression xsi:type=\"tFormalExpression\"><![CDATA[${productSubmissionType == \"Concept (no physical product available at this time)\"}]]>\n            </conditionExpression>\n        </sequenceFlow>\n        <serviceTask id=\"DeviceMarketingConceptApproved_ST\" name=\"DeviceMarketingConceptApproved_ST\" activiti:delegateExpression=\"${companyApprovalHandler}\">\n            <extensionElements>\n                <activiti:executionListener event=\"start\" class=\"com.netpace.device.listener.AddWorkitemListener\">\n                    <activiti:field name=\"step\">\n                        <activiti:string>DeviceMarketingConceptApproved</activiti:string>\n                    </activiti:field>\n                    <activiti:field name=\"title\">\n                        <activiti:string>Concept Approved</activiti:string>\n                    </activiti:field>\n                    <activiti:field name=\"status\">\n                        <activiti:string>InProgress</activiti:string>\n                    </activiti:field>\n                    <activiti:field name=\"allowedRoles\">\n                        <activiti:string>ROLE_SUPER_ADMIN</activiti:string>\n                    </activiti:field>\n                    <activiti:field name=\"requireInput\">\n                        <activiti:string>false</activiti:string>\n                    </activiti:field>\n                    <activiti:field name=\"nextActions\">\n                        <activiti:string>Change Product Type</activiti:string>\n                    </activiti:field>\n                </activiti:executionListener>\n                <activiti:executionListener event=\"start\" class=\"com.netpace.device.listener.SendNotificationListener\">\n                    <activiti:field name=\"event\">\n                        <activiti:string>PRODUCT_TYPE_CONCEPT_APPROVED_PENDING</activiti:string>\n                    </activiti:field>\n                </activiti:executionListener>      \n            </extensionElements>\n        </serviceTask>\n        <sequenceFlow sourceRef=\"DeviceMarketingConceptApproved_ST\" targetRef=\"DeviceMarketingConceptApproved\"></sequenceFlow>\n        <userTask id=\"DeviceMarketingConceptApproved\" name=\"DeviceMarketingConceptApproved\">\n            <documentation>\n                Device Marketing Concept Approved\n            </documentation>\n        </userTask>\n        <sequenceFlow sourceRef=\"DeviceMarketingConceptApproved\" targetRef=\"ProductTypeChanged_ST\"></sequenceFlow>\n        <serviceTask id=\"ProductTypeChanged_ST\" name=\"ProductTypeChanged_ST\" activiti:delegateExpression=\"${companyApprovalHandler}\">\n            <extensionElements>\n                <activiti:executionListener event=\"start\" class=\"com.netpace.device.listener.UpdateWorkitemListener\">\n                    <activiti:field name=\"step\">\n                        <activiti:string>DeviceMarketingConceptApproved</activiti:string>\n                    </activiti:field>\n                    <activiti:field name=\"status\">\n                        <activiti:string>Processed</activiti:string>\n                    </activiti:field>\n                </activiti:executionListener>\n                <activiti:executionListener event=\"start\" class=\"com.netpace.device.listener.SendNotificationListener\">\n                    <activiti:field name=\"event\">\n                        <activiti:string>PRODUCT_TYPE_CONCEPT_CHANGED</activiti:string>\n                    </activiti:field>\n                </activiti:executionListener>      \n            </extensionElements>\n        </serviceTask>\n        <sequenceFlow sourceRef=\"ProductTypeChanged_ST\" targetRef=\"SubmissionTypeProduct_ST\"></sequenceFlow>\n        \n        \n        <!-- DeviceMarketingSubmissionTypeProduct -->\n        <sequenceFlow sourceRef=\"DeviceMarketingReviewApprove_ExclusiveGateway\" targetRef=\"SubmissionTypeProduct_ST\">\n            <conditionExpression xsi:type=\"tFormalExpression\"><![CDATA[${productSubmissionType == \"Product (existing physical product)\"}]]>\n            </conditionExpression>\n        </sequenceFlow>\n        <serviceTask id=\"SubmissionTypeProduct_ST\" name=\"SubmissionTypeProduct_ST\" activiti:delegateExpression=\"${companyApprovalHandler}\">\n            <extensionElements>\n                <activiti:executionListener event=\"start\" class=\"com.netpace.device.listener.SendNotificationListener\">\n                    <activiti:field name=\"event\">\n                        <activiti:string>PRODUCT_DEVICE_MARKETING_REVIEW_APPROVED</activiti:string>\n                    </activiti:field>\n                </activiti:executionListener>      \n            </extensionElements>\n        </serviceTask>\n        <sequenceFlow sourceRef=\"SubmissionTypeProduct_ST\" targetRef=\"DeviceMarketingReviewApprove_ParallelGateway\"></sequenceFlow>\n        \n        \n        <!-- DeviceMarketingReviewApprove Parallel Gateway -->\n        <parallelGateway id=\"DeviceMarketingReviewApprove_ParallelGateway\" />\n        <sequenceFlow sourceRef=\"DeviceMarketingReviewApprove_ParallelGateway\" targetRef=\"ExportCompliance_ST\"></sequenceFlow>\n        <sequenceFlow sourceRef=\"DeviceMarketingReviewApprove_ParallelGateway\" targetRef=\"ProductInfoUpload_ST\"></sequenceFlow>\n        \n\n        <!-- ExportCompliance Start -->\n        <serviceTask id=\"ExportCompliance_ST\" name=\"ExportCompliance_ST\" activiti:delegateExpression=\"${companyApprovalHandler}\">\n            <extensionElements>\n                <activiti:executionListener event=\"start\" class=\"com.netpace.device.listener.AddWorkitemListener\">\n                    <activiti:field name=\"step\">\n                        <activiti:string>ExportCompliance</activiti:string>\n                    </activiti:field>\n                    <activiti:field name=\"title\">\n                        <activiti:string>Export Compliance</activiti:string>\n                    </activiti:field>\n                    <activiti:field name=\"status\">\n                        <activiti:string>InProgress</activiti:string>\n                    </activiti:field>\n                    <activiti:field name=\"allowedRoles\">\n                        <activiti:string>ROLE_PARTNER_USER,ROLE_SUPER_ADMIN</activiti:string>\n                    </activiti:field>\n                    <activiti:field name=\"requireInput\">\n                        <activiti:string>true</activiti:string>\n                    </activiti:field>\n                    <activiti:field name=\"nextActions\">\n                        <activiti:string>Submit to Verizon</activiti:string>\n                    </activiti:field>\n                </activiti:executionListener>\n                <activiti:executionListener event=\"start\" class=\"com.netpace.device.listener.SendNotificationListener\">\n                    <activiti:field name=\"event\">\n                        <activiti:string>PRODUCT_EXPORT_COMPLIANCE_PENDING</activiti:string>\n                    </activiti:field>\n                </activiti:executionListener>      \n            </extensionElements>\n        </serviceTask>\n        <sequenceFlow sourceRef=\"ExportCompliance_ST\" targetRef=\"ExportCompliance\"></sequenceFlow>\n        <userTask id=\"ExportCompliance\" name=\"ExportCompliance\">\n            <documentation>\n                ExportCompliance\n            </documentation>\n        </userTask>\n        <sequenceFlow sourceRef=\"ExportCompliance\" targetRef=\"ExportCompliance_ExclusiveGateway\"></sequenceFlow>\n        <exclusiveGateway id=\"ExportCompliance_ExclusiveGateway\" name=\"ExportCompliance_ExclusiveGateway\"></exclusiveGateway>\n        \n        \n        <!-- ExportComplianceApprove Flow -->\n        <sequenceFlow sourceRef=\"ExportCompliance_ExclusiveGateway\" targetRef=\"ExportComplianceApprove_ST\">\n            <conditionExpression xsi:type=\"tFormalExpression\"><![CDATA[${decision == \"Submit to Verizon\"}]]>\n            </conditionExpression>\n        </sequenceFlow>\n        <serviceTask id=\"ExportComplianceApprove_ST\" name=\"ExportComplianceApprove_ST\" activiti:delegateExpression=\"${companyApprovalHandler}\">\n            <extensionElements>\n                <activiti:executionListener event=\"start\" class=\"com.netpace.device.listener.UpdateWorkitemListener\">\n                    <activiti:field name=\"step\">\n                        <activiti:string>ExportCompliance</activiti:string>\n                    </activiti:field>\n                    <activiti:field name=\"status\">\n                        <activiti:string>Processed</activiti:string>\n                    </activiti:field>\n                </activiti:executionListener>\n                <activiti:executionListener event=\"start\" class=\"com.netpace.device.listener.SendNotificationListener\">\n                    <activiti:field name=\"event\">\n                        <activiti:string>PRODUCT_EXPORT_COMPLIANCE_SUBMITTED</activiti:string>\n                    </activiti:field>\n                </activiti:executionListener>      \n            </extensionElements>\n        </serviceTask>\n        <sequenceFlow sourceRef=\"ExportComplianceApprove_ST\" targetRef=\"ExportComplianceReview_ST\"></sequenceFlow>\n        <!-- ExportCompliance End -->\n        \n        \n        <!-- ExportComplianceReview Start -->\n        <serviceTask id=\"ExportComplianceReview_ST\" name=\"ExportComplianceReview_ST\" activiti:delegateExpression=\"${companyApprovalHandler}\">\n            <extensionElements>\n                <activiti:executionListener event=\"start\" class=\"com.netpace.device.listener.AddWorkitemListener\">\n                    <activiti:field name=\"step\">\n                        <activiti:string>ExportComplianceReview</activiti:string>\n                    </activiti:field>\n                    <activiti:field name=\"title\">\n                        <activiti:string>Export Compliance Review</activiti:string>\n                    </activiti:field>\n                    <activiti:field name=\"status\">\n                        <activiti:string>InProgress</activiti:string>\n                    </activiti:field>\n                    <activiti:field name=\"allowedRoles\">\n                        <activiti:string>ROLE_EXPORT_COMPLIANCE,ROLE_SUPER_ADMIN,ROLE_VERIZON_SYSTEM_ADMIN</activiti:string>\n                    </activiti:field>\n                    <activiti:field name=\"requireInput\">\n                        <activiti:string>false</activiti:string>\n                    </activiti:field>\n                    <activiti:field name=\"nextActions\">\n                        <activiti:string>Approve,Deny,RFI</activiti:string>\n                    </activiti:field>\n                </activiti:executionListener>\n                <activiti:executionListener event=\"start\" class=\"com.netpace.device.listener.SendNotificationListener\">\n                    <activiti:field name=\"event\">\n                        <activiti:string>PRODUCT_EXPORT_COMPLIANCE_REVIEW_PENDING</activiti:string>\n                    </activiti:field>\n                </activiti:executionListener>      \n            </extensionElements>\n        </serviceTask>\n        <sequenceFlow sourceRef=\"ExportComplianceReview_ST\" targetRef=\"ExportComplianceReview\"></sequenceFlow>\n        <userTask id=\"ExportComplianceReview\" name=\"ExportComplianceReview\">\n            <documentation>\n                ExportComplianceReview\n            </documentation>\n        </userTask>\n        <sequenceFlow sourceRef=\"ExportComplianceReview\" targetRef=\"ExportComplianceReview_ExclusiveGateway\"></sequenceFlow>\n        <exclusiveGateway id=\"ExportComplianceReview_ExclusiveGateway\" name=\"ExportComplianceReview_ExclusiveGateway\"></exclusiveGateway>\n        \n        \n        <!-- ExportComplianceReviewRFI -->\n        <sequenceFlow sourceRef=\"ExportComplianceReview_ExclusiveGateway\" targetRef=\"ExportComplianceReviewRFI_ST\">\n            <conditionExpression xsi:type=\"tFormalExpression\"><![CDATA[${decision == \"RFI\"}]]>\n            </conditionExpression>\n        </sequenceFlow>\n        <serviceTask id=\"ExportComplianceReviewRFI_ST\" name=\"ExportComplianceReviewRFI_ST\" activiti:delegateExpression=\"${companyApprovalHandler}\">\n            <extensionElements>\n                <activiti:executionListener event=\"start\" class=\"com.netpace.device.listener.UpdateWorkitemListener\">\n                    <activiti:field name=\"step\">\n                        <activiti:string>ExportComplianceReview</activiti:string>\n                    </activiti:field>\n                    <activiti:field name=\"status\">\n                        <activiti:string>Processed</activiti:string>\n                    </activiti:field>\n                </activiti:executionListener>\n                <activiti:executionListener event=\"start\" class=\"com.netpace.device.listener.AddWorkitemListener\">\n                    <activiti:field name=\"step\">\n                        <activiti:string>ExportComplianceReviewRFI</activiti:string>\n                    </activiti:field>\n                    <activiti:field name=\"title\">\n                        <activiti:string>Export Compliance Review RFI</activiti:string>\n                    </activiti:field>\n                    <activiti:field name=\"status\">\n                        <activiti:string>InProgress</activiti:string>\n                    </activiti:field>\n                    <activiti:field name=\"allowedRoles\">\n                        <activiti:string>ROLE_EXPORT_COMPLIANCE,ROLE_SUPER_ADMIN,ROLE_VERIZON_SYSTEM_ADMIN</activiti:string>\n                    </activiti:field>\n                    <activiti:field name=\"requireInput\">\n                        <activiti:string>false</activiti:string>\n                    </activiti:field>\n                    <activiti:field name=\"nextActions\">\n                        <activiti:string>UnRFI</activiti:string>\n                    </activiti:field>\n                </activiti:executionListener>\n                <activiti:executionListener event=\"start\" class=\"com.netpace.device.listener.SendNotificationListener\">\n                    <activiti:field name=\"event\">\n                        <activiti:string>PRODUCT_EXPORT_COMPLIANCE_REVIEW_RFI</activiti:string>\n                    </activiti:field>\n                </activiti:executionListener>\n            </extensionElements>\n        </serviceTask>\n        <sequenceFlow sourceRef=\"ExportComplianceReviewRFI_ST\" targetRef=\"ExportComplianceReviewRFI\"></sequenceFlow>\n        <userTask id=\"ExportComplianceReviewRFI\" name=\"ExportComplianceReviewRFI\">\n            <documentation>\n                ExportComplianceReviewRFI\n            </documentation>\n        </userTask>\n        <sequenceFlow sourceRef=\"ExportComplianceReviewRFI\" targetRef=\"ExportComplianceReviewUnRFI_ST\"></sequenceFlow>\n        <serviceTask id=\"ExportComplianceReviewUnRFI_ST\" name=\"ExportComplianceReviewUnRFI_ST\" activiti:delegateExpression=\"${companyApprovalHandler}\">\n            <extensionElements>\n                <activiti:executionListener event=\"start\" class=\"com.netpace.device.listener.UpdateWorkitemListener\">\n                    <activiti:field name=\"step\">\n                        <activiti:string>ExportComplianceReviewRFI</activiti:string>\n                    </activiti:field>\n                    <activiti:field name=\"status\">\n                        <activiti:string>Processed</activiti:string>\n                    </activiti:field>\n                </activiti:executionListener>\n                <activiti:executionListener event=\"start\" class=\"com.netpace.device.listener.SendNotificationListener\">\n                    <activiti:field name=\"event\">\n                        <activiti:string>PRODUCT_EXPORT_COMPLIANCE_REVIEW_UNRFI</activiti:string>\n                    </activiti:field>\n                </activiti:executionListener>\n            </extensionElements>\n        </serviceTask>\n        <sequenceFlow sourceRef=\"ExportComplianceReviewUnRFI_ST\" targetRef=\"ExportComplianceReview_ST\"></sequenceFlow>\n\n\n        <!-- ExportComplianceReviewDenied -->\n        <sequenceFlow sourceRef=\"ExportComplianceReview_ExclusiveGateway\" targetRef=\"ExportComplianceReviewDenied_ST\">\n            <conditionExpression xsi:type=\"tFormalExpression\"><![CDATA[${decision == \"Deny\"}]]>\n            </conditionExpression>\n        </sequenceFlow>\n        <serviceTask id=\"ExportComplianceReviewDenied_ST\" name=\"ExportComplianceReviewDenied_ST\" activiti:delegateExpression=\"${companyApprovalHandler}\">\n            <extensionElements>\n                <activiti:executionListener event=\"start\" class=\"com.netpace.device.listener.UpdateWorkitemListener\">\n                    <activiti:field name=\"step\">\n                        <activiti:string>ExportComplianceReview</activiti:string>\n                    </activiti:field>\n                    <activiti:field name=\"status\">\n                        <activiti:string>Processed</activiti:string>\n                    </activiti:field>\n                </activiti:executionListener>\n                <activiti:executionListener event=\"start\" class=\"com.netpace.device.listener.AddWorkitemListener\">\n                    <activiti:field name=\"step\">\n                        <activiti:string>ExportComplianceReviewDenied</activiti:string>\n                    </activiti:field>\n                    <activiti:field name=\"title\">\n                        <activiti:string>Export Compliance Review Denied</activiti:string>\n                    </activiti:field>\n                    <activiti:field name=\"status\">\n                        <activiti:string>InProgress</activiti:string>\n                    </activiti:field>\n                    <activiti:field name=\"allowedRoles\">\n                        <activiti:string>ROLE_SUPER_ADMIN</activiti:string>\n                    </activiti:field>\n                    <activiti:field name=\"requireInput\">\n                        <activiti:string>false</activiti:string>\n                    </activiti:field>\n                    <activiti:field name=\"nextActions\">\n                        <activiti:string>UnDeny</activiti:string>\n                    </activiti:field>\n                </activiti:executionListener>\n                <activiti:executionListener event=\"start\" class=\"com.netpace.device.listener.SendNotificationListener\">\n                    <activiti:field name=\"event\">\n                        <activiti:string>PRODUCT_EXPORT_COMPLIANCE_REVIEW_DENIED</activiti:string>\n                    </activiti:field>\n                </activiti:executionListener>\n            </extensionElements>\n        </serviceTask>\n        <sequenceFlow sourceRef=\"ExportComplianceReviewDenied_ST\" targetRef=\"ExportComplianceReviewDenied\"></sequenceFlow>\n        <userTask id=\"ExportComplianceReviewDenied\" name=\"ExportComplianceReviewDenied\">\n            <documentation>\n                ExportComplianceReviewDenied\n            </documentation>\n        </userTask>\n        <sequenceFlow sourceRef=\"ExportComplianceReviewDenied\" targetRef=\"ExportComplianceReviewUnDenied_ST\"></sequenceFlow>\n        <serviceTask id=\"ExportComplianceReviewUnDenied_ST\" name=\"ExportComplianceReviewUnDenied_ST\" activiti:delegateExpression=\"${companyApprovalHandler}\">\n            <extensionElements>\n                <activiti:executionListener event=\"start\" class=\"com.netpace.device.listener.UpdateWorkitemListener\">\n                    <activiti:field name=\"step\">\n                        <activiti:string>ExportComplianceReviewDenied</activiti:string>\n                    </activiti:field>\n                    <activiti:field name=\"status\">\n                        <activiti:string>Processed</activiti:string>\n                    </activiti:field>\n                </activiti:executionListener>\n                <activiti:executionListener event=\"start\" class=\"com.netpace.device.listener.SendNotificationListener\">\n                    <activiti:field name=\"event\">\n                        <activiti:string>PRODUCT_EXPORT_COMPLIANCE_REVIEW_UNDENY</activiti:string>\n                    </activiti:field>\n                </activiti:executionListener>\n            </extensionElements>\n        </serviceTask>\n        <sequenceFlow sourceRef=\"ExportComplianceReviewUnDenied_ST\" targetRef=\"ExportComplianceReview_ST\"></sequenceFlow>\n\n\n        <!-- ExportComplianceReviewApprove -->\n        <sequenceFlow sourceRef=\"ExportComplianceReview_ExclusiveGateway\" targetRef=\"ExportComplianceReviewApprove_ST\">\n            <conditionExpression xsi:type=\"tFormalExpression\"><![CDATA[${decision == \"Approve\"}]]>\n            </conditionExpression>\n        </sequenceFlow>\n        <serviceTask id=\"ExportComplianceReviewApprove_ST\" name=\"ExportComplianceReviewApprove_ST\" activiti:delegateExpression=\"${companyApprovalHandler}\">\n            <extensionElements>\n                <activiti:executionListener event=\"start\" class=\"com.netpace.device.listener.UpdateWorkitemListener\">\n                    <activiti:field name=\"step\">\n                        <activiti:string>ExportComplianceReview</activiti:string>\n                    </activiti:field>\n                    <activiti:field name=\"status\">\n                        <activiti:string>Processed</activiti:string>\n                    </activiti:field>\n                </activiti:executionListener>\n                <activiti:executionListener event=\"start\" class=\"com.netpace.device.listener.SendNotificationListener\">\n                    <activiti:field name=\"event\">\n                        <activiti:string>PRODUCT_EXPORT_COMPLIANCE_REVIEW_APPROVED</activiti:string>\n                    </activiti:field>\n                </activiti:executionListener>\n            </extensionElements>\n        </serviceTask>\n        <sequenceFlow sourceRef=\"ExportComplianceReviewApprove_ST\" targetRef=\"UploadPDFofSampleProduct_InclusiveGateway\"></sequenceFlow>\n        <!-- ExportComplianceReview End -->\n\n                \n        <!-- ProductInfoUpload Start -->\n        <serviceTask id=\"ProductInfoUpload_ST\" name=\"ProductInfoUpload_ST\" activiti:delegateExpression=\"${companyApprovalHandler}\">\n            <extensionElements>\n                <activiti:executionListener event=\"start\" class=\"com.netpace.device.listener.AddWorkitemListener\">\n                    <activiti:field name=\"step\">\n                        <activiti:string>ProductInfoUpload</activiti:string>\n                    </activiti:field>\n                    <activiti:field name=\"title\">\n                        <activiti:string>Product Info Upload</activiti:string>\n                    </activiti:field>\n                    <activiti:field name=\"status\">\n                        <activiti:string>InProgress</activiti:string>\n                    </activiti:field>\n                    <activiti:field name=\"allowedRoles\">\n                        <activiti:string>ROLE_PARTNER_USER,ROLE_SUPER_ADMIN</activiti:string>\n                    </activiti:field>\n                    <activiti:field name=\"requireInput\">\n                        <activiti:string>true</activiti:string>\n                    </activiti:field>\n                    <activiti:field name=\"nextActions\">\n                        <activiti:string>Submit to Verizon</activiti:string>\n                    </activiti:field>\n                </activiti:executionListener>\n                <activiti:executionListener event=\"start\" class=\"com.netpace.device.listener.SendNotificationListener\">\n                    <activiti:field name=\"event\">\n                        <activiti:string>PRODUCT_INFO_UPLOAD_PENDING</activiti:string>\n                    </activiti:field>\n                </activiti:executionListener>      \n            </extensionElements>\n        </serviceTask>\n        <sequenceFlow sourceRef=\"ProductInfoUpload_ST\" targetRef=\"ProductInfoUpload\"></sequenceFlow>\n        <userTask id=\"ProductInfoUpload\" name=\"ProductInfoUpload\">\n            <documentation>\n                ProductInfoUpload\n            </documentation>\n        </userTask>\n        <sequenceFlow sourceRef=\"ProductInfoUpload\" targetRef=\"ProductInfoUpload_ExclusiveGateway\"></sequenceFlow>\n        <exclusiveGateway id=\"ProductInfoUpload_ExclusiveGateway\" name=\"ProductInfoUpload_ExclusiveGateway\"></exclusiveGateway>\n        \n        \n        <!-- ProductInfoUploadApprove -->\n        <sequenceFlow sourceRef=\"ProductInfoUpload_ExclusiveGateway\" targetRef=\"ProductInfoUploadApprove_ST\">\n            <conditionExpression xsi:type=\"tFormalExpression\"><![CDATA[${decision == \"Submit to Verizon\"}]]>\n            </conditionExpression>\n        </sequenceFlow>\n        <serviceTask id=\"ProductInfoUploadApprove_ST\" name=\"ProductInfoUploadApprove_ST\" activiti:delegateExpression=\"${companyApprovalHandler}\">\n            <extensionElements>\n                <activiti:executionListener event=\"start\" class=\"com.netpace.device.listener.UpdateWorkitemListener\">\n                    <activiti:field name=\"step\">\n                        <activiti:string>ProductInfoUpload</activiti:string>\n                    </activiti:field>\n                    <activiti:field name=\"status\">\n                        <activiti:string>Processed</activiti:string>\n                    </activiti:field>\n                </activiti:executionListener>\n                <activiti:executionListener event=\"start\" class=\"com.netpace.device.listener.SendNotificationListener\">\n                    <activiti:field name=\"event\">\n                        <activiti:string>PRODUCT_INFO_UPLOAD_SUBMITTED</activiti:string>\n                    </activiti:field>\n                </activiti:executionListener>      \n            </extensionElements>\n        </serviceTask>\n        <sequenceFlow sourceRef=\"ProductInfoUploadApprove_ST\" targetRef=\"RequirementsGroupReview_ST\"></sequenceFlow>\n        <!-- ProductInfoUpload End -->\n        \n        \n        <!-- RequirementsGroupReview Start -->\n        <serviceTask id=\"RequirementsGroupReview_ST\" name=\"RequirementsGroupReview_ST\" activiti:delegateExpression=\"${companyApprovalHandler}\">\n            <extensionElements>\n                <activiti:executionListener event=\"start\" class=\"com.netpace.device.listener.AddWorkitemListener\">\n                    <activiti:field name=\"step\">\n                        <activiti:string>RequirementsGroupReview</activiti:string>\n                    </activiti:field>\n                    <activiti:field name=\"title\">\n                        <activiti:string>Requirements Group Review</activiti:string>\n                    </activiti:field>\n                    <activiti:field name=\"status\">\n                        <activiti:string>InProgress</activiti:string>\n                    </activiti:field>\n                    <activiti:field name=\"allowedRoles\">\n                        <activiti:string>ROLE_REQUIREMENTS_GROUP,ROLE_SUPER_ADMIN,ROLE_VERIZON_SYSTEM_ADMIN</activiti:string>\n                    </activiti:field>\n                    <activiti:field name=\"requireInput\">\n                        <activiti:string>false</activiti:string>\n                    </activiti:field>\n                    <activiti:field name=\"nextActions\">\n                        <activiti:string>Approve,Deny,RFI</activiti:string>\n                    </activiti:field>\n                </activiti:executionListener>\n                <activiti:executionListener event=\"start\" class=\"com.netpace.device.listener.SendNotificationListener\">\n                    <activiti:field name=\"event\">\n                        <activiti:string>PRODUCT_REQUIREMENTS_GROUP_REVIEW_PENDING</activiti:string>\n                    </activiti:field>\n                </activiti:executionListener>      \n            </extensionElements>\n        </serviceTask>\n        <sequenceFlow sourceRef=\"RequirementsGroupReview_ST\" targetRef=\"RequirementsGroupReview\"></sequenceFlow>\n        <userTask id=\"RequirementsGroupReview\" name=\"RequirementsGroupReview\">\n            <documentation>\n                RequirementsGroupReview\n            </documentation>\n        </userTask>\n        <sequenceFlow sourceRef=\"RequirementsGroupReview\" targetRef=\"RequirementsGroupReview_ExclusiveGateway\"></sequenceFlow>\n        <exclusiveGateway id=\"RequirementsGroupReview_ExclusiveGateway\" name=\"RequirementsGroupReview_ExclusiveGateway\"></exclusiveGateway>\n        \n        \n        <!-- RequirementsGroupReviewRFI -->\n        <sequenceFlow sourceRef=\"RequirementsGroupReview_ExclusiveGateway\" targetRef=\"RequirementsGroupReviewRFI_ST\">\n            <conditionExpression xsi:type=\"tFormalExpression\"><![CDATA[${decision == \"RFI\"}]]>\n            </conditionExpression>\n        </sequenceFlow>\n        <serviceTask id=\"RequirementsGroupReviewRFI_ST\" name=\"RequirementsGroupReviewRFI_ST\" activiti:delegateExpression=\"${companyApprovalHandler}\">\n            <extensionElements>\n                <activiti:executionListener event=\"start\" class=\"com.netpace.device.listener.UpdateWorkitemListener\">\n                    <activiti:field name=\"step\">\n                        <activiti:string>RequirementsGroupReview</activiti:string>\n                    </activiti:field>\n                    <activiti:field name=\"status\">\n                        <activiti:string>Processed</activiti:string>\n                    </activiti:field>\n                </activiti:executionListener>\n                <activiti:executionListener event=\"start\" class=\"com.netpace.device.listener.AddWorkitemListener\">\n                    <activiti:field name=\"step\">\n                        <activiti:string>RequirementsGroupReviewRFI</activiti:string>\n                    </activiti:field>\n                    <activiti:field name=\"title\">\n                        <activiti:string>Requirements Group Review RFI</activiti:string>\n                    </activiti:field>\n                    <activiti:field name=\"status\">\n                        <activiti:string>InProgress</activiti:string>\n                    </activiti:field>\n                    <activiti:field name=\"allowedRoles\">\n                        <activiti:string>ROLE_REQUIREMENTS_GROUP,ROLE_SUPER_ADMIN,ROLE_VERIZON_SYSTEM_ADMIN</activiti:string>\n                    </activiti:field>\n                    <activiti:field name=\"requireInput\">\n                        <activiti:string>false</activiti:string>\n                    </activiti:field>\n                    <activiti:field name=\"nextActions\">\n                        <activiti:string>UnRFI</activiti:string>\n                    </activiti:field>\n                </activiti:executionListener>\n                <activiti:executionListener event=\"start\" class=\"com.netpace.device.listener.SendNotificationListener\">\n                    <activiti:field name=\"event\">\n                        <activiti:string>PRODUCT_REQUIREMENTS_GROUP_REVIEW_RFI</activiti:string>\n                    </activiti:field>\n                </activiti:executionListener>\n            </extensionElements>\n        </serviceTask>\n        <sequenceFlow sourceRef=\"RequirementsGroupReviewRFI_ST\" targetRef=\"RequirementsGroupReviewRFI\"></sequenceFlow>\n        <userTask id=\"RequirementsGroupReviewRFI\" name=\"RequirementsGroupReviewRFI\">\n            <documentation>\n                RequirementsGroupReviewRFI\n            </documentation>\n        </userTask>\n        <sequenceFlow sourceRef=\"RequirementsGroupReviewRFI\" targetRef=\"RequirementsGroupReviewUnRFI_ST\"></sequenceFlow>\n        <serviceTask id=\"RequirementsGroupReviewUnRFI_ST\" name=\"RequirementsGroupReviewUnRFI_ST\" activiti:delegateExpression=\"${companyApprovalHandler}\">\n            <extensionElements>\n                <activiti:executionListener event=\"start\" class=\"com.netpace.device.listener.UpdateWorkitemListener\">\n                    <activiti:field name=\"step\">\n                        <activiti:string>RequirementsGroupReviewRFI</activiti:string>\n                    </activiti:field>\n                    <activiti:field name=\"status\">\n                        <activiti:string>Processed</activiti:string>\n                    </activiti:field>\n                </activiti:executionListener>\n                <activiti:executionListener event=\"start\" class=\"com.netpace.device.listener.SendNotificationListener\">\n                    <activiti:field name=\"event\">\n                        <activiti:string>PRODUCT_REQUIREMENTS_GROUP_REVIEW_UNRFI</activiti:string>\n                    </activiti:field>\n                </activiti:executionListener>\n            </extensionElements>\n        </serviceTask>\n        <sequenceFlow sourceRef=\"RequirementsGroupReviewUnRFI_ST\" targetRef=\"RequirementsGroupReview_ST\"></sequenceFlow>\n\n\n        <!-- RequirementsGroupReviewDenied -->\n        <sequenceFlow sourceRef=\"RequirementsGroupReview_ExclusiveGateway\" targetRef=\"RequirementsGroupReviewDenied_ST\">\n            <conditionExpression xsi:type=\"tFormalExpression\"><![CDATA[${decision == \"Deny\"}]]>\n            </conditionExpression>\n        </sequenceFlow>\n        <serviceTask id=\"RequirementsGroupReviewDenied_ST\" name=\"RequirementsGroupReviewDenied_ST\" activiti:delegateExpression=\"${companyApprovalHandler}\">\n            <extensionElements>\n                <activiti:executionListener event=\"start\" class=\"com.netpace.device.listener.UpdateWorkitemListener\">\n                    <activiti:field name=\"step\">\n                        <activiti:string>RequirementsGroupReview</activiti:string>\n                    </activiti:field>\n                    <activiti:field name=\"status\">\n                        <activiti:string>Processed</activiti:string>\n                    </activiti:field>\n                </activiti:executionListener>\n                <activiti:executionListener event=\"start\" class=\"com.netpace.device.listener.AddWorkitemListener\">\n                    <activiti:field name=\"step\">\n                        <activiti:string>RequirementsGroupReviewDenied</activiti:string>\n                    </activiti:field>\n                    <activiti:field name=\"title\">\n                        <activiti:string>Requirements Group Review Denied</activiti:string>\n                    </activiti:field>\n                    <activiti:field name=\"status\">\n                        <activiti:string>InProgress</activiti:string>\n                    </activiti:field>\n                    <activiti:field name=\"allowedRoles\">\n                        <activiti:string>ROLE_SUPER_ADMIN</activiti:string>\n                    </activiti:field>\n                    <activiti:field name=\"requireInput\">\n                        <activiti:string>false</activiti:string>\n                    </activiti:field>\n                    <activiti:field name=\"nextActions\">\n                        <activiti:string>UnDeny</activiti:string>\n                    </activiti:field>\n                </activiti:executionListener>\n                <activiti:executionListener event=\"start\" class=\"com.netpace.device.listener.SendNotificationListener\">\n                    <activiti:field name=\"event\">\n                        <activiti:string>PRODUCT_REQUIREMENTS_GROUP_REVIEW_DENIED</activiti:string>\n                    </activiti:field>\n                </activiti:executionListener>\n            </extensionElements>\n        </serviceTask>\n        <sequenceFlow sourceRef=\"RequirementsGroupReviewDenied_ST\" targetRef=\"RequirementsGroupReviewDenied\"></sequenceFlow>\n        <userTask id=\"RequirementsGroupReviewDenied\" name=\"RequirementsGroupReviewDenied\">\n            <documentation>\n                RequirementsGroupReviewDenied\n            </documentation>\n        </userTask>\n        <sequenceFlow sourceRef=\"RequirementsGroupReviewDenied\" targetRef=\"RequirementsGroupReviewUnDenied_ST\"></sequenceFlow>\n        <serviceTask id=\"RequirementsGroupReviewUnDenied_ST\" name=\"RequirementsGroupReviewUnDenied_ST\" activiti:delegateExpression=\"${companyApprovalHandler}\">\n            <extensionElements>\n                <activiti:executionListener event=\"start\" class=\"com.netpace.device.listener.UpdateWorkitemListener\">\n                    <activiti:field name=\"step\">\n                        <activiti:string>RequirementsGroupReviewDenied</activiti:string>\n                    </activiti:field>\n                    <activiti:field name=\"status\">\n                        <activiti:string>Processed</activiti:string>\n                    </activiti:field>\n                </activiti:executionListener>\n                <activiti:executionListener event=\"start\" class=\"com.netpace.device.listener.SendNotificationListener\">\n                    <activiti:field name=\"event\">\n                        <activiti:string>PRODUCT_REQUIREMENTS_GROUP_REVIEW_UNDENY</activiti:string>\n                    </activiti:field>\n                </activiti:executionListener>\n            </extensionElements>\n        </serviceTask>\n        <sequenceFlow sourceRef=\"RequirementsGroupReviewUnDenied_ST\" targetRef=\"RequirementsGroupReview_ST\"></sequenceFlow>\n\n\n        <!-- RequirementsGroupReviewApprove -->\n        <sequenceFlow sourceRef=\"RequirementsGroupReview_ExclusiveGateway\" targetRef=\"RequirementsGroupReviewApprove_ST\">\n            <conditionExpression xsi:type=\"tFormalExpression\"><![CDATA[${decision == \"Approve\"}]]>\n            </conditionExpression>\n        </sequenceFlow>\n        <serviceTask id=\"RequirementsGroupReviewApprove_ST\" name=\"RequirementsGroupReviewApprove_ST\" activiti:delegateExpression=\"${companyApprovalHandler}\">\n            <extensionElements>\n                <activiti:executionListener event=\"start\" class=\"com.netpace.device.listener.UpdateWorkitemListener\">\n                    <activiti:field name=\"step\">\n                        <activiti:string>RequirementsGroupReview</activiti:string>\n                    </activiti:field>\n                    <activiti:field name=\"status\">\n                        <activiti:string>Processed</activiti:string>\n                    </activiti:field>\n                </activiti:executionListener>\n                <activiti:executionListener event=\"start\" class=\"com.netpace.device.listener.SendNotificationListener\">\n                    <activiti:field name=\"event\">\n                        <activiti:string>PRODUCT_REQUIREMENTS_GROUP_REVIEW_APPROVED</activiti:string>\n                    </activiti:field>\n                </activiti:executionListener>\n            </extensionElements>\n        </serviceTask>\n        <sequenceFlow sourceRef=\"RequirementsGroupReviewApprove_ST\" targetRef=\"DeviceComplianceReview_ST\"></sequenceFlow>\n        \n        \n        <!-- DeviceComplianceReview Start -->\n        <serviceTask id=\"DeviceComplianceReview_ST\" name=\"DeviceComplianceReview_ST\" activiti:delegateExpression=\"${companyApprovalHandler}\">\n            <extensionElements>\n                <activiti:executionListener event=\"start\" class=\"com.netpace.device.listener.AddWorkitemListener\">\n                    <activiti:field name=\"step\">\n                        <activiti:string>DeviceComplianceReview</activiti:string>\n                    </activiti:field>\n                    <activiti:field name=\"title\">\n                        <activiti:string>Device Compliance Review</activiti:string>\n                    </activiti:field>\n                    <activiti:field name=\"status\">\n                        <activiti:string>InProgress</activiti:string>\n                    </activiti:field>\n                    <activiti:field name=\"allowedRoles\">\n                        <activiti:string>ROLE_DEVICE_COMPLIANCE,ROLE_SUPER_ADMIN,ROLE_VERIZON_SYSTEM_ADMIN</activiti:string>\n                    </activiti:field>\n                    <activiti:field name=\"requireInput\">\n                        <activiti:string>false</activiti:string>\n                    </activiti:field>\n                    <activiti:field name=\"nextActions\">\n                        <activiti:string>Start Testing,Deny,RFI</activiti:string>\n                    </activiti:field>\n                </activiti:executionListener>\n                <activiti:executionListener event=\"start\" class=\"com.netpace.device.listener.SendNotificationListener\">\n                    <activiti:field name=\"event\">\n                        <activiti:string>PRODUCT_DEVICE_COMPLIANCE_REVIEW_PENDING</activiti:string>\n                    </activiti:field>\n                </activiti:executionListener>      \n            </extensionElements>\n        </serviceTask>\n        <sequenceFlow sourceRef=\"DeviceComplianceReview_ST\" targetRef=\"DeviceComplianceReview\"></sequenceFlow>\n        <userTask id=\"DeviceComplianceReview\" name=\"DeviceComplianceReview\">\n            <documentation>\n                DeviceComplianceReview\n            </documentation>\n        </userTask>\n        <sequenceFlow sourceRef=\"DeviceComplianceReview\" targetRef=\"DeviceComplianceReview_ExclusiveGateway\"></sequenceFlow>\n        <exclusiveGateway id=\"DeviceComplianceReview_ExclusiveGateway\" name=\"DeviceComplianceReview_ExclusiveGateway\"></exclusiveGateway>\n        \n        \n        <!-- DeviceComplianceReviewRFI -->\n        <sequenceFlow sourceRef=\"DeviceComplianceReview_ExclusiveGateway\" targetRef=\"DeviceComplianceReviewRFI_ST\">\n            <conditionExpression xsi:type=\"tFormalExpression\"><![CDATA[${decision == \"RFI\"}]]>\n            </conditionExpression>\n        </sequenceFlow>\n        <serviceTask id=\"DeviceComplianceReviewRFI_ST\" name=\"DeviceComplianceReviewRFI_ST\" activiti:delegateExpression=\"${companyApprovalHandler}\">\n            <extensionElements>\n                <activiti:executionListener event=\"start\" class=\"com.netpace.device.listener.UpdateWorkitemListener\">\n                    <activiti:field name=\"step\">\n                        <activiti:string>DeviceComplianceReview</activiti:string>\n                    </activiti:field>\n                    <activiti:field name=\"status\">\n                        <activiti:string>Processed</activiti:string>\n                    </activiti:field>\n                </activiti:executionListener>\n                <activiti:executionListener event=\"start\" class=\"com.netpace.device.listener.AddWorkitemListener\">\n                    <activiti:field name=\"step\">\n                        <activiti:string>DeviceComplianceReviewRFI</activiti:string>\n                    </activiti:field>\n                    <activiti:field name=\"title\">\n                        <activiti:string>Device Compliance Review RFI</activiti:string>\n                    </activiti:field>\n                    <activiti:field name=\"status\">\n                        <activiti:string>InProgress</activiti:string>\n                    </activiti:field>\n                    <activiti:field name=\"allowedRoles\">\n                        <activiti:string>ROLE_DEVICE_COMPLIANCE,ROLE_SUPER_ADMIN,ROLE_VERIZON_SYSTEM_ADMIN</activiti:string>\n                    </activiti:field>\n                    <activiti:field name=\"requireInput\">\n                        <activiti:string>false</activiti:string>\n                    </activiti:field>\n                    <activiti:field name=\"nextActions\">\n                        <activiti:string>UnRFI</activiti:string>\n                    </activiti:field>\n                </activiti:executionListener>\n                <activiti:executionListener event=\"start\" class=\"com.netpace.device.listener.SendNotificationListener\">\n                    <activiti:field name=\"event\">\n                        <activiti:string>PRODUCT_DEVICE_COMPLIANCE_REVIEW_RFI</activiti:string>\n                    </activiti:field>\n                </activiti:executionListener>\n            </extensionElements>\n        </serviceTask>\n        <sequenceFlow sourceRef=\"DeviceComplianceReviewRFI_ST\" targetRef=\"DeviceComplianceReviewRFI\"></sequenceFlow>\n        <userTask id=\"DeviceComplianceReviewRFI\" name=\"DeviceComplianceReviewRFI\">\n            <documentation>\n                DeviceComplianceReviewRFI\n            </documentation>\n        </userTask>\n        <sequenceFlow sourceRef=\"DeviceComplianceReviewRFI\" targetRef=\"DeviceComplianceReviewUnRFI_ST\"></sequenceFlow>\n        <serviceTask id=\"DeviceComplianceReviewUnRFI_ST\" name=\"DeviceComplianceReviewUnRFI_ST\" activiti:delegateExpression=\"${companyApprovalHandler}\">\n            <extensionElements>\n                <activiti:executionListener event=\"start\" class=\"com.netpace.device.listener.UpdateWorkitemListener\">\n                    <activiti:field name=\"step\">\n                        <activiti:string>DeviceComplianceReviewRFI</activiti:string>\n                    </activiti:field>\n                    <activiti:field name=\"status\">\n                        <activiti:string>Processed</activiti:string>\n                    </activiti:field>\n                </activiti:executionListener>\n                <activiti:executionListener event=\"start\" class=\"com.netpace.device.listener.SendNotificationListener\">\n                    <activiti:field name=\"event\">\n                        <activiti:string>PRODUCT_DEVICE_COMPLIANCE_REVIEW_UNRFI</activiti:string>\n                    </activiti:field>\n                </activiti:executionListener>\n            </extensionElements>\n        </serviceTask>\n        <sequenceFlow sourceRef=\"DeviceComplianceReviewUnRFI_ST\" targetRef=\"DeviceComplianceReview_ST\"></sequenceFlow>\n\n\n        <!-- DeviceComplianceReviewDenied -->\n        <sequenceFlow sourceRef=\"DeviceComplianceReview_ExclusiveGateway\" targetRef=\"DeviceComplianceReviewDenied_ST\">\n            <conditionExpression xsi:type=\"tFormalExpression\"><![CDATA[${decision == \"Deny\"}]]>\n            </conditionExpression>\n        </sequenceFlow>\n        <serviceTask id=\"DeviceComplianceReviewDenied_ST\" name=\"DeviceComplianceReviewDenied_ST\" activiti:delegateExpression=\"${companyApprovalHandler}\">\n            <extensionElements>\n                <activiti:executionListener event=\"start\" class=\"com.netpace.device.listener.UpdateWorkitemListener\">\n                    <activiti:field name=\"step\">\n                        <activiti:string>DeviceComplianceReview</activiti:string>\n                    </activiti:field>\n                    <activiti:field name=\"status\">\n                        <activiti:string>Processed</activiti:string>\n                    </activiti:field>\n                </activiti:executionListener>\n                <activiti:executionListener event=\"start\" class=\"com.netpace.device.listener.AddWorkitemListener\">\n                    <activiti:field name=\"step\">\n                        <activiti:string>DeviceComplianceReviewDenied</activiti:string>\n                    </activiti:field>\n                    <activiti:field name=\"title\">\n                        <activiti:string>Device Compliance Review Denied</activiti:string>\n                    </activiti:field>\n                    <activiti:field name=\"status\">\n                        <activiti:string>InProgress</activiti:string>\n                    </activiti:field>\n                    <activiti:field name=\"allowedRoles\">\n                        <activiti:string>ROLE_SUPER_ADMIN</activiti:string>\n                    </activiti:field>\n                    <activiti:field name=\"requireInput\">\n                        <activiti:string>false</activiti:string>\n                    </activiti:field>\n                    <activiti:field name=\"nextActions\">\n                        <activiti:string>UnDeny</activiti:string>\n                    </activiti:field>\n                </activiti:executionListener>\n                <activiti:executionListener event=\"start\" class=\"com.netpace.device.listener.SendNotificationListener\">\n                    <activiti:field name=\"event\">\n                        <activiti:string>PRODUCT_DEVICE_COMPLIANCE_REVIEW_DENIED</activiti:string>\n                    </activiti:field>\n                </activiti:executionListener>\n            </extensionElements>\n        </serviceTask>\n        <sequenceFlow sourceRef=\"DeviceComplianceReviewDenied_ST\" targetRef=\"DeviceComplianceReviewDenied\"></sequenceFlow>\n        <userTask id=\"DeviceComplianceReviewDenied\" name=\"DeviceComplianceReviewDenied\">\n            <documentation>\n                DeviceComplianceReviewDenied\n            </documentation>\n        </userTask>\n        <sequenceFlow sourceRef=\"DeviceComplianceReviewDenied\" targetRef=\"DeviceComplianceReviewUnDenied_ST\"></sequenceFlow>\n        <serviceTask id=\"DeviceComplianceReviewUnDenied_ST\" name=\"DeviceComplianceReviewUnDenied_ST\" activiti:delegateExpression=\"${companyApprovalHandler}\">\n            <extensionElements>\n                <activiti:executionListener event=\"start\" class=\"com.netpace.device.listener.UpdateWorkitemListener\">\n                    <activiti:field name=\"step\">\n                        <activiti:string>DeviceComplianceReviewDenied</activiti:string>\n                    </activiti:field>\n                    <activiti:field name=\"status\">\n                        <activiti:string>Processed</activiti:string>\n                    </activiti:field>\n                </activiti:executionListener>\n                <activiti:executionListener event=\"start\" class=\"com.netpace.device.listener.SendNotificationListener\">\n                    <activiti:field name=\"event\">\n                        <activiti:string>PRODUCT_DEVICE_COMPLIANCE_REVIEW_UNDENY</activiti:string>\n                    </activiti:field>\n                </activiti:executionListener>\n            </extensionElements>\n        </serviceTask>\n        <sequenceFlow sourceRef=\"DeviceComplianceReviewUnDenied_ST\" targetRef=\"DeviceComplianceReview_ST\"></sequenceFlow>\n\n\n        <!-- DeviceComplianceReviewApprove -->\n        <sequenceFlow sourceRef=\"DeviceComplianceReview_ExclusiveGateway\" targetRef=\"DeviceComplianceReviewApprove_ST\">\n            <conditionExpression xsi:type=\"tFormalExpression\"><![CDATA[${decision == \"Start Testing\"}]]>\n            </conditionExpression>\n        </sequenceFlow>\n        <serviceTask id=\"DeviceComplianceReviewApprove_ST\" name=\"DeviceComplianceReviewApprove_ST\" activiti:delegateExpression=\"${companyApprovalHandler}\">\n            <extensionElements>\n                <activiti:executionListener event=\"start\" class=\"com.netpace.device.listener.UpdateWorkitemListener\">\n                    <activiti:field name=\"step\">\n                        <activiti:string>DeviceComplianceReview</activiti:string>\n                    </activiti:field>\n                    <activiti:field name=\"status\">\n                        <activiti:string>Processed</activiti:string>\n                    </activiti:field>\n                </activiti:executionListener>\n                <activiti:executionListener event=\"start\" class=\"com.netpace.device.listener.SendNotificationListener\">\n                    <activiti:field name=\"event\">\n                        <activiti:string>PRODUCT_DEVICE_COMPLIANCE_REVIEW_START_TESTING</activiti:string>\n                    </activiti:field>\n                </activiti:executionListener>\n            </extensionElements>\n        </serviceTask>\n        <sequenceFlow sourceRef=\"DeviceComplianceReviewApprove_ST\" targetRef=\"DeviceComplianceReviewEOT_ST\"></sequenceFlow>\n        <!-- DeviceComplianceReview End -->\n\n\n        <!-- DeviceComplianceReviewEOT Start -->\n        <serviceTask id=\"DeviceComplianceReviewEOT_ST\" name=\"DeviceComplianceReviewEOT_ST\" activiti:delegateExpression=\"${companyApprovalHandler}\">\n            <extensionElements>\n                <activiti:executionListener event=\"start\" class=\"com.netpace.device.listener.AddWorkitemListener\">\n                    <activiti:field name=\"step\">\n                        <activiti:string>DeviceComplianceReviewEOT</activiti:string>\n                    </activiti:field>\n                    <activiti:field name=\"title\">\n                        <activiti:string>Device Compliance Review EOT</activiti:string>\n                    </activiti:field>\n                    <activiti:field name=\"status\">\n                        <activiti:string>InProgress</activiti:string>\n                    </activiti:field>\n                    <activiti:field name=\"allowedRoles\">\n                        <activiti:string>ROLE_DEVICE_COMPLIANCE,ROLE_SUPER_ADMIN,ROLE_VERIZON_SYSTEM_ADMIN</activiti:string>\n                    </activiti:field>\n                    <activiti:field name=\"requireInput\">\n                        <activiti:string>false</activiti:string>\n                    </activiti:field>\n                    <activiti:field name=\"nextActions\">\n                        <activiti:string>End Testing,Deny,RFI</activiti:string>\n                    </activiti:field>\n                </activiti:executionListener>\n                <activiti:executionListener event=\"start\" class=\"com.netpace.device.listener.SendNotificationListener\">\n                    <activiti:field name=\"event\">\n                        <activiti:string>PRODUCT_DEVICE_COMPLIANCE_EOT_PENDING</activiti:string>\n                    </activiti:field>\n                </activiti:executionListener>      \n            </extensionElements>\n        </serviceTask>\n        <sequenceFlow sourceRef=\"DeviceComplianceReviewEOT_ST\" targetRef=\"DeviceComplianceReviewEOT\"></sequenceFlow>\n        <userTask id=\"DeviceComplianceReviewEOT\" name=\"DeviceComplianceReviewEOT\">\n            <documentation>\n                DeviceComplianceReviewEOT\n            </documentation>\n        </userTask>\n        <sequenceFlow sourceRef=\"DeviceComplianceReviewEOT\" targetRef=\"DeviceComplianceReviewEOT_ExclusiveGateway\"></sequenceFlow>\n        <exclusiveGateway id=\"DeviceComplianceReviewEOT_ExclusiveGateway\" name=\"DeviceComplianceReviewEOT_ExclusiveGateway\"></exclusiveGateway>\n        \n        \n        <!-- DeviceComplianceReviewEOTRFI -->\n        <sequenceFlow sourceRef=\"DeviceComplianceReviewEOT_ExclusiveGateway\" targetRef=\"DeviceComplianceReviewEOTRFI_ST\">\n            <conditionExpression xsi:type=\"tFormalExpression\"><![CDATA[${decision == \"RFI\"}]]>\n            </conditionExpression>\n        </sequenceFlow>\n        <serviceTask id=\"DeviceComplianceReviewEOTRFI_ST\" name=\"DeviceComplianceReviewEOTRFI_ST\" activiti:delegateExpression=\"${companyApprovalHandler}\">\n            <extensionElements>\n                <activiti:executionListener event=\"start\" class=\"com.netpace.device.listener.UpdateWorkitemListener\">\n                    <activiti:field name=\"step\">\n                        <activiti:string>DeviceComplianceReviewEOT</activiti:string>\n                    </activiti:field>\n                    <activiti:field name=\"status\">\n                        <activiti:string>Processed</activiti:string>\n                    </activiti:field>\n                </activiti:executionListener>\n                <activiti:executionListener event=\"start\" class=\"com.netpace.device.listener.AddWorkitemListener\">\n                    <activiti:field name=\"step\">\n                        <activiti:string>DeviceComplianceReviewEOTRFI</activiti:string>\n                    </activiti:field>\n                    <activiti:field name=\"title\">\n                        <activiti:string>Device Compliance Review EOT RFI</activiti:string>\n                    </activiti:field>\n                    <activiti:field name=\"status\">\n                        <activiti:string>InProgress</activiti:string>\n                    </activiti:field>\n                    <activiti:field name=\"allowedRoles\">\n                        <activiti:string>ROLE_DEVICE_COMPLIANCE,ROLE_SUPER_ADMIN,ROLE_VERIZON_SYSTEM_ADMIN</activiti:string>\n                    </activiti:field>\n                    <activiti:field name=\"requireInput\">\n                        <activiti:string>false</activiti:string>\n                    </activiti:field>\n                    <activiti:field name=\"nextActions\">\n                        <activiti:string>UnRFI</activiti:string>\n                    </activiti:field>\n                </activiti:executionListener>\n                <activiti:executionListener event=\"start\" class=\"com.netpace.device.listener.SendNotificationListener\">\n                    <activiti:field name=\"event\">\n                        <activiti:string>PRODUCT_DEVICE_COMPLIANCE_EOT_RFI</activiti:string>\n                    </activiti:field>\n                </activiti:executionListener>\n            </extensionElements>\n        </serviceTask>\n        <sequenceFlow sourceRef=\"DeviceComplianceReviewEOTRFI_ST\" targetRef=\"DeviceComplianceReviewEOTRFI\"></sequenceFlow>\n        <userTask id=\"DeviceComplianceReviewEOTRFI\" name=\"DeviceComplianceReviewEOTRFI\">\n            <documentation>\n                DeviceComplianceReviewEOTRFI\n            </documentation>\n        </userTask>\n        <sequenceFlow sourceRef=\"DeviceComplianceReviewEOTRFI\" targetRef=\"DeviceComplianceReviewEOTUnRFI_ST\"></sequenceFlow>\n        <serviceTask id=\"DeviceComplianceReviewEOTUnRFI_ST\" name=\"DeviceComplianceReviewEOTUnRFI_ST\" activiti:delegateExpression=\"${companyApprovalHandler}\">\n            <extensionElements>\n                <activiti:executionListener event=\"start\" class=\"com.netpace.device.listener.UpdateWorkitemListener\">\n                    <activiti:field name=\"step\">\n                        <activiti:string>DeviceComplianceReviewEOTRFI</activiti:string>\n                    </activiti:field>\n                    <activiti:field name=\"status\">\n                        <activiti:string>Processed</activiti:string>\n                    </activiti:field>\n                </activiti:executionListener>\n                <activiti:executionListener event=\"start\" class=\"com.netpace.device.listener.SendNotificationListener\">\n                    <activiti:field name=\"event\">\n                        <activiti:string>PRODUCT_DEVICE_COMPLIANCE_EOT_UNRFI</activiti:string>\n                    </activiti:field>\n                </activiti:executionListener>\n            </extensionElements>\n        </serviceTask>\n        <sequenceFlow sourceRef=\"DeviceComplianceReviewEOTUnRFI_ST\" targetRef=\"DeviceComplianceReviewEOT_ST\"></sequenceFlow>\n\n\n        <!-- DeviceComplianceReviewEOTDenied -->\n        <sequenceFlow sourceRef=\"DeviceComplianceReviewEOT_ExclusiveGateway\" targetRef=\"DeviceComplianceReviewEOTDenied_ST\">\n            <conditionExpression xsi:type=\"tFormalExpression\"><![CDATA[${decision == \"Deny\"}]]>\n            </conditionExpression>\n        </sequenceFlow>\n        <serviceTask id=\"DeviceComplianceReviewEOTDenied_ST\" name=\"DeviceComplianceReviewEOTDenied_ST\" activiti:delegateExpression=\"${companyApprovalHandler}\">\n            <extensionElements>\n                <activiti:executionListener event=\"start\" class=\"com.netpace.device.listener.UpdateWorkitemListener\">\n                    <activiti:field name=\"step\">\n                        <activiti:string>DeviceComplianceReviewEOT</activiti:string>\n                    </activiti:field>\n                    <activiti:field name=\"status\">\n                        <activiti:string>Processed</activiti:string>\n                    </activiti:field>\n                </activiti:executionListener>\n                <activiti:executionListener event=\"start\" class=\"com.netpace.device.listener.AddWorkitemListener\">\n                    <activiti:field name=\"step\">\n                        <activiti:string>DeviceComplianceReviewEOTDenied</activiti:string>\n                    </activiti:field>\n                    <activiti:field name=\"title\">\n                        <activiti:string>Device Compliance Review EOT Denied</activiti:string>\n                    </activiti:field>\n                    <activiti:field name=\"status\">\n                        <activiti:string>InProgress</activiti:string>\n                    </activiti:field>\n                    <activiti:field name=\"allowedRoles\">\n                        <activiti:string>ROLE_SUPER_ADMIN</activiti:string>\n                    </activiti:field>\n                    <activiti:field name=\"requireInput\">\n                        <activiti:string>false</activiti:string>\n                    </activiti:field>\n                    <activiti:field name=\"nextActions\">\n                        <activiti:string>UnDeny</activiti:string>\n                    </activiti:field>\n                </activiti:executionListener>\n                <activiti:executionListener event=\"start\" class=\"com.netpace.device.listener.SendNotificationListener\">\n                    <activiti:field name=\"event\">\n                        <activiti:string>PRODUCT_DEVICE_COMPLIANCE_EOT_DENIED</activiti:string>\n                    </activiti:field>\n                </activiti:executionListener>\n            </extensionElements>\n        </serviceTask>\n        <sequenceFlow sourceRef=\"DeviceComplianceReviewEOTDenied_ST\" targetRef=\"DeviceComplianceReviewEOTDenied\"></sequenceFlow>\n        <userTask id=\"DeviceComplianceReviewEOTDenied\" name=\"DeviceComplianceReviewEOTDenied\">\n            <documentation>\n                DeviceComplianceReviewEOTDenied\n            </documentation>\n        </userTask>\n        <sequenceFlow sourceRef=\"DeviceComplianceReviewEOTDenied\" targetRef=\"DeviceComplianceReviewEOTUnDenied_ST\"></sequenceFlow>\n        <serviceTask id=\"DeviceComplianceReviewEOTUnDenied_ST\" name=\"DeviceComplianceReviewEOTUnDenied_ST\" activiti:delegateExpression=\"${companyApprovalHandler}\">\n            <extensionElements>\n                <activiti:executionListener event=\"start\" class=\"com.netpace.device.listener.UpdateWorkitemListener\">\n                    <activiti:field name=\"step\">\n                        <activiti:string>DeviceComplianceReviewEOTDenied</activiti:string>\n                    </activiti:field>\n                    <activiti:field name=\"status\">\n                        <activiti:string>Processed</activiti:string>\n                    </activiti:field>\n                </activiti:executionListener>\n                <activiti:executionListener event=\"start\" class=\"com.netpace.device.listener.SendNotificationListener\">\n                    <activiti:field name=\"event\">\n                        <activiti:string>PRODUCT_DEVICE_COMPLIANCE_EOT_UNDENY</activiti:string>\n                    </activiti:field>\n                </activiti:executionListener>\n            </extensionElements>\n        </serviceTask>\n        <sequenceFlow sourceRef=\"DeviceComplianceReviewEOTUnDenied_ST\" targetRef=\"DeviceComplianceReviewEOT_ST\"></sequenceFlow>\n\n\n        <!-- DeviceComplianceReviewEOTApprove -->\n        <sequenceFlow sourceRef=\"DeviceComplianceReviewEOT_ExclusiveGateway\" targetRef=\"DeviceComplianceReviewEOTApprove_ST\">\n            <conditionExpression xsi:type=\"tFormalExpression\"><![CDATA[${decision == \"End Testing\"}]]>\n            </conditionExpression>\n        </sequenceFlow>\n        <serviceTask id=\"DeviceComplianceReviewEOTApprove_ST\" name=\"DeviceComplianceReviewEOTApprove_ST\" activiti:delegateExpression=\"${companyApprovalHandler}\">\n            <extensionElements>\n                <activiti:executionListener event=\"start\" class=\"com.netpace.device.listener.UpdateWorkitemListener\">\n                    <activiti:field name=\"step\">\n                        <activiti:string>DeviceComplianceReviewEOT</activiti:string>\n                    </activiti:field>\n                    <activiti:field name=\"status\">\n                        <activiti:string>Processed</activiti:string>\n                    </activiti:field>\n                </activiti:executionListener>\n                <activiti:executionListener event=\"start\" class=\"com.netpace.device.listener.SendNotificationListener\">\n                    <activiti:field name=\"event\">\n                        <activiti:string>PRODUCT_DEVICE_COMPLIANCE_EOT_END_TESTING</activiti:string>\n                    </activiti:field>\n                </activiti:executionListener>\n            </extensionElements>\n        </serviceTask>\n        <sequenceFlow sourceRef=\"DeviceComplianceReviewEOTApprove_ST\" targetRef=\"UploadPDFofSampleProduct_InclusiveGateway\"></sequenceFlow>\n        <!-- DeviceComplianceReviewEOT End -->\n        \n        \n        <!-- UploadPDFofSampleProduct Parallel Gateway -->\n        <parallelGateway id=\"UploadPDFofSampleProduct_InclusiveGateway\" />\n        <sequenceFlow sourceRef=\"UploadPDFofSampleProduct_InclusiveGateway\" targetRef=\"UploadPDFofSampleProduct_ST\"></sequenceFlow>\n        \n        \n        <!-- UploadPDFofSampleProduct Start -->\n        <serviceTask id=\"UploadPDFofSampleProduct_ST\" name=\"UploadPDFofSampleProduct_ST\" activiti:delegateExpression=\"${companyApprovalHandler}\">\n            <extensionElements>\n                <activiti:executionListener event=\"start\" class=\"com.netpace.device.listener.AddWorkitemListener\">\n                    <activiti:field name=\"step\">\n                        <activiti:string>UploadPDFofSampleProduct</activiti:string>\n                    </activiti:field>\n                    <activiti:field name=\"title\">\n                        <activiti:string>Upload PDF of Sample Product</activiti:string>\n                    </activiti:field>\n                    <activiti:field name=\"status\">\n                        <activiti:string>InProgress</activiti:string>\n                    </activiti:field>\n                    <activiti:field name=\"allowedRoles\">\n                        <activiti:string>ROLE_PARTNER_USER,ROLE_SUPER_ADMIN</activiti:string>\n                    </activiti:field>\n                    <activiti:field name=\"requireInput\">\n                        <activiti:string>true</activiti:string>\n                    </activiti:field>\n                    <activiti:field name=\"nextActions\">\n                        <activiti:string>Submit to Verizon</activiti:string>\n                    </activiti:field>\n                </activiti:executionListener>\n                <activiti:executionListener event=\"start\" class=\"com.netpace.device.listener.SendNotificationListener\">\n                    <activiti:field name=\"event\">\n                        <activiti:string>PRODUCT_UPLOAD_PDF_OF_SAMPLE_PRODUCT_PENDING</activiti:string>\n                    </activiti:field>\n                </activiti:executionListener>      \n            </extensionElements>\n        </serviceTask>\n        <sequenceFlow sourceRef=\"UploadPDFofSampleProduct_ST\" targetRef=\"UploadPDFofSampleProduct\"></sequenceFlow>\n        <userTask id=\"UploadPDFofSampleProduct\" name=\"UploadPDFofSampleProduct\">\n            <documentation>\n                UploadPDFofSampleProduct\n            </documentation>\n        </userTask>\n        <sequenceFlow sourceRef=\"UploadPDFofSampleProduct\" targetRef=\"UploadPDFofSampleProduct_ExclusiveGateway\"></sequenceFlow>\n        <exclusiveGateway id=\"UploadPDFofSampleProduct_ExclusiveGateway\" name=\"UploadPDFofSampleProduct_ExclusiveGateway\"/>\n\n\n        <!-- UploadPDFofSampleProductApprove Flow -->\n        <sequenceFlow sourceRef=\"UploadPDFofSampleProduct_ExclusiveGateway\" targetRef=\"UploadPDFofSampleProductApprove_ST\">\n            <conditionExpression xsi:type=\"tFormalExpression\"><![CDATA[${decision == \"Submit to Verizon\"}]]>\n            </conditionExpression>\n        </sequenceFlow>\n        <serviceTask id=\"UploadPDFofSampleProductApprove_ST\" name=\"UploadPDFofSampleProductApprove_ST\" activiti:delegateExpression=\"${companyApprovalHandler}\">\n            <extensionElements>\n                <activiti:executionListener event=\"start\" class=\"com.netpace.device.listener.UpdateWorkitemListener\">\n                    <activiti:field name=\"step\">\n                        <activiti:string>UploadPDFofSampleProduct</activiti:string>\n                    </activiti:field>\n                    <activiti:field name=\"status\">\n                        <activiti:string>Processed</activiti:string>\n                    </activiti:field>\n                </activiti:executionListener>\n                <activiti:executionListener event=\"start\" class=\"com.netpace.device.listener.SendNotificationListener\">\n                    <activiti:field name=\"event\">\n                        <activiti:string>PRODUCT_UPLOAD_PDF_OF_SAMPLE_PRODUCT_SUBMITTED</activiti:string>\n                    </activiti:field>\n                </activiti:executionListener>\n            </extensionElements>\n        </serviceTask>\n        <sequenceFlow sourceRef=\"UploadPDFofSampleProductApprove_ST\" targetRef=\"DeviceMarketingFinalReview_ST\"></sequenceFlow>\n        <!-- UploadPDFofSampleProduct End -->\n\n\n        <!-- DeviceMarketingFinalReview Start -->\n        <serviceTask id=\"DeviceMarketingFinalReview_ST\" name=\"DeviceMarketingFinalReview_ST\" activiti:delegateExpression=\"${companyApprovalHandler}\">\n            <extensionElements>\n                <activiti:executionListener event=\"start\" class=\"com.netpace.device.listener.AddWorkitemListener\">\n                    <activiti:field name=\"step\">\n                        <activiti:string>DeviceMarketingFinalReview</activiti:string>\n                    </activiti:field>\n                    <activiti:field name=\"title\">\n                        <activiti:string>Device Marketing Final Review</activiti:string>\n                    </activiti:field>\n                    <activiti:field name=\"status\">\n                        <activiti:string>InProgress</activiti:string>\n                    </activiti:field>\n                    <activiti:field name=\"allowedRoles\">\n                        <activiti:string>ROLE_DEVICE_MARKETING,ROLE_SUPER_ADMIN,ROLE_VERIZON_SYSTEM_ADMIN</activiti:string>\n                    </activiti:field>\n                    <activiti:field name=\"requireInput\">\n                        <activiti:string>false</activiti:string>\n                    </activiti:field>\n                    <activiti:field name=\"nextActions\">\n                        <activiti:string>Approve,Deny,RFI</activiti:string>\n                    </activiti:field>\n                </activiti:executionListener>\n                <activiti:executionListener event=\"start\" class=\"com.netpace.device.listener.SendNotificationListener\">\n                    <activiti:field name=\"event\">\n                        <activiti:string>PRODUCT_DEVICE_MARKETING_FINAL_REVIEW_PENDING</activiti:string>\n                    </activiti:field>\n                </activiti:executionListener>      \n            </extensionElements>\n        </serviceTask>\n        <sequenceFlow sourceRef=\"DeviceMarketingFinalReview_ST\" targetRef=\"DeviceMarketingFinalReview\"></sequenceFlow>\n        <userTask id=\"DeviceMarketingFinalReview\" name=\"DeviceMarketingFinalReview\">\n            <documentation>\n                DeviceMarketingFinalReview\n            </documentation>\n        </userTask>\n        <sequenceFlow sourceRef=\"DeviceMarketingFinalReview\" targetRef=\"DeviceMarketingFinalReview_ExclusiveGateway\"></sequenceFlow>\n        <exclusiveGateway id=\"DeviceMarketingFinalReview_ExclusiveGateway\" name=\"DeviceMarketingFinalReview_ExclusiveGateway\"></exclusiveGateway>\n        \n        \n        <!-- DeviceMarketingFinalReviewRFI -->\n        <sequenceFlow sourceRef=\"DeviceMarketingFinalReview_ExclusiveGateway\" targetRef=\"DeviceMarketingFinalReviewRFI_ST\">\n            <conditionExpression xsi:type=\"tFormalExpression\"><![CDATA[${decision == \"RFI\"}]]>\n            </conditionExpression>\n        </sequenceFlow>\n        <serviceTask id=\"DeviceMarketingFinalReviewRFI_ST\" name=\"DeviceMarketingFinalReviewRFI_ST\" activiti:delegateExpression=\"${companyApprovalHandler}\">\n            <extensionElements>\n                <activiti:executionListener event=\"start\" class=\"com.netpace.device.listener.UpdateWorkitemListener\">\n                    <activiti:field name=\"step\">\n                        <activiti:string>DeviceMarketingFinalReview</activiti:string>\n                    </activiti:field>\n                    <activiti:field name=\"status\">\n                        <activiti:string>Processed</activiti:string>\n                    </activiti:field>\n                </activiti:executionListener>\n                <activiti:executionListener event=\"start\" class=\"com.netpace.device.listener.AddWorkitemListener\">\n                    <activiti:field name=\"step\">\n                        <activiti:string>DeviceMarketingFinalReviewRFI</activiti:string>\n                    </activiti:field>\n                    <activiti:field name=\"title\">\n                        <activiti:string>Device Marketing Final Review RFI</activiti:string>\n                    </activiti:field>\n                    <activiti:field name=\"status\">\n                        <activiti:string>InProgress</activiti:string>\n                    </activiti:field>\n                    <activiti:field name=\"allowedRoles\">\n                        <activiti:string>ROLE_DEVICE_MARKETING,ROLE_SUPER_ADMIN,ROLE_VERIZON_SYSTEM_ADMIN</activiti:string>\n                    </activiti:field>\n                    <activiti:field name=\"requireInput\">\n                        <activiti:string>false</activiti:string>\n                    </activiti:field>\n                    <activiti:field name=\"nextActions\">\n                        <activiti:string>UnRFI</activiti:string>\n                    </activiti:field>\n                </activiti:executionListener>\n                <activiti:executionListener event=\"start\" class=\"com.netpace.device.listener.SendNotificationListener\">\n                    <activiti:field name=\"event\">\n                        <activiti:string>PRODUCT_DEVICE_MARKETING_FINAL_REVIEW_RFI</activiti:string>\n                    </activiti:field>\n                </activiti:executionListener>\n            </extensionElements>\n        </serviceTask>\n        <sequenceFlow sourceRef=\"DeviceMarketingFinalReviewRFI_ST\" targetRef=\"DeviceMarketingFinalReviewRFI\"></sequenceFlow>\n        <userTask id=\"DeviceMarketingFinalReviewRFI\" name=\"DeviceMarketingFinalReviewRFI\">\n            <documentation>\n                DeviceMarketingFinalReviewRFI\n            </documentation>\n        </userTask>\n        <sequenceFlow sourceRef=\"DeviceMarketingFinalReviewRFI\" targetRef=\"DeviceMarketingFinalReviewUnRFI_ST\"></sequenceFlow>\n        <serviceTask id=\"DeviceMarketingFinalReviewUnRFI_ST\" name=\"DeviceMarketingFinalReviewUnRFI_ST\" activiti:delegateExpression=\"${companyApprovalHandler}\">\n            <extensionElements>\n                <activiti:executionListener event=\"start\" class=\"com.netpace.device.listener.UpdateWorkitemListener\">\n                    <activiti:field name=\"step\">\n                        <activiti:string>DeviceMarketingFinalReviewRFI</activiti:string>\n                    </activiti:field>\n                    <activiti:field name=\"status\">\n                        <activiti:string>Processed</activiti:string>\n                    </activiti:field>\n                </activiti:executionListener>\n                <activiti:executionListener event=\"start\" class=\"com.netpace.device.listener.SendNotificationListener\">\n                    <activiti:field name=\"event\">\n                        <activiti:string>PRODUCT_DEVICE_MARKETING_FINAL_REVIEW_UNRFI</activiti:string>\n                    </activiti:field>\n                </activiti:executionListener>\n            </extensionElements>\n        </serviceTask>\n        <sequenceFlow sourceRef=\"DeviceMarketingFinalReviewUnRFI_ST\" targetRef=\"DeviceMarketingFinalReview_ST\"></sequenceFlow>\n\n\n        <!-- DeviceMarketingFinalReviewDenied -->\n        <sequenceFlow sourceRef=\"DeviceMarketingFinalReview_ExclusiveGateway\" targetRef=\"DeviceMarketingFinalReviewDenied_ST\">\n            <conditionExpression xsi:type=\"tFormalExpression\"><![CDATA[${decision == \"Deny\"}]]>\n            </conditionExpression>\n        </sequenceFlow>\n        <serviceTask id=\"DeviceMarketingFinalReviewDenied_ST\" name=\"DeviceMarketingFinalReviewDenied_ST\" activiti:delegateExpression=\"${companyApprovalHandler}\">\n            <extensionElements>\n                <activiti:executionListener event=\"start\" class=\"com.netpace.device.listener.UpdateWorkitemListener\">\n                    <activiti:field name=\"step\">\n                        <activiti:string>DeviceMarketingFinalReview</activiti:string>\n                    </activiti:field>\n                    <activiti:field name=\"status\">\n                        <activiti:string>Processed</activiti:string>\n                    </activiti:field>\n                </activiti:executionListener>\n                <activiti:executionListener event=\"start\" class=\"com.netpace.device.listener.AddWorkitemListener\">\n                    <activiti:field name=\"step\">\n                        <activiti:string>DeviceMarketingFinalReviewDenied</activiti:string>\n                    </activiti:field>\n                    <activiti:field name=\"title\">\n                        <activiti:string>Device Marketing Final Review Denied</activiti:string>\n                    </activiti:field>\n                    <activiti:field name=\"status\">\n                        <activiti:string>InProgress</activiti:string>\n                    </activiti:field>\n                    <activiti:field name=\"allowedRoles\">\n                        <activiti:string>ROLE_SUPER_ADMIN</activiti:string>\n                    </activiti:field>\n                    <activiti:field name=\"requireInput\">\n                        <activiti:string>false</activiti:string>\n                    </activiti:field>\n                    <activiti:field name=\"nextActions\">\n                        <activiti:string>UnDeny</activiti:string>\n                    </activiti:field>\n                </activiti:executionListener>\n                <activiti:executionListener event=\"start\" class=\"com.netpace.device.listener.SendNotificationListener\">\n                    <activiti:field name=\"event\">\n                        <activiti:string>PRODUCT_DEVICE_MARKETING_FINAL_REVIEW_DENIED</activiti:string>\n                    </activiti:field>\n                </activiti:executionListener>\n            </extensionElements>\n        </serviceTask>\n        <sequenceFlow sourceRef=\"DeviceMarketingFinalReviewDenied_ST\" targetRef=\"DeviceMarketingFinalReviewDenied\"></sequenceFlow>\n        <userTask id=\"DeviceMarketingFinalReviewDenied\" name=\"DeviceMarketingFinalReviewDenied\">\n            <documentation>\n                DeviceMarketingFinalReviewDenied\n            </documentation>\n        </userTask>\n        <sequenceFlow sourceRef=\"DeviceMarketingFinalReviewDenied\" targetRef=\"DeviceMarketingFinalReviewUnDenied_ST\"></sequenceFlow>\n        <serviceTask id=\"DeviceMarketingFinalReviewUnDenied_ST\" name=\"DeviceMarketingFinalReviewUnDenied_ST\" activiti:delegateExpression=\"${companyApprovalHandler}\">\n            <extensionElements>\n                <activiti:executionListener event=\"start\" class=\"com.netpace.device.listener.UpdateWorkitemListener\">\n                    <activiti:field name=\"step\">\n                        <activiti:string>DeviceMarketingFinalReviewDenied</activiti:string>\n                    </activiti:field>\n                    <activiti:field name=\"status\">\n                        <activiti:string>Processed</activiti:string>\n                    </activiti:field>\n                </activiti:executionListener>\n                <activiti:executionListener event=\"start\" class=\"com.netpace.device.listener.SendNotificationListener\">\n                    <activiti:field name=\"event\">\n                        <activiti:string>PRODUCT_DEVICE_MARKETING_FINAL_REVIEW_UNDENY</activiti:string>\n                    </activiti:field>\n                </activiti:executionListener>\n            </extensionElements>\n        </serviceTask>\n        <sequenceFlow sourceRef=\"DeviceMarketingFinalReviewUnDenied_ST\" targetRef=\"DeviceMarketingFinalReview_ST\"></sequenceFlow>\n\n\n        <!-- DeviceMarketingFinalReviewApprove -->\n        <sequenceFlow sourceRef=\"DeviceMarketingFinalReview_ExclusiveGateway\" targetRef=\"DeviceMarketingFinalReviewApprove_ST\">\n            <conditionExpression xsi:type=\"tFormalExpression\"><![CDATA[${decision == \"Approve\"}]]>\n            </conditionExpression>\n        </sequenceFlow>\n        <serviceTask id=\"DeviceMarketingFinalReviewApprove_ST\" name=\"DeviceMarketingFinalReviewApprove_ST\" activiti:delegateExpression=\"${companyApprovalHandler}\">\n            <extensionElements>\n                <activiti:executionListener event=\"start\" class=\"com.netpace.device.listener.UpdateWorkitemListener\">\n                    <activiti:field name=\"step\">\n                        <activiti:string>DeviceMarketingFinalReview</activiti:string>\n                    </activiti:field>\n                    <activiti:field name=\"status\">\n                        <activiti:string>Processed</activiti:string>\n                    </activiti:field>\n                </activiti:executionListener>\n                <activiti:executionListener event=\"start\" class=\"com.netpace.device.listener.SendNotificationListener\">\n                    <activiti:field name=\"event\">\n                        <activiti:string>PRODUCT_DEVICE_MARKETING_FINAL_REVIEW_APPROVED</activiti:string>\n                    </activiti:field>\n                </activiti:executionListener>\n            </extensionElements>\n        </serviceTask>\n        <sequenceFlow sourceRef=\"DeviceMarketingFinalReviewApprove_ST\" targetRef=\"Approved_ST\"></sequenceFlow>\n        <!-- DeviceMarketingFinalReview End -->\n        \n        \n        <serviceTask id=\"Approved_ST\" name=\"Approved_ST\" activiti:delegateExpression=\"${companyApprovalHandler}\">\n            <extensionElements>\n                <activiti:executionListener event=\"start\" class=\"com.netpace.device.listener.AddWorkitemListener\">\n                    <activiti:field name=\"step\">\n                        <activiti:string>Approved</activiti:string>\n                    </activiti:field>\n                    <activiti:field name=\"status\">\n                        <activiti:string>Processed</activiti:string>\n                    </activiti:field>\n                    <activiti:field name=\"allowedRoles\">\n                        <activiti:string>ROLE_SUPER_ADMIN</activiti:string>\n                    </activiti:field>\n                    <activiti:field name=\"requireInput\">\n                        <activiti:string>false</activiti:string>\n                    </activiti:field>\n                    <activiti:field name=\"nextActions\">\n                        <activiti:string> </activiti:string>\n                    </activiti:field>\n                </activiti:executionListener>\n                <activiti:executionListener event=\"start\" class=\"com.netpace.device.listener.SendNotificationListener\">\n                    <activiti:field name=\"event\">\n                        <activiti:string>PRODUCT_APPROVED</activiti:string>\n                    </activiti:field>\n                </activiti:executionListener>      \n            </extensionElements>\n        </serviceTask>\n        <sequenceFlow sourceRef=\"Approved_ST\" targetRef=\"End\"></sequenceFlow>\n        <endEvent id=\"End\" name=\"End\"></endEvent>\n        \n    </process>\n  \n</definitions>'),('503',1,'/usr/java/vsap/QA1/apache-tomcat-7.0.42/webapps/device/WEB-INF/classes/CompanyApprovalWorkflow.bpmn20.xml','501','<?xml version=\"1.0\" encoding=\"UTF-8\"?>\n<definitions xmlns=\"http://www.omg.org/spec/BPMN/20100524/MODEL\" \n             xmlns:xsi=\"http://www.w3.org/2001/XMLSchema-instance\" \n             xmlns:activiti=\"http://activiti.org/bpmn\" \n             xmlns:bpmndi=\"http://www.omg.org/spec/BPMN/20100524/DI\" \n             xmlns:omgdc=\"http://www.omg.org/spec/DD/20100524/DC\" \n             xmlns:omgdi=\"http://www.omg.org/spec/DD/20100524/DI\" \n             typeLanguage=\"http://www.w3.org/2001/XMLSchema\" \n             expressionLanguage=\"http://www.w3.org/1999/XPath\" \n             targetNamespace=\"http://www.activiti.org/test\">\n    <process id=\"VAP_Company_Approval_Process\" name=\"VAP Company Approval Process\" isExecutable=\"true\">\n        <startEvent id=\"Start\" name=\"Start\"></startEvent>\n        \n        \n        <!-- Device Marketing Flow -->\n        <sequenceFlow sourceRef=\"Start\" targetRef=\"DeviceMarketingReview_ST\"></sequenceFlow>\n        <serviceTask id=\"DeviceMarketingReview_ST\" name=\"DeviceMarketingReview_ST\" activiti:delegateExpression=\"${companyApprovalHandler}\">\n            <extensionElements>\n                <activiti:executionListener event=\"start\" class=\"com.netpace.device.listener.AddWorkitemListener\">\n                    <activiti:field name=\"step\">\n                        <activiti:string>DeviceMarketingReview</activiti:string>\n                    </activiti:field>\n                    <activiti:field name=\"title\">\n                        <activiti:string>Device Marketing Review</activiti:string>\n                    </activiti:field>\n                    <activiti:field name=\"status\">\n                        <activiti:string>InProgress</activiti:string>\n                    </activiti:field>\n                    <activiti:field name=\"allowedRoles\">\n                        <activiti:string>ROLE_DEVICE_MARKETING,ROLE_SUPER_ADMIN,ROLE_VERIZON_SYSTEM_ADMIN</activiti:string>\n                    </activiti:field>\n                    <activiti:field name=\"requireInput\">\n                        <activiti:string>false</activiti:string>\n                    </activiti:field>\n                    <activiti:field name=\"nextActions\">\n                        <activiti:string>Approve,Deny,RFI</activiti:string>\n                    </activiti:field>\n                </activiti:executionListener>\n                <activiti:executionListener event=\"start\" class=\"com.netpace.device.listener.SendNotificationListener\">\n                    <activiti:field name=\"event\">\n                        <activiti:string>PARTNER_DEVICE_MARKETING_PENDING</activiti:string>\n                    </activiti:field>\n                </activiti:executionListener>      \n            </extensionElements>\n        </serviceTask>\n        <sequenceFlow sourceRef=\"DeviceMarketingReview_ST\" targetRef=\"DeviceMarketingReview\"></sequenceFlow>\n        <userTask id=\"DeviceMarketingReview\" name=\"DeviceMarketingReview\">\n            <documentation>\n                Device Marketing\n                The Device Marketing team will review the company information and can either Approve or Deny  the registration request.\n                If Device Marketing has any questions they can also Request for Information (RFI).\n            </documentation>\n        </userTask>\n        <sequenceFlow sourceRef=\"DeviceMarketingReview\" targetRef=\"MR_ExclusiveGateway\"></sequenceFlow>\n        <exclusiveGateway id=\"MR_ExclusiveGateway\" name=\"MR ExclusiveGateway\"></exclusiveGateway>\n        \n        \n        <!-- Device Marketing Denied Flow -->\n        <sequenceFlow sourceRef=\"MR_ExclusiveGateway\" targetRef=\"DeviceMarketingDenied_ST\">\n            <conditionExpression xsi:type=\"tFormalExpression\"><![CDATA[${decision == \"Deny\"}]]>\n            </conditionExpression>\n        </sequenceFlow>\n        <serviceTask id=\"DeviceMarketingDenied_ST\" name=\"DeviceMarketingDenied_ST\" activiti:delegateExpression=\"${companyApprovalHandler}\">\n            <extensionElements>\n                <activiti:executionListener event=\"start\" class=\"com.netpace.device.listener.UpdateWorkitemListener\">\n                    <activiti:field name=\"step\">\n                        <activiti:string>DeviceMarketingReview</activiti:string>\n                    </activiti:field>\n                    <activiti:field name=\"status\">\n                        <activiti:string>Processed</activiti:string>\n                    </activiti:field>\n                </activiti:executionListener>\n                <activiti:executionListener event=\"start\" class=\"com.netpace.device.listener.AddWorkitemListener\">\n                    <activiti:field name=\"step\">\n                        <activiti:string>DeviceMarketingReviewDenied</activiti:string>\n                    </activiti:field>\n                    <activiti:field name=\"title\">\n                        <activiti:string>Device Marketing Review Denied</activiti:string>\n                    </activiti:field>\n                    <activiti:field name=\"status\">\n                        <activiti:string>InProgress</activiti:string>\n                    </activiti:field>\n                    <activiti:field name=\"allowedRoles\">\n                        <activiti:string>ROLE_SUPER_ADMIN</activiti:string>\n                    </activiti:field>\n                    <activiti:field name=\"requireInput\">\n                        <activiti:string>false</activiti:string>\n                    </activiti:field>\n                    <activiti:field name=\"nextActions\">\n                        <activiti:string>UnDeny</activiti:string>\n                    </activiti:field>\n                </activiti:executionListener>\n                <activiti:executionListener event=\"start\" class=\"com.netpace.device.listener.SendNotificationListener\">\n                    <activiti:field name=\"event\">\n                        <activiti:string>PARTNER_DEVICE_MARKETING_DENIED</activiti:string>\n                    </activiti:field>\n                </activiti:executionListener>      \n            </extensionElements>\n        </serviceTask>\n        <sequenceFlow sourceRef=\"DeviceMarketingDenied_ST\" targetRef=\"DeviceMarketingReviewDenied\"></sequenceFlow>\n        <userTask id=\"DeviceMarketingReviewDenied\" name=\"DeviceMarketingReviewDenied\">\n            <documentation>\n                Device Marketing Denied\n            </documentation>\n        </userTask>\n        <sequenceFlow sourceRef=\"DeviceMarketingReviewDenied\" targetRef=\"DeviceMarketingUnDenied_ST\"></sequenceFlow>\n        <serviceTask id=\"DeviceMarketingUnDenied_ST\" name=\"DeviceMarketingUnDenied_ST\" activiti:delegateExpression=\"${companyApprovalHandler}\">\n            <extensionElements>\n                <activiti:executionListener event=\"start\" class=\"com.netpace.device.listener.UpdateWorkitemListener\">\n                    <activiti:field name=\"step\">\n                        <activiti:string>DeviceMarketingReviewDenied</activiti:string>\n                    </activiti:field>\n                    <activiti:field name=\"status\">\n                        <activiti:string>Processed</activiti:string>\n                    </activiti:field>\n                </activiti:executionListener>\n                <activiti:executionListener event=\"start\" class=\"com.netpace.device.listener.SendNotificationListener\">\n                    <activiti:field name=\"event\">\n                        <activiti:string>PARTNER_DEVICE_MARKETING_UNDENY</activiti:string>\n                    </activiti:field>\n                </activiti:executionListener>      \n            </extensionElements>\n        </serviceTask>\n        <sequenceFlow sourceRef=\"DeviceMarketingUnDenied_ST\" targetRef=\"DeviceMarketingReview_ST\"></sequenceFlow>\n        \n        \n        <!-- Device Marketing RFI Flow -->\n        <sequenceFlow sourceRef=\"MR_ExclusiveGateway\" targetRef=\"DeviceMarketingRFI_ST\">\n            <conditionExpression xsi:type=\"tFormalExpression\"><![CDATA[${decision == \"RFI\"}]]>\n            </conditionExpression>\n        </sequenceFlow>\n        <serviceTask id=\"DeviceMarketingRFI_ST\" name=\"DeviceMarketingRFI_ST\" activiti:delegateExpression=\"${companyApprovalHandler}\">\n            <extensionElements>\n                <activiti:executionListener event=\"start\" class=\"com.netpace.device.listener.UpdateWorkitemListener\">\n                    <activiti:field name=\"step\">\n                        <activiti:string>DeviceMarketingReview</activiti:string>\n                    </activiti:field>\n                    <activiti:field name=\"status\">\n                        <activiti:string>Processed</activiti:string>\n                    </activiti:field>\n                </activiti:executionListener>\n                <activiti:executionListener event=\"start\" class=\"com.netpace.device.listener.AddWorkitemListener\">\n                    <activiti:field name=\"step\">\n                        <activiti:string>DeviceMarketingReviewRFI</activiti:string>\n                    </activiti:field>\n                    <activiti:field name=\"title\">\n                        <activiti:string>Device Marketing Review RFI</activiti:string>\n                    </activiti:field>\n                    <activiti:field name=\"status\">\n                        <activiti:string>InProgress</activiti:string>\n                    </activiti:field>\n                    <activiti:field name=\"allowedRoles\">\n                        <activiti:string>ROLE_DEVICE_MARKETING,ROLE_SUPER_ADMIN,ROLE_VERIZON_SYSTEM_ADMIN</activiti:string>\n                    </activiti:field>\n                    <activiti:field name=\"requireInput\">\n                        <activiti:string>false</activiti:string>\n                    </activiti:field>\n                    <activiti:field name=\"nextActions\">\n                        <activiti:string>UnRFI</activiti:string>\n                    </activiti:field>\n                </activiti:executionListener>\n                <activiti:executionListener event=\"start\" class=\"com.netpace.device.listener.SendNotificationListener\">\n                    <activiti:field name=\"event\">\n                        <activiti:string>PARTNER_DEVICE_MARKETING_RFI</activiti:string>\n                    </activiti:field>\n                </activiti:executionListener>      \n            </extensionElements>\n        </serviceTask>\n        <sequenceFlow sourceRef=\"DeviceMarketingRFI_ST\" targetRef=\"DeviceMarketingReviewRFI\"></sequenceFlow>\n        <userTask id=\"DeviceMarketingReviewRFI\" name=\"DeviceMarketingReviewRFI\">\n            <documentation>\n                Device Marketing RFI\n            </documentation>\n        </userTask>\n        <sequenceFlow sourceRef=\"DeviceMarketingReviewRFI\" targetRef=\"DeviceMarketingReviewUnRFI_ST\"></sequenceFlow>\n        <serviceTask id=\"DeviceMarketingReviewUnRFI_ST\" name=\"DeviceMarketingReviewUnRFI_ST\" activiti:delegateExpression=\"${companyApprovalHandler}\">\n            <extensionElements>\n                <activiti:executionListener event=\"start\" class=\"com.netpace.device.listener.UpdateWorkitemListener\">\n                    <activiti:field name=\"step\">\n                        <activiti:string>DeviceMarketingReviewRFI</activiti:string>\n                    </activiti:field>\n                    <activiti:field name=\"status\">\n                        <activiti:string>Processed</activiti:string>\n                    </activiti:field>\n                </activiti:executionListener>\n                <activiti:executionListener event=\"start\" class=\"com.netpace.device.listener.SendNotificationListener\">\n                    <activiti:field name=\"event\">\n                        <activiti:string>PARTNER_DEVICE_MARKETING_UNRFI</activiti:string>\n                    </activiti:field>\n                </activiti:executionListener>\n            </extensionElements>\n        </serviceTask>\n        <sequenceFlow sourceRef=\"DeviceMarketingReviewUnRFI_ST\" targetRef=\"DeviceMarketingReview_ST\"></sequenceFlow>\n        \n        \n        <!-- Device Marketing Approve Flow -->\n        <sequenceFlow sourceRef=\"MR_ExclusiveGateway\" targetRef=\"MRApprove_ST\">\n            <conditionExpression xsi:type=\"tFormalExpression\"><![CDATA[${decision == \"Approve\"}]]>\n            </conditionExpression>\n        </sequenceFlow>\n        <serviceTask id=\"MRApprove_ST\" name=\"MRApprove_ST\" activiti:delegateExpression=\"${companyApprovalHandler}\">\n            <extensionElements>\n                <activiti:executionListener event=\"start\" class=\"com.netpace.device.listener.UpdateWorkitemListener\">\n                    <activiti:field name=\"step\">\n                        <activiti:string>DeviceMarketingReview</activiti:string>\n                    </activiti:field>\n                    <activiti:field name=\"status\">\n                        <activiti:string>Processed</activiti:string>\n                    </activiti:field>\n                </activiti:executionListener>\n                <activiti:executionListener event=\"start\" class=\"com.netpace.device.listener.SendNotificationListener\">\n                    <activiti:field name=\"event\">\n                        <activiti:string>PARTNER_DEVICE_MARKETING_APPROVED</activiti:string>\n                    </activiti:field>\n                </activiti:executionListener>\n            </extensionElements>\n        </serviceTask>\n        <sequenceFlow sourceRef=\"MRApprove_ST\" targetRef=\"OFACReview_ST\"></sequenceFlow>\n        \n        \n        <!-- OFACReview Flow -->\n        <serviceTask id=\"OFACReview_ST\" name=\"OFACReview_ST\" activiti:delegateExpression=\"${companyApprovalHandler}\">\n            <extensionElements>\n                <activiti:executionListener event=\"start\" class=\"com.netpace.device.listener.AddWorkitemListener\">\n                    <activiti:field name=\"step\">\n                        <activiti:string>OFACReview</activiti:string>\n                    </activiti:field>\n                    <activiti:field name=\"title\">\n                        <activiti:string>OFAC Review</activiti:string>\n                    </activiti:field>\n                    <activiti:field name=\"status\">\n                        <activiti:string>InProgress</activiti:string>\n                    </activiti:field>\n                    <activiti:field name=\"allowedRoles\">\n                        <activiti:string>ROLE_OFAC,ROLE_SUPER_ADMIN,ROLE_VERIZON_SYSTEM_ADMIN</activiti:string>\n                    </activiti:field>\n                    <activiti:field name=\"requireInput\">\n                        <activiti:string>false</activiti:string>\n                    </activiti:field>\n                    <activiti:field name=\"nextActions\">\n                        <activiti:string>Approve,Suspend,RFI</activiti:string>\n                    </activiti:field>\n                </activiti:executionListener>\n                <activiti:executionListener event=\"start\" class=\"com.netpace.device.listener.SendNotificationListener\">\n                    <activiti:field name=\"event\">\n                        <activiti:string>PARTNER_OFAC_REVIEW_PENDING</activiti:string>\n                    </activiti:field>\n                </activiti:executionListener>\n            </extensionElements>\n        </serviceTask>\n        <sequenceFlow sourceRef=\"OFACReview_ST\" targetRef=\"OFACReview\"></sequenceFlow>\n        <userTask id=\"OFACReview\" name=\"OFACReview\">\n            <documentation>\n                OFACReview\n            </documentation>\n        </userTask>\n        <sequenceFlow sourceRef=\"OFACReview\" targetRef=\"OFAC_ExclusiveGateway\"></sequenceFlow>\n        <exclusiveGateway id=\"OFAC_ExclusiveGateway\" name=\"OFAC_ExclusiveGateway\"></exclusiveGateway>\n        \n        \n        <!-- OFACReview RFI Flow -->\n        <sequenceFlow sourceRef=\"OFAC_ExclusiveGateway\" targetRef=\"OFACReviewRFI_ST\">\n            <conditionExpression xsi:type=\"tFormalExpression\"><![CDATA[${decision == \"RFI\"}]]>\n            </conditionExpression>\n        </sequenceFlow>\n        <serviceTask id=\"OFACReviewRFI_ST\" name=\"OFACReviewRFI_ST\" activiti:delegateExpression=\"${companyApprovalHandler}\">\n            <extensionElements>\n                <activiti:executionListener event=\"start\" class=\"com.netpace.device.listener.UpdateWorkitemListener\">\n                    <activiti:field name=\"step\">\n                        <activiti:string>OFACReview</activiti:string>\n                    </activiti:field>\n                    <activiti:field name=\"status\">\n                        <activiti:string>Processed</activiti:string>\n                    </activiti:field>\n                </activiti:executionListener>\n                <activiti:executionListener event=\"start\" class=\"com.netpace.device.listener.AddWorkitemListener\">\n                    <activiti:field name=\"step\">\n                        <activiti:string>OFACReviewRFI</activiti:string>\n                    </activiti:field>\n                    <activiti:field name=\"title\">\n                        <activiti:string>OFAC Review RFI</activiti:string>\n                    </activiti:field>\n                    <activiti:field name=\"status\">\n                        <activiti:string>InProgress</activiti:string>\n                    </activiti:field>\n                    <activiti:field name=\"allowedRoles\">\n                        <activiti:string>ROLE_OFAC,ROLE_SUPER_ADMIN,ROLE_VERIZON_SYSTEM_ADMIN</activiti:string>\n                    </activiti:field>\n                    <activiti:field name=\"requireInput\">\n                        <activiti:string>false</activiti:string>\n                    </activiti:field>\n                    <activiti:field name=\"nextActions\">\n                        <activiti:string>UnRFI</activiti:string>\n                    </activiti:field>\n                </activiti:executionListener>\n                <activiti:executionListener event=\"start\" class=\"com.netpace.device.listener.SendNotificationListener\">\n                    <activiti:field name=\"event\">\n                        <activiti:string>PARTNER_OFAC_REVIEW_RFI</activiti:string>\n                    </activiti:field>\n                </activiti:executionListener>\n            </extensionElements>\n        </serviceTask>\n        <sequenceFlow sourceRef=\"OFACReviewRFI_ST\" targetRef=\"OFACReviewRFI\"></sequenceFlow>\n        <userTask id=\"OFACReviewRFI\" name=\"OFACReviewRFI\">\n            <documentation>\n                OFAC Review RFI\n            </documentation>\n        </userTask>\n        <sequenceFlow sourceRef=\"OFACReviewRFI\" targetRef=\"OFACReviewUnRFI_ST\"></sequenceFlow>\n        <serviceTask id=\"OFACReviewUnRFI_ST\" name=\"OFACReviewUnRFI_ST\" activiti:delegateExpression=\"${companyApprovalHandler}\">\n            <extensionElements>\n                <activiti:executionListener event=\"start\" class=\"com.netpace.device.listener.UpdateWorkitemListener\">\n                    <activiti:field name=\"step\">\n                        <activiti:string>OFACReviewRFI</activiti:string>\n                    </activiti:field>\n                    <activiti:field name=\"status\">\n                        <activiti:string>Processed</activiti:string>\n                    </activiti:field>\n                </activiti:executionListener>\n                <activiti:executionListener event=\"start\" class=\"com.netpace.device.listener.SendNotificationListener\">\n                    <activiti:field name=\"event\">\n                        <activiti:string>PARTNER_OFAC_REVIEW_UNRFI</activiti:string>\n                    </activiti:field>\n                </activiti:executionListener>\n            </extensionElements>\n        </serviceTask>\n        <sequenceFlow sourceRef=\"OFACReviewUnRFI_ST\" targetRef=\"OFACReview_ST\"></sequenceFlow>\n\n\n        <!-- OFACReview Suspend Flow -->\n        <sequenceFlow sourceRef=\"OFAC_ExclusiveGateway\" targetRef=\"OFACReviewSuspend_ST\">\n            <conditionExpression xsi:type=\"tFormalExpression\"><![CDATA[${decision == \"Suspend\"}]]>\n            </conditionExpression>\n        </sequenceFlow>\n        <serviceTask id=\"OFACReviewSuspend_ST\" name=\"OFACReviewSuspend_ST\" activiti:delegateExpression=\"${companyApprovalHandler}\">\n            <extensionElements>\n                <activiti:executionListener event=\"start\" class=\"com.netpace.device.listener.UpdateWorkitemListener\">\n                    <activiti:field name=\"step\">\n                        <activiti:string>OFACReview</activiti:string>\n                    </activiti:field>\n                    <activiti:field name=\"status\">\n                        <activiti:string>Processed</activiti:string>\n                    </activiti:field>\n                </activiti:executionListener>\n                <activiti:executionListener event=\"start\" class=\"com.netpace.device.listener.AddWorkitemListener\">\n                    <activiti:field name=\"step\">\n                        <activiti:string>OFACReviewSuspend</activiti:string>\n                    </activiti:field>\n                    <activiti:field name=\"title\">\n                        <activiti:string>OFAC Review Suspended</activiti:string>\n                    </activiti:field>\n                    <activiti:field name=\"status\">\n                        <activiti:string>InProgress</activiti:string>\n                    </activiti:field>\n                    <activiti:field name=\"allowedRoles\">\n                        <activiti:string>ROLE_OFAC,ROLE_SUPER_ADMIN,ROLE_VERIZON_SYSTEM_ADMIN</activiti:string>\n                    </activiti:field>\n                    <activiti:field name=\"requireInput\">\n                        <activiti:string>false</activiti:string>\n                    </activiti:field>\n                    <activiti:field name=\"nextActions\">\n                        <activiti:string>UnSuspend</activiti:string>\n                    </activiti:field>\n                </activiti:executionListener>\n                <activiti:executionListener event=\"start\" class=\"com.netpace.device.listener.SendNotificationListener\">\n                    <activiti:field name=\"event\">\n                        <activiti:string>PARTNER_OFAC_REVIEW_SUSPENDED</activiti:string>\n                    </activiti:field>\n                </activiti:executionListener>\n            </extensionElements>\n        </serviceTask>\n        <sequenceFlow sourceRef=\"OFACReviewSuspend_ST\" targetRef=\"OFACReviewSuspend\"></sequenceFlow>\n        <userTask id=\"OFACReviewSuspend\" name=\"OFACReviewSuspend\">\n            <documentation>\n                OFAC Review Suspend\n            </documentation>\n        </userTask>\n        <sequenceFlow sourceRef=\"OFACReviewSuspend\" targetRef=\"OFACReviewUnSuspend_ST\"></sequenceFlow>\n        <serviceTask id=\"OFACReviewUnSuspend_ST\" name=\"OFACReviewUnSuspend_ST\" activiti:delegateExpression=\"${companyApprovalHandler}\">\n            <extensionElements>\n                <activiti:executionListener event=\"start\" class=\"com.netpace.device.listener.UpdateWorkitemListener\">\n                    <activiti:field name=\"step\">\n                        <activiti:string>OFACReviewSuspend</activiti:string>\n                    </activiti:field>\n                    <activiti:field name=\"status\">\n                        <activiti:string>Processed</activiti:string>\n                    </activiti:field>\n                </activiti:executionListener>\n                <activiti:executionListener event=\"start\" class=\"com.netpace.device.listener.SendNotificationListener\">\n                    <activiti:field name=\"event\">\n                        <activiti:string>PARTNER_OFAC_REVIEW_UNSUSPEND</activiti:string>\n                    </activiti:field>\n                </activiti:executionListener>\n            </extensionElements>\n        </serviceTask>\n        <sequenceFlow sourceRef=\"OFACReviewUnSuspend_ST\" targetRef=\"OFACReview_ST\"></sequenceFlow>\n\n\n        <!-- OFACReview Approve Flow -->\n        <sequenceFlow sourceRef=\"OFAC_ExclusiveGateway\" targetRef=\"OFACReviewApprove_ST\">\n            <conditionExpression xsi:type=\"tFormalExpression\"><![CDATA[${decision == \"Approve\"}]]>\n            </conditionExpression>\n        </sequenceFlow>\n        <serviceTask id=\"OFACReviewApprove_ST\" name=\"OFACReviewApprove_ST\" activiti:delegateExpression=\"${companyApprovalHandler}\">\n            <extensionElements>\n                <activiti:executionListener event=\"start\" class=\"com.netpace.device.listener.UpdateWorkitemListener\">\n                    <activiti:field name=\"step\">\n                        <activiti:string>OFACReview</activiti:string>\n                    </activiti:field>\n                    <activiti:field name=\"status\">\n                        <activiti:string>Processed</activiti:string>\n                    </activiti:field>\n                </activiti:executionListener>\n                <activiti:executionListener event=\"start\" class=\"com.netpace.device.listener.SendNotificationListener\">\n                    <activiti:field name=\"event\">\n                        <activiti:string>PARTNER_OFAC_REVIEW_APPROVED</activiti:string>\n                    </activiti:field>\n                </activiti:executionListener>\n            </extensionElements>\n        </serviceTask>\n        <sequenceFlow sourceRef=\"OFACReviewApprove_ST\" targetRef=\"CertificationNDA_ParallelGateway\"></sequenceFlow>\n        \n        <parallelGateway id=\"CertificationNDA_ParallelGateway\" />\n        <sequenceFlow sourceRef=\"CertificationNDA_ParallelGateway\" targetRef=\"CertificationNDA_ST\"></sequenceFlow>\n        <sequenceFlow sourceRef=\"CertificationNDA_ParallelGateway\" targetRef=\"OfflineCertificationNDA_ST\"></sequenceFlow>\n\n                \n        <!-- Certification/NDA Flow -->\n        <serviceTask id=\"CertificationNDA_ST\" name=\"CertificationNDA_ST\" activiti:delegateExpression=\"${companyApprovalHandler}\">\n            <extensionElements>\n                <activiti:executionListener event=\"start\" class=\"com.netpace.device.listener.AddWorkitemListener\">\n                    <activiti:field name=\"step\">\n                        <activiti:string>CertificationNDA</activiti:string>\n                    </activiti:field>\n                    <activiti:field name=\"title\">\n                        <activiti:string>Certification Agreement &amp; Non-Disclosure Agreement</activiti:string>\n                    </activiti:field>\n                    <activiti:field name=\"status\">\n                        <activiti:string>InProgress</activiti:string>\n                    </activiti:field>\n                    <activiti:field name=\"allowedRoles\">\n                        <activiti:string>ROLE_PARTNER_USER,ROLE_SUPER_ADMIN</activiti:string>\n                    </activiti:field>\n                    <activiti:field name=\"requireInput\">\n                        <activiti:string>true</activiti:string>\n                    </activiti:field>\n                    <activiti:field name=\"nextActions\">\n                        <activiti:string>Accept Agreement</activiti:string>\n                    </activiti:field>\n                </activiti:executionListener>\n                <activiti:executionListener event=\"start\" class=\"com.netpace.device.listener.SendNotificationListener\">\n                    <activiti:field name=\"event\">\n                        <activiti:string>PARTNER_CERT_AND_NDA_PENDING</activiti:string>\n                    </activiti:field>\n                </activiti:executionListener>      \n            </extensionElements>\n        </serviceTask>\n        <sequenceFlow sourceRef=\"CertificationNDA_ST\" targetRef=\"CertificationNDA\"></sequenceFlow>\n        <userTask id=\"CertificationNDA\" name=\"CertificationNDA\">\n            <documentation>\n                Certification/NDA\n            </documentation>\n        </userTask>\n        <sequenceFlow sourceRef=\"CertificationNDA\" targetRef=\"CertNDA_ExclusiveGateway\"></sequenceFlow>\n        <exclusiveGateway id=\"CertNDA_ExclusiveGateway\" name=\"CertNDA_ExclusiveGateway\"></exclusiveGateway>\n        \n        \n        <!-- Certification/NDA Accept Flow -->\n        <sequenceFlow sourceRef=\"CertNDA_ExclusiveGateway\" targetRef=\"CertNDAApprove_ST\">\n            <conditionExpression xsi:type=\"tFormalExpression\"><![CDATA[${decision == \"Accept Agreement\"}]]>\n            </conditionExpression>\n        </sequenceFlow>\n        <serviceTask id=\"CertNDAApprove_ST\" name=\"CertNDAApprove_ST\" activiti:delegateExpression=\"${companyApprovalHandler}\">\n            <extensionElements>\n                <activiti:executionListener event=\"start\" class=\"com.netpace.device.listener.UpdateWorkitemListener\">\n                    <activiti:field name=\"step\">\n                        <activiti:string>CertificationNDA</activiti:string>\n                    </activiti:field>\n                    <activiti:field name=\"status\">\n                        <activiti:string>Processed</activiti:string>\n                    </activiti:field>\n                </activiti:executionListener>\n                <activiti:executionListener event=\"start\" class=\"com.netpace.device.listener.UpdateWorkitemListener\">\n                    <activiti:field name=\"step\">\n                        <activiti:string>OfflineCertificationNDA</activiti:string>\n                    </activiti:field>\n                    <activiti:field name=\"status\">\n                        <activiti:string>Processed</activiti:string>\n                    </activiti:field>\n                </activiti:executionListener>\n                <activiti:executionListener event=\"start\" class=\"com.netpace.device.listener.SendNotificationListener\">\n                    <activiti:field name=\"event\">\n                        <activiti:string>PARTNER_CERT_AND_NDA_ACCEPTED</activiti:string>\n                    </activiti:field>\n                </activiti:executionListener>      \n            </extensionElements>\n        </serviceTask>\n        <sequenceFlow sourceRef=\"CertNDAApprove_ST\" targetRef=\"Approve_ST\"></sequenceFlow>\n        \n\n        <!-- Offline Certification/NDA Flow -->\n        <serviceTask id=\"OfflineCertificationNDA_ST\" name=\"OfflineCertificationNDA_ST\" activiti:delegateExpression=\"${companyApprovalHandler}\">\n            <extensionElements>\n                <activiti:executionListener event=\"start\" class=\"com.netpace.device.listener.AddWorkitemListener\">\n                    <activiti:field name=\"step\">\n                        <activiti:string>OfflineCertificationNDA</activiti:string>\n                    </activiti:field>\n                    <activiti:field name=\"title\">\n                        <activiti:string>Offline Certification Agreement</activiti:string>\n                    </activiti:field>\n                    <activiti:field name=\"status\">\n                        <activiti:string>InProgress</activiti:string>\n                    </activiti:field>\n                    <activiti:field name=\"allowedRoles\">\n                        <activiti:string>ROLE_SUPER_ADMIN,ROLE_VERIZON_SYSTEM_ADMIN,ROLE_DEVICE_MARKETING</activiti:string>\n                    </activiti:field>\n                    <activiti:field name=\"requireInput\">\n                        <activiti:string>true</activiti:string>\n                    </activiti:field>\n                    <activiti:field name=\"nextActions\">\n                        <activiti:string>Submit Agreement &amp; Approve Partner,Deny</activiti:string>\n                    </activiti:field>\n                </activiti:executionListener>\n                <activiti:executionListener event=\"start\" class=\"com.netpace.device.listener.SendNotificationListener\">\n                    <activiti:field name=\"event\">\n                        <activiti:string>PARTNER_OFFLINE_PENDING</activiti:string>\n                    </activiti:field>\n                </activiti:executionListener>      \n            </extensionElements>\n        </serviceTask>\n        <sequenceFlow sourceRef=\"OfflineCertificationNDA_ST\" targetRef=\"OfflineCertificationNDA\"></sequenceFlow>\n        <userTask id=\"OfflineCertificationNDA\" name=\"OfflineCertificationNDA\">\n            <documentation>\n                Certification/NDA\n            </documentation>\n        </userTask>\n        <sequenceFlow sourceRef=\"OfflineCertificationNDA\" targetRef=\"OfflineCertificationNDA_ExclusiveGateway\"></sequenceFlow>\n        <exclusiveGateway id=\"OfflineCertificationNDA_ExclusiveGateway\" name=\"OfflineCertificationNDA_ExclusiveGateway\"></exclusiveGateway>\n        \n        \n        <!-- Offline Certification Agreement Denied Flow -->\n        <sequenceFlow sourceRef=\"OfflineCertificationNDA_ExclusiveGateway\" targetRef=\"OfflineCertificationNDADenied_ST\">\n            <conditionExpression xsi:type=\"tFormalExpression\"><![CDATA[${decision == \"Deny\"}]]>\n            </conditionExpression>\n        </sequenceFlow>\n        <serviceTask id=\"OfflineCertificationNDADenied_ST\" name=\"OfflineCertificationNDADenied_ST\" activiti:delegateExpression=\"${companyApprovalHandler}\">\n            <extensionElements>\n                <activiti:executionListener event=\"start\" class=\"com.netpace.device.listener.UpdateWorkitemListener\">\n                    <activiti:field name=\"step\">\n                        <activiti:string>OfflineCertificationNDA</activiti:string>\n                    </activiti:field>\n                    <activiti:field name=\"status\">\n                        <activiti:string>Processed</activiti:string>\n                    </activiti:field>\n                </activiti:executionListener>\n                <activiti:executionListener event=\"start\" class=\"com.netpace.device.listener.UpdateWorkitemListener\">\n                    <activiti:field name=\"step\">\n                        <activiti:string>CertificationNDA</activiti:string>\n                    </activiti:field>\n                    <activiti:field name=\"status\">\n                        <activiti:string>Processed</activiti:string>\n                    </activiti:field>\n                </activiti:executionListener>\n                <activiti:executionListener event=\"start\" class=\"com.netpace.device.listener.AddWorkitemListener\">\n                    <activiti:field name=\"step\">\n                        <activiti:string>OfflineCertificationNDADenied</activiti:string>\n                    </activiti:field>\n                    <activiti:field name=\"title\">\n                        <activiti:string>Offline Certification Agreement Denied</activiti:string>\n                    </activiti:field>\n                    <activiti:field name=\"status\">\n                        <activiti:string>InProgress</activiti:string>\n                    </activiti:field>\n                    <activiti:field name=\"allowedRoles\">\n                        <activiti:string>ROLE_SUPER_ADMIN</activiti:string>\n                    </activiti:field>\n                    <activiti:field name=\"requireInput\">\n                        <activiti:string>false</activiti:string>\n                    </activiti:field>\n                    <activiti:field name=\"nextActions\">\n                        <activiti:string>UnDeny</activiti:string>\n                    </activiti:field>\n                </activiti:executionListener>\n                <activiti:executionListener event=\"start\" class=\"com.netpace.device.listener.SendNotificationListener\">\n                    <activiti:field name=\"event\">\n                        <activiti:string>PARTNER_OFFLINE_REJECTED</activiti:string>\n                    </activiti:field>\n                </activiti:executionListener>      \n            </extensionElements>\n        </serviceTask>\n        <sequenceFlow sourceRef=\"OfflineCertificationNDADenied_ST\" targetRef=\"OfflineCertificationNDADenied\"></sequenceFlow>\n        <userTask id=\"OfflineCertificationNDADenied\" name=\"OfflineCertificationNDADenied\">\n            <documentation>\n                Offline Certification Agreement Denied\n            </documentation>\n        </userTask>\n        <sequenceFlow sourceRef=\"OfflineCertificationNDADenied\" targetRef=\"OfflineCertificationNDAUnDenied_ST\"></sequenceFlow>\n        <serviceTask id=\"OfflineCertificationNDAUnDenied_ST\" name=\"OfflineCertificationNDAUnDenied_ST\" activiti:delegateExpression=\"${companyApprovalHandler}\">\n            <extensionElements>\n                <activiti:executionListener event=\"start\" class=\"com.netpace.device.listener.UpdateWorkitemListener\">\n                    <activiti:field name=\"step\">\n                        <activiti:string>OfflineCertificationNDADenied</activiti:string>\n                    </activiti:field>\n                    <activiti:field name=\"status\">\n                        <activiti:string>Processed</activiti:string>\n                    </activiti:field>\n                </activiti:executionListener>\n                <activiti:executionListener event=\"start\" class=\"com.netpace.device.listener.AddWorkitemListener\">\n                    <activiti:field name=\"step\">\n                        <activiti:string>CertificationNDA</activiti:string>\n                    </activiti:field>\n                    <activiti:field name=\"title\">\n                        <activiti:string>Certification Agreement &amp; Non-Disclosure Agreement</activiti:string>\n                    </activiti:field>\n                    <activiti:field name=\"status\">\n                        <activiti:string>InProgress</activiti:string>\n                    </activiti:field>\n                    <activiti:field name=\"allowedRoles\">\n                        <activiti:string>ROLE_PARTNER_USER,ROLE_SUPER_ADMIN</activiti:string>\n                    </activiti:field>\n                    <activiti:field name=\"requireInput\">\n                        <activiti:string>true</activiti:string>\n                    </activiti:field>\n                    <activiti:field name=\"nextActions\">\n                        <activiti:string>Accept Agreement</activiti:string>\n                    </activiti:field>\n                </activiti:executionListener>\n                <activiti:executionListener event=\"start\" class=\"com.netpace.device.listener.SendNotificationListener\">\n                    <activiti:field name=\"event\">\n                        <activiti:string>PARTNER_OFFLINE_UNREJECT</activiti:string>\n                    </activiti:field>\n                </activiti:executionListener>      \n            </extensionElements>\n        </serviceTask>\n        <sequenceFlow sourceRef=\"OfflineCertificationNDAUnDenied_ST\" targetRef=\"OfflineCertificationNDA_ST\"></sequenceFlow>\n        \n        \n        <!-- Offline Certification/NDA Accept Flow -->\n        <sequenceFlow sourceRef=\"OfflineCertificationNDA_ExclusiveGateway\" targetRef=\"OfflineCertificationNDAApprove_ST\">\n            <conditionExpression xsi:type=\"tFormalExpression\"><![CDATA[${decision == \"Submit Agreement & Approve Partner\"}]]>\n            </conditionExpression>\n        </sequenceFlow>\n        <serviceTask id=\"OfflineCertificationNDAApprove_ST\" name=\"OfflineCertificationNDAApprove_ST\" activiti:delegateExpression=\"${companyApprovalHandler}\">\n            <extensionElements>\n                <activiti:executionListener event=\"start\" class=\"com.netpace.device.listener.UpdateWorkitemListener\">\n                    <activiti:field name=\"step\">\n                        <activiti:string>CertificationNDA</activiti:string>\n                    </activiti:field>\n                    <activiti:field name=\"status\">\n                        <activiti:string>Processed</activiti:string>\n                    </activiti:field>\n                </activiti:executionListener>\n                <activiti:executionListener event=\"start\" class=\"com.netpace.device.listener.UpdateWorkitemListener\">\n                    <activiti:field name=\"step\">\n                        <activiti:string>OfflineCertificationNDA</activiti:string>\n                    </activiti:field>\n                    <activiti:field name=\"status\">\n                        <activiti:string>Processed</activiti:string>\n                    </activiti:field>\n                </activiti:executionListener>\n                <activiti:executionListener event=\"start\" class=\"com.netpace.device.listener.SendNotificationListener\">\n                    <activiti:field name=\"event\">\n                        <activiti:string>PARTNER_OFFLINE_APPROVED</activiti:string>\n                    </activiti:field>\n                </activiti:executionListener>\n            </extensionElements>\n        </serviceTask>\n        <sequenceFlow sourceRef=\"OfflineCertificationNDAApprove_ST\" targetRef=\"Approve_ST\"></sequenceFlow>\n        \n        \n        <serviceTask id=\"Approve_ST\" name=\"Approve_ST\" activiti:delegateExpression=\"${companyApprovalHandler}\">\n            <extensionElements>\n                <activiti:executionListener event=\"start\" class=\"com.netpace.device.listener.AddWorkitemListener\">\n                    <activiti:field name=\"step\">\n                        <activiti:string>Approved</activiti:string>\n                    </activiti:field>\n                    <activiti:field name=\"title\">\n                        <activiti:string>Approved</activiti:string>\n                    </activiti:field>\n                    <activiti:field name=\"status\">\n                        <activiti:string>Processed</activiti:string>\n                    </activiti:field>\n                    <activiti:field name=\"allowedRoles\">\n                        <activiti:string>ROLE_SUPER_ADMIN</activiti:string>\n                    </activiti:field>\n                    <activiti:field name=\"requireInput\">\n                        <activiti:string>false</activiti:string>\n                    </activiti:field>\n                    <activiti:field name=\"nextActions\">\n                        <activiti:string> </activiti:string>\n                    </activiti:field>\n                </activiti:executionListener>\n                <activiti:executionListener event=\"start\" class=\"com.netpace.device.listener.SendNotificationListener\">\n                    <activiti:field name=\"event\">\n                        <activiti:string>PARTNER_APPROVED</activiti:string>\n                    </activiti:field>\n                </activiti:executionListener>\n            </extensionElements>\n        </serviceTask>\n        <sequenceFlow sourceRef=\"Approve_ST\" targetRef=\"End\"></sequenceFlow>\n        <endEvent id=\"End\" name=\"End\"></endEvent>\n        \n    </process>\n  \n</definitions>');

UNLOCK TABLES;

/*Table structure for table `ACT_GE_PROPERTY` */

DROP TABLE IF EXISTS `ACT_GE_PROPERTY`;

CREATE TABLE `ACT_GE_PROPERTY` (
  `NAME_` varchar(64) collate utf8_bin NOT NULL default '',
  `VALUE_` varchar(300) collate utf8_bin default NULL,
  `REV_` int(11) default NULL,
  PRIMARY KEY  (`NAME_`)
) ENGINE=InnoDB DEFAULT CHARSET=utf8 COLLATE=utf8_bin;

/*Data for the table `ACT_GE_PROPERTY` */

LOCK TABLES `ACT_GE_PROPERTY` WRITE;

insert  into `ACT_GE_PROPERTY`(`NAME_`,`VALUE_`,`REV_`) values ('historyLevel','2',1),('next.dbid','1201',13),('schema.history','create(5.8)',1),('schema.version','5.8',1);

UNLOCK TABLES;

/*Table structure for table `ACT_HI_ACTINST` */

DROP TABLE IF EXISTS `ACT_HI_ACTINST`;

CREATE TABLE `ACT_HI_ACTINST` (
  `ID_` varchar(64) collate utf8_bin NOT NULL,
  `PROC_DEF_ID_` varchar(64) collate utf8_bin NOT NULL,
  `PROC_INST_ID_` varchar(64) collate utf8_bin NOT NULL,
  `EXECUTION_ID_` varchar(64) collate utf8_bin NOT NULL,
  `ACT_ID_` varchar(255) collate utf8_bin NOT NULL,
  `ACT_NAME_` varchar(255) collate utf8_bin default NULL,
  `ACT_TYPE_` varchar(255) collate utf8_bin NOT NULL,
  `ASSIGNEE_` varchar(64) collate utf8_bin default NULL,
  `START_TIME_` datetime NOT NULL,
  `END_TIME_` datetime default NULL,
  `DURATION_` bigint(20) default NULL,
  PRIMARY KEY  (`ID_`),
  KEY `ACT_IDX_HI_ACT_INST_START` (`START_TIME_`),
  KEY `ACT_IDX_HI_ACT_INST_END` (`END_TIME_`)
) ENGINE=InnoDB DEFAULT CHARSET=utf8 COLLATE=utf8_bin;

/*Data for the table `ACT_HI_ACTINST` */

LOCK TABLES `ACT_HI_ACTINST` WRITE;

insert  into `ACT_HI_ACTINST`(`ID_`,`PROC_DEF_ID_`,`PROC_INST_ID_`,`EXECUTION_ID_`,`ACT_ID_`,`ACT_NAME_`,`ACT_TYPE_`,`ASSIGNEE_`,`START_TIME_`,`END_TIME_`,`DURATION_`) values ('11','VAP_Company_Approval_Process:1:4','7','7','DeviceMarketingReview_ST','DeviceMarketingReview_ST','serviceTask',NULL,'2013-09-24 10:59:35','2013-09-24 10:59:35',53),('1106','VAP_Company_Approval_Process:3:505','1102','1102','DeviceMarketingReview_ST','DeviceMarketingReview_ST','serviceTask',NULL,'2013-12-11 11:52:47','2013-12-11 11:52:47',53),('1107','VAP_Company_Approval_Process:3:505','1102','1102','DeviceMarketingReview','DeviceMarketingReview','userTask','youngeu','2013-12-11 11:52:47','2013-12-11 11:54:55',128268),('1111','VAP_Company_Approval_Process:3:505','1102','1102','MR_ExclusiveGateway','MR ExclusiveGateway','exclusiveGateway',NULL,'2013-12-11 11:54:55','2013-12-11 11:54:55',2),('1112','VAP_Company_Approval_Process:3:505','1102','1102','MRApprove_ST','MRApprove_ST','serviceTask',NULL,'2013-12-11 11:54:55','2013-12-11 11:54:55',22),('1113','VAP_Company_Approval_Process:3:505','1102','1102','OFACReview_ST','OFACReview_ST','serviceTask',NULL,'2013-12-11 11:54:55','2013-12-11 11:54:55',17),('1114','VAP_Company_Approval_Process:3:505','1102','1102','OFACReview','OFACReview','userTask','youngeu','2013-12-11 11:54:55','2013-12-11 11:55:39',44699),('1117','VAP_Company_Approval_Process:3:505','1102','1102','OFAC_ExclusiveGateway','OFAC_ExclusiveGateway','exclusiveGateway',NULL,'2013-12-11 11:55:39','2013-12-11 11:55:39',1),('1118','VAP_Company_Approval_Process:3:505','1102','1102','OFACReviewApprove_ST','OFACReviewApprove_ST','serviceTask',NULL,'2013-12-11 11:55:39','2013-12-11 11:55:39',15),('1121','VAP_Company_Approval_Process:3:505','1102','1119','CertificationNDA_ST','CertificationNDA_ST','serviceTask',NULL,'2013-12-11 11:55:39','2013-12-11 11:55:39',21),('1122','VAP_Company_Approval_Process:3:505','1102','1119','CertificationNDA','CertificationNDA','userTask','yannis.live','2013-12-11 11:55:39','2013-12-11 11:57:07',88060),('1124','VAP_Company_Approval_Process:3:505','1102','1120','OfflineCertificationNDA_ST','OfflineCertificationNDA_ST','serviceTask',NULL,'2013-12-11 11:55:39','2013-12-11 11:55:39',16),('1125','VAP_Company_Approval_Process:3:505','1102','1102','OfflineCertificationNDA','OfflineCertificationNDA','userTask',NULL,'2013-12-11 11:55:39',NULL,NULL),('1128','VAP_Company_Approval_Process:3:505','1102','1119','CertNDA_ExclusiveGateway','CertNDA_ExclusiveGateway','exclusiveGateway',NULL,'2013-12-11 11:57:07','2013-12-11 11:57:07',0),('1129','VAP_Company_Approval_Process:3:505','1102','1119','CertNDAApprove_ST','CertNDAApprove_ST','serviceTask',NULL,'2013-12-11 11:57:07','2013-12-11 11:57:07',23),('1130','VAP_Company_Approval_Process:3:505','1102','1119','Approve_ST','Approve_ST','serviceTask',NULL,'2013-12-11 11:57:07','2013-12-11 11:57:07',14),('12','VAP_Company_Approval_Process:1:4','7','7','DeviceMarketingReview','DeviceMarketingReview','userTask','youngeu','2013-09-24 10:59:35','2013-09-25 06:34:05',70470619),('16','VAP_Company_Approval_Process:1:4','7','7','MR_ExclusiveGateway','MR ExclusiveGateway','exclusiveGateway',NULL,'2013-09-25 06:34:05','2013-09-25 06:34:05',1),('17','VAP_Company_Approval_Process:1:4','7','7','DeviceMarketingRFI_ST','DeviceMarketingRFI_ST','serviceTask',NULL,'2013-09-25 06:34:05','2013-09-25 06:34:05',34),('18','VAP_Company_Approval_Process:1:4','7','7','DeviceMarketingReviewRFI','DeviceMarketingReviewRFI','userTask','daviddempski','2013-09-25 06:34:05','2013-09-26 05:19:01',81896639),('206','VAP_Company_Approval_Process:1:4','202','202','DeviceMarketingReview_ST','DeviceMarketingReview_ST','serviceTask',NULL,'2013-09-25 15:46:12','2013-09-25 15:46:12',69),('207','VAP_Company_Approval_Process:1:4','202','202','DeviceMarketingReview','DeviceMarketingReview','userTask','daviddempski','2013-09-25 15:46:12','2013-09-26 05:18:24',48732802),('210','VAP_Company_Approval_Process:1:4','202','334','CertNDA_ExclusiveGateway','CertNDA_ExclusiveGateway','exclusiveGateway',NULL,'2013-10-01 09:19:37','2013-10-01 09:19:37',2),('211','VAP_Company_Approval_Process:1:4','202','334','CertNDAApprove_ST','CertNDAApprove_ST','serviceTask',NULL,'2013-10-01 09:19:37','2013-10-01 09:19:37',34),('212','VAP_Company_Approval_Process:1:4','202','334','Approve_ST','Approve_ST','serviceTask',NULL,'2013-10-01 09:19:37','2013-10-01 09:19:37',17),('214','VAP_Company_Approval_Process:1:4','7','323','CertNDA_ExclusiveGateway','CertNDA_ExclusiveGateway','exclusiveGateway',NULL,'2013-10-11 07:58:39','2013-10-11 07:58:39',0),('215','VAP_Company_Approval_Process:1:4','7','323','CertNDAApprove_ST','CertNDAApprove_ST','serviceTask',NULL,'2013-10-11 07:58:39','2013-10-11 07:58:39',27),('216','VAP_Company_Approval_Process:1:4','7','323','Approve_ST','Approve_ST','serviceTask',NULL,'2013-10-11 07:58:39','2013-10-11 07:58:39',12),('221','VAP_Product_Approval_Process:3:504','217','217','DeviceMarketingReview_ST','DeviceMarketingReview_ST','serviceTask',NULL,'2013-10-11 08:12:55','2013-10-11 08:12:55',11),('222','VAP_Product_Approval_Process:3:504','217','217','DeviceMarketingReview','DeviceMarketingReview','userTask','youngeu','2013-10-11 08:12:55','2013-10-11 08:15:39',164252),('227','VAP_Product_Approval_Process:3:504','217','217','DeviceMarketingReview_ExclusiveGateway','MR ExclusiveGateway','exclusiveGateway',NULL,'2013-10-11 08:15:39','2013-10-11 08:15:39',0),('228','VAP_Product_Approval_Process:3:504','217','217','DeviceMarketingReviewApprove_ST','DeviceMarketingReviewApprove_ST','serviceTask',NULL,'2013-10-11 08:15:39','2013-10-11 08:15:39',9),('229','VAP_Product_Approval_Process:3:504','217','217','DeviceMarketingReviewApprove_ExclusiveGateway','DeviceMarketingReviewApprove_ExclusiveGateway','exclusiveGateway',NULL,'2013-10-11 08:15:39','2013-10-11 08:15:39',0),('230','VAP_Product_Approval_Process:3:504','217','217','SubmissionTypeProduct_ST','SubmissionTypeProduct_ST','serviceTask',NULL,'2013-10-11 08:15:39','2013-10-11 08:15:39',9),('233','VAP_Product_Approval_Process:3:504','217','231','ExportCompliance_ST','ExportCompliance_ST','serviceTask',NULL,'2013-10-11 08:15:39','2013-10-11 08:15:39',24),('234','VAP_Product_Approval_Process:3:504','217','231','ExportCompliance','ExportCompliance','userTask',NULL,'2013-10-11 08:15:39',NULL,NULL),('236','VAP_Product_Approval_Process:3:504','217','232','ProductInfoUpload_ST','ProductInfoUpload_ST','serviceTask',NULL,'2013-10-11 08:15:39','2013-10-11 08:15:39',23),('237','VAP_Product_Approval_Process:3:504','217','232','ProductInfoUpload','ProductInfoUpload','userTask',NULL,'2013-10-11 08:15:39',NULL,NULL),('243','VAP_Company_Approval_Process:3:505','239','239','DeviceMarketingReview_ST','DeviceMarketingReview_ST','serviceTask',NULL,'2013-10-18 16:42:40','2013-10-18 16:42:40',17),('244','VAP_Company_Approval_Process:3:505','239','239','DeviceMarketingReview','DeviceMarketingReview','userTask','youngeu','2013-10-18 16:42:40','2013-10-21 12:08:18',242738691),('304','VAP_Company_Approval_Process:1:4','202','202','MR_ExclusiveGateway','MR ExclusiveGateway','exclusiveGateway',NULL,'2013-09-26 05:18:24','2013-09-26 05:18:24',5),('305','VAP_Company_Approval_Process:1:4','202','202','MRApprove_ST','MRApprove_ST','serviceTask',NULL,'2013-09-26 05:18:24','2013-09-26 05:18:24',80),('306','VAP_Company_Approval_Process:1:4','202','202','OFACReview_ST','OFACReview_ST','serviceTask',NULL,'2013-09-26 05:18:24','2013-09-26 05:18:24',56),('307','VAP_Company_Approval_Process:1:4','202','202','OFACReview','OFACReview','userTask','daviddempski','2013-09-26 05:18:24','2013-09-26 05:19:14',50062),('310','VAP_Company_Approval_Process:1:4','7','7','DeviceMarketingReviewUnRFI_ST','DeviceMarketingReviewUnRFI_ST','serviceTask',NULL,'2013-09-26 05:19:01','2013-09-26 05:19:01',14),('311','VAP_Company_Approval_Process:1:4','7','7','DeviceMarketingReview_ST','DeviceMarketingReview_ST','serviceTask',NULL,'2013-09-26 05:19:01','2013-09-26 05:19:01',13),('312','VAP_Company_Approval_Process:1:4','7','7','DeviceMarketingReview','DeviceMarketingReview','userTask','daviddempski','2013-09-26 05:19:01','2013-09-26 05:19:06',5932),('315','VAP_Company_Approval_Process:1:4','7','7','MR_ExclusiveGateway','MR ExclusiveGateway','exclusiveGateway',NULL,'2013-09-26 05:19:06','2013-09-26 05:19:06',0),('316','VAP_Company_Approval_Process:1:4','7','7','MRApprove_ST','MRApprove_ST','serviceTask',NULL,'2013-09-26 05:19:06','2013-09-26 05:19:06',18),('317','VAP_Company_Approval_Process:1:4','7','7','OFACReview_ST','OFACReview_ST','serviceTask',NULL,'2013-09-26 05:19:06','2013-09-26 05:19:06',15),('318','VAP_Company_Approval_Process:1:4','7','7','OFACReview','OFACReview','userTask','daviddempski','2013-09-26 05:19:06','2013-09-26 05:19:08',2477),('321','VAP_Company_Approval_Process:1:4','7','7','OFAC_ExclusiveGateway','OFAC_ExclusiveGateway','exclusiveGateway',NULL,'2013-09-26 05:19:08','2013-09-26 05:19:08',0),('322','VAP_Company_Approval_Process:1:4','7','7','OFACReviewApprove_ST','OFACReviewApprove_ST','serviceTask',NULL,'2013-09-26 05:19:08','2013-09-26 05:19:08',15),('325','VAP_Company_Approval_Process:1:4','7','323','CertificationNDA_ST','CertificationNDA_ST','serviceTask',NULL,'2013-09-26 05:19:08','2013-09-26 05:19:08',19),('326','VAP_Company_Approval_Process:1:4','7','323','CertificationNDA','CertificationNDA','userTask','eugene.ovi','2013-09-26 05:19:08','2013-10-11 07:58:39',1305571386),('328','VAP_Company_Approval_Process:1:4','7','324','OfflineCertificationNDA_ST','OfflineCertificationNDA_ST','serviceTask',NULL,'2013-09-26 05:19:08','2013-09-26 05:19:08',29),('329','VAP_Company_Approval_Process:1:4','7','7','OfflineCertificationNDA','OfflineCertificationNDA','userTask',NULL,'2013-09-26 05:19:08',NULL,NULL),('332','VAP_Company_Approval_Process:1:4','202','202','OFAC_ExclusiveGateway','OFAC_ExclusiveGateway','exclusiveGateway',NULL,'2013-09-26 05:19:14','2013-09-26 05:19:14',0),('333','VAP_Company_Approval_Process:1:4','202','202','OFACReviewApprove_ST','OFACReviewApprove_ST','serviceTask',NULL,'2013-09-26 05:19:14','2013-09-26 05:19:14',17),('336','VAP_Company_Approval_Process:1:4','202','334','CertificationNDA_ST','CertificationNDA_ST','serviceTask',NULL,'2013-09-26 05:19:14','2013-09-26 05:19:14',17),('337','VAP_Company_Approval_Process:1:4','202','334','CertificationNDA','CertificationNDA','userTask','aleung','2013-09-26 05:19:14','2013-10-01 09:19:37',446423158),('339','VAP_Company_Approval_Process:1:4','202','335','OfflineCertificationNDA_ST','OfflineCertificationNDA_ST','serviceTask',NULL,'2013-09-26 05:19:14','2013-09-26 05:19:14',17),('340','VAP_Company_Approval_Process:1:4','202','202','OfflineCertificationNDA','OfflineCertificationNDA','userTask',NULL,'2013-09-26 05:19:14',NULL,NULL),('346','VAP_Company_Approval_Process:3:505','342','342','DeviceMarketingReview_ST','DeviceMarketingReview_ST','serviceTask',NULL,'2013-10-21 10:32:18','2013-10-21 10:32:18',17),('347','VAP_Company_Approval_Process:3:505','342','342','DeviceMarketingReview','DeviceMarketingReview','userTask','youngeu','2013-10-21 10:32:18','2013-10-21 12:08:32',5774575),('351','VAP_Company_Approval_Process:3:505','239','239','MR_ExclusiveGateway','MR ExclusiveGateway','exclusiveGateway',NULL,'2013-10-21 12:08:18','2013-10-21 12:08:18',0),('352','VAP_Company_Approval_Process:3:505','239','239','MRApprove_ST','MRApprove_ST','serviceTask',NULL,'2013-10-21 12:08:18','2013-10-21 12:08:18',21),('353','VAP_Company_Approval_Process:3:505','239','239','OFACReview_ST','OFACReview_ST','serviceTask',NULL,'2013-10-21 12:08:18','2013-10-21 12:08:18',14),('354','VAP_Company_Approval_Process:3:505','239','239','OFACReview','OFACReview','userTask','youngeu','2013-10-21 12:08:18','2013-11-05 09:57:05',1291727357),('358','VAP_Company_Approval_Process:3:505','342','342','MR_ExclusiveGateway','MR ExclusiveGateway','exclusiveGateway',NULL,'2013-10-21 12:08:32','2013-10-21 12:08:32',0),('359','VAP_Company_Approval_Process:3:505','342','342','MRApprove_ST','MRApprove_ST','serviceTask',NULL,'2013-10-21 12:08:32','2013-10-21 12:08:32',14),('360','VAP_Company_Approval_Process:3:505','342','342','OFACReview_ST','OFACReview_ST','serviceTask',NULL,'2013-10-21 12:08:32','2013-10-21 12:08:32',11),('361','VAP_Company_Approval_Process:3:505','342','342','OFACReview','OFACReview','userTask','youngeu','2013-10-21 12:08:32','2013-11-05 09:57:04',1291712861),('803','VAP_Company_Approval_Process:3:505','342','342','OFAC_ExclusiveGateway','OFAC_ExclusiveGateway','exclusiveGateway',NULL,'2013-11-05 09:57:04','2013-11-05 09:57:04',5),('804','VAP_Company_Approval_Process:3:505','342','342','OFACReviewApprove_ST','OFACReviewApprove_ST','serviceTask',NULL,'2013-11-05 09:57:04','2013-11-05 09:57:04',97),('807','VAP_Company_Approval_Process:3:505','342','805','CertificationNDA_ST','CertificationNDA_ST','serviceTask',NULL,'2013-11-05 09:57:05','2013-11-05 09:57:05',43),('808','VAP_Company_Approval_Process:3:505','342','805','CertificationNDA','CertificationNDA','userTask',NULL,'2013-11-05 09:57:05',NULL,NULL),('810','VAP_Company_Approval_Process:3:505','342','806','OfflineCertificationNDA_ST','OfflineCertificationNDA_ST','serviceTask',NULL,'2013-11-05 09:57:05','2013-11-05 09:57:05',90),('811','VAP_Company_Approval_Process:3:505','342','806','OfflineCertificationNDA','OfflineCertificationNDA','userTask',NULL,'2013-11-05 09:57:05',NULL,NULL),('814','VAP_Company_Approval_Process:3:505','239','239','OFAC_ExclusiveGateway','OFAC_ExclusiveGateway','exclusiveGateway',NULL,'2013-11-05 09:57:05','2013-11-05 09:57:05',0),('815','VAP_Company_Approval_Process:3:505','239','239','OFACReviewApprove_ST','OFACReviewApprove_ST','serviceTask',NULL,'2013-11-05 09:57:05','2013-11-05 09:57:05',16),('818','VAP_Company_Approval_Process:3:505','239','816','CertificationNDA_ST','CertificationNDA_ST','serviceTask',NULL,'2013-11-05 09:57:05','2013-11-05 09:57:05',18),('819','VAP_Company_Approval_Process:3:505','239','816','CertificationNDA','CertificationNDA','userTask',NULL,'2013-11-05 09:57:05',NULL,NULL),('821','VAP_Company_Approval_Process:3:505','239','817','OfflineCertificationNDA_ST','OfflineCertificationNDA_ST','serviceTask',NULL,'2013-11-05 09:57:05','2013-11-05 09:57:05',20),('822','VAP_Company_Approval_Process:3:505','239','817','OfflineCertificationNDA','OfflineCertificationNDA','userTask',NULL,'2013-11-05 09:57:05',NULL,NULL);

UNLOCK TABLES;

/*Table structure for table `ACT_HI_ATTACHMENT` */

DROP TABLE IF EXISTS `ACT_HI_ATTACHMENT`;

CREATE TABLE `ACT_HI_ATTACHMENT` (
  `ID_` varchar(64) collate utf8_bin NOT NULL,
  `REV_` int(11) default NULL,
  `USER_ID_` varchar(255) collate utf8_bin default NULL,
  `NAME_` varchar(255) collate utf8_bin default NULL,
  `DESCRIPTION_` varchar(4000) collate utf8_bin default NULL,
  `TYPE_` varchar(255) collate utf8_bin default NULL,
  `TASK_ID_` varchar(64) collate utf8_bin default NULL,
  `PROC_INST_ID_` varchar(64) collate utf8_bin default NULL,
  `URL_` varchar(4000) collate utf8_bin default NULL,
  `CONTENT_ID_` varchar(64) collate utf8_bin default NULL,
  PRIMARY KEY  (`ID_`)
) ENGINE=InnoDB DEFAULT CHARSET=utf8 COLLATE=utf8_bin;

/*Data for the table `ACT_HI_ATTACHMENT` */

LOCK TABLES `ACT_HI_ATTACHMENT` WRITE;

UNLOCK TABLES;

/*Table structure for table `ACT_HI_COMMENT` */

DROP TABLE IF EXISTS `ACT_HI_COMMENT`;

CREATE TABLE `ACT_HI_COMMENT` (
  `ID_` varchar(64) collate utf8_bin NOT NULL,
  `TYPE_` varchar(255) collate utf8_bin default NULL,
  `TIME_` datetime NOT NULL,
  `USER_ID_` varchar(255) collate utf8_bin default NULL,
  `TASK_ID_` varchar(64) collate utf8_bin default NULL,
  `PROC_INST_ID_` varchar(64) collate utf8_bin default NULL,
  `ACTION_` varchar(255) collate utf8_bin default NULL,
  `MESSAGE_` varchar(4000) collate utf8_bin default NULL,
  `FULL_MSG_` longblob,
  PRIMARY KEY  (`ID_`)
) ENGINE=InnoDB DEFAULT CHARSET=utf8 COLLATE=utf8_bin;

/*Data for the table `ACT_HI_COMMENT` */

LOCK TABLES `ACT_HI_COMMENT` WRITE;

insert  into `ACT_HI_COMMENT`(`ID_`,`TYPE_`,`TIME_`,`USER_ID_`,`TASK_ID_`,`PROC_INST_ID_`,`ACTION_`,`MESSAGE_`,`FULL_MSG_`) values ('1109','event','2013-12-11 11:54:55',NULL,'1108',NULL,'AddUserLink','youngeu_|_assignee',NULL),('1116','event','2013-12-11 11:55:39',NULL,'1115',NULL,'AddUserLink','youngeu_|_assignee',NULL),('1127','event','2013-12-11 11:57:06',NULL,'1123',NULL,'AddUserLink','yannis.live_|_assignee',NULL),('14','event','2013-09-25 06:34:05',NULL,'13',NULL,'AddUserLink','youngeu_|_assignee',NULL),('209','event','2013-10-01 09:19:37',NULL,'338',NULL,'AddUserLink','aleung_|_assignee',NULL),('213','event','2013-10-11 07:58:39',NULL,'327',NULL,'AddUserLink','eugene.ovi_|_assignee',NULL),('224','event','2013-10-11 08:15:39',NULL,'223',NULL,'AddUserLink','youngeu_|_assignee',NULL),('302','event','2013-09-26 05:18:24',NULL,'208',NULL,'AddUserLink','daviddempski_|_assignee',NULL),('309','event','2013-09-26 05:19:01',NULL,'19',NULL,'AddUserLink','daviddempski_|_assignee',NULL),('314','event','2013-09-26 05:19:06',NULL,'313',NULL,'AddUserLink','daviddempski_|_assignee',NULL),('320','event','2013-09-26 05:19:08',NULL,'319',NULL,'AddUserLink','daviddempski_|_assignee',NULL),('331','event','2013-09-26 05:19:14',NULL,'308',NULL,'AddUserLink','daviddempski_|_assignee',NULL),('349','event','2013-10-21 12:08:18',NULL,'245',NULL,'AddUserLink','youngeu_|_assignee',NULL),('356','event','2013-10-21 12:08:32',NULL,'348',NULL,'AddUserLink','youngeu_|_assignee',NULL),('802','event','2013-11-05 09:57:04',NULL,'362',NULL,'AddUserLink','youngeu_|_assignee',NULL),('813','event','2013-11-05 09:57:05',NULL,'355',NULL,'AddUserLink','youngeu_|_assignee',NULL);

UNLOCK TABLES;

/*Table structure for table `ACT_HI_DETAIL` */

DROP TABLE IF EXISTS `ACT_HI_DETAIL`;

CREATE TABLE `ACT_HI_DETAIL` (
  `ID_` varchar(64) collate utf8_bin NOT NULL,
  `TYPE_` varchar(255) collate utf8_bin NOT NULL,
  `PROC_INST_ID_` varchar(64) collate utf8_bin NOT NULL,
  `EXECUTION_ID_` varchar(64) collate utf8_bin NOT NULL,
  `TASK_ID_` varchar(64) collate utf8_bin default NULL,
  `ACT_INST_ID_` varchar(64) collate utf8_bin default NULL,
  `NAME_` varchar(255) collate utf8_bin NOT NULL,
  `VAR_TYPE_` varchar(255) collate utf8_bin default NULL,
  `REV_` int(11) default NULL,
  `TIME_` datetime NOT NULL,
  `BYTEARRAY_ID_` varchar(64) collate utf8_bin default NULL,
  `DOUBLE_` double default NULL,
  `LONG_` bigint(20) default NULL,
  `TEXT_` varchar(4000) collate utf8_bin default NULL,
  `TEXT2_` varchar(4000) collate utf8_bin default NULL,
  PRIMARY KEY  (`ID_`),
  KEY `ACT_IDX_HI_DETAIL_PROC_INST` (`PROC_INST_ID_`),
  KEY `ACT_IDX_HI_DETAIL_ACT_INST` (`ACT_INST_ID_`),
  KEY `ACT_IDX_HI_DETAIL_TIME` (`TIME_`),
  KEY `ACT_IDX_HI_DETAIL_NAME` (`NAME_`)
) ENGINE=InnoDB DEFAULT CHARSET=utf8 COLLATE=utf8_bin;

/*Data for the table `ACT_HI_DETAIL` */

LOCK TABLES `ACT_HI_DETAIL` WRITE;

UNLOCK TABLES;

/*Table structure for table `ACT_HI_PROCINST` */

DROP TABLE IF EXISTS `ACT_HI_PROCINST`;

CREATE TABLE `ACT_HI_PROCINST` (
  `ID_` varchar(64) collate utf8_bin NOT NULL,
  `PROC_INST_ID_` varchar(64) collate utf8_bin NOT NULL,
  `BUSINESS_KEY_` varchar(255) collate utf8_bin default NULL,
  `PROC_DEF_ID_` varchar(64) collate utf8_bin NOT NULL,
  `START_TIME_` datetime NOT NULL,
  `END_TIME_` datetime default NULL,
  `DURATION_` bigint(20) default NULL,
  `START_USER_ID_` varchar(255) collate utf8_bin default NULL,
  `START_ACT_ID_` varchar(255) collate utf8_bin default NULL,
  `END_ACT_ID_` varchar(255) collate utf8_bin default NULL,
  `SUPER_PROCESS_INSTANCE_ID_` varchar(64) collate utf8_bin default NULL,
  PRIMARY KEY  (`ID_`),
  UNIQUE KEY `PROC_INST_ID_` (`PROC_INST_ID_`),
  UNIQUE KEY `ACT_UNIQ_HI_BUS_KEY` (`PROC_DEF_ID_`,`BUSINESS_KEY_`),
  KEY `ACT_IDX_HI_PRO_INST_END` (`END_TIME_`),
  KEY `ACT_IDX_HI_PRO_I_BUSKEY` (`BUSINESS_KEY_`)
) ENGINE=InnoDB DEFAULT CHARSET=utf8 COLLATE=utf8_bin;

/*Data for the table `ACT_HI_PROCINST` */

LOCK TABLES `ACT_HI_PROCINST` WRITE;

insert  into `ACT_HI_PROCINST`(`ID_`,`PROC_INST_ID_`,`BUSINESS_KEY_`,`PROC_DEF_ID_`,`START_TIME_`,`END_TIME_`,`DURATION_`,`START_USER_ID_`,`START_ACT_ID_`,`END_ACT_ID_`,`SUPER_PROCESS_INSTANCE_ID_`) values ('1102','1102','823','VAP_Company_Approval_Process:3:505','2013-12-11 11:52:47',NULL,NULL,NULL,'Start',NULL,NULL),('202','202','815','VAP_Company_Approval_Process:1:4','2013-09-25 15:46:12',NULL,NULL,NULL,'Start',NULL,NULL),('217','217','817','VAP_Product_Approval_Process:3:504','2013-10-11 08:12:55',NULL,NULL,NULL,'Start',NULL,NULL),('239','239','819','VAP_Company_Approval_Process:3:505','2013-10-18 16:42:40',NULL,NULL,NULL,'Start',NULL,NULL),('342','342','821','VAP_Company_Approval_Process:3:505','2013-10-21 10:32:18',NULL,NULL,NULL,'Start',NULL,NULL),('7','7','813','VAP_Company_Approval_Process:1:4','2013-09-24 10:59:35',NULL,NULL,NULL,'Start',NULL,NULL);

UNLOCK TABLES;

/*Table structure for table `ACT_HI_TASKINST` */

DROP TABLE IF EXISTS `ACT_HI_TASKINST`;

CREATE TABLE `ACT_HI_TASKINST` (
  `ID_` varchar(64) collate utf8_bin NOT NULL,
  `PROC_DEF_ID_` varchar(64) collate utf8_bin default NULL,
  `TASK_DEF_KEY_` varchar(255) collate utf8_bin default NULL,
  `PROC_INST_ID_` varchar(64) collate utf8_bin default NULL,
  `EXECUTION_ID_` varchar(64) collate utf8_bin default NULL,
  `NAME_` varchar(255) collate utf8_bin default NULL,
  `PARENT_TASK_ID_` varchar(64) collate utf8_bin default NULL,
  `DESCRIPTION_` varchar(4000) collate utf8_bin default NULL,
  `OWNER_` varchar(64) collate utf8_bin default NULL,
  `ASSIGNEE_` varchar(64) collate utf8_bin default NULL,
  `START_TIME_` datetime NOT NULL,
  `END_TIME_` datetime default NULL,
  `DURATION_` bigint(20) default NULL,
  `DELETE_REASON_` varchar(4000) collate utf8_bin default NULL,
  `PRIORITY_` int(11) default NULL,
  `DUE_DATE_` datetime default NULL,
  PRIMARY KEY  (`ID_`)
) ENGINE=InnoDB DEFAULT CHARSET=utf8 COLLATE=utf8_bin;

/*Data for the table `ACT_HI_TASKINST` */

LOCK TABLES `ACT_HI_TASKINST` WRITE;

insert  into `ACT_HI_TASKINST`(`ID_`,`PROC_DEF_ID_`,`TASK_DEF_KEY_`,`PROC_INST_ID_`,`EXECUTION_ID_`,`NAME_`,`PARENT_TASK_ID_`,`DESCRIPTION_`,`OWNER_`,`ASSIGNEE_`,`START_TIME_`,`END_TIME_`,`DURATION_`,`DELETE_REASON_`,`PRIORITY_`,`DUE_DATE_`) values ('1108','VAP_Company_Approval_Process:3:505','DeviceMarketingReview','1102','1102','DeviceMarketingReview',NULL,'Device Marketing\n                The Device Marketing team will review the company information and can either Approve or Deny  the registration request.\n                If Device Marketing has any questions they can also Request for Information (RFI).',NULL,'youngeu','2013-12-11 11:52:47','2013-12-11 11:54:55',128260,'completed',50,NULL),('1115','VAP_Company_Approval_Process:3:505','OFACReview','1102','1102','OFACReview',NULL,'OFACReview',NULL,'youngeu','2013-12-11 11:54:55','2013-12-11 11:55:39',44693,'completed',50,NULL),('1123','VAP_Company_Approval_Process:3:505','CertificationNDA','1102','1119','CertificationNDA',NULL,'Certification/NDA',NULL,'yannis.live','2013-12-11 11:55:39','2013-12-11 11:57:07',88053,'completed',50,NULL),('1126','VAP_Company_Approval_Process:3:505','OfflineCertificationNDA','1102','1120','OfflineCertificationNDA',NULL,'Certification/NDA',NULL,NULL,'2013-12-11 11:55:39',NULL,NULL,NULL,50,NULL),('13','VAP_Company_Approval_Process:1:4','DeviceMarketingReview','7','7','DeviceMarketingReview',NULL,'Device Marketing\n                The Device Marketing team will review the company information and can either Approve or Deny  the registration request.\n                If Device Marketing has any questions they can also Request for Information (RFI).',NULL,'youngeu','2013-09-24 10:59:35','2013-09-25 06:34:05',70470610,'completed',50,NULL),('19','VAP_Company_Approval_Process:1:4','DeviceMarketingReviewRFI','7','7','DeviceMarketingReviewRFI',NULL,'Device Marketing RFI',NULL,'daviddempski','2013-09-25 06:34:05','2013-09-26 05:19:01',81896632,'completed',50,NULL),('208','VAP_Company_Approval_Process:1:4','DeviceMarketingReview','202','202','DeviceMarketingReview',NULL,'Device Marketing\n                The Device Marketing team will review the company information and can either Approve or Deny  the registration request.\n                If Device Marketing has any questions they can also Request for Information (RFI).',NULL,'daviddempski','2013-09-25 15:46:12','2013-09-26 05:18:24',48732786,'completed',50,NULL),('223','VAP_Product_Approval_Process:3:504','DeviceMarketingReview','217','217','DeviceMarketingReview',NULL,'DeviceMarketingReview',NULL,'youngeu','2013-10-11 08:12:55','2013-10-11 08:15:39',164244,'completed',50,NULL),('235','VAP_Product_Approval_Process:3:504','ExportCompliance','217','231','ExportCompliance',NULL,'ExportCompliance',NULL,NULL,'2013-10-11 08:15:39',NULL,NULL,NULL,50,NULL),('238','VAP_Product_Approval_Process:3:504','ProductInfoUpload','217','232','ProductInfoUpload',NULL,'ProductInfoUpload',NULL,NULL,'2013-10-11 08:15:39',NULL,NULL,NULL,50,NULL),('245','VAP_Company_Approval_Process:3:505','DeviceMarketingReview','239','239','DeviceMarketingReview',NULL,'Device Marketing\n                The Device Marketing team will review the company information and can either Approve or Deny  the registration request.\n                If Device Marketing has any questions they can also Request for Information (RFI).',NULL,'youngeu','2013-10-18 16:42:40','2013-10-21 12:08:18',242738685,'completed',50,NULL),('308','VAP_Company_Approval_Process:1:4','OFACReview','202','202','OFACReview',NULL,'OFACReview',NULL,'daviddempski','2013-09-26 05:18:24','2013-09-26 05:19:14',50056,'completed',50,NULL),('313','VAP_Company_Approval_Process:1:4','DeviceMarketingReview','7','7','DeviceMarketingReview',NULL,'Device Marketing\n                The Device Marketing team will review the company information and can either Approve or Deny  the registration request.\n                If Device Marketing has any questions they can also Request for Information (RFI).',NULL,'daviddempski','2013-09-26 05:19:01','2013-09-26 05:19:06',5925,'completed',50,NULL),('319','VAP_Company_Approval_Process:1:4','OFACReview','7','7','OFACReview',NULL,'OFACReview',NULL,'daviddempski','2013-09-26 05:19:06','2013-09-26 05:19:08',2469,'completed',50,NULL),('327','VAP_Company_Approval_Process:1:4','CertificationNDA','7','323','CertificationNDA',NULL,'Certification/NDA',NULL,'eugene.ovi','2013-09-26 05:19:08','2013-10-11 07:58:39',1305571380,'completed',50,NULL),('330','VAP_Company_Approval_Process:1:4','OfflineCertificationNDA','7','324','OfflineCertificationNDA',NULL,'Certification/NDA',NULL,NULL,'2013-09-26 05:19:08',NULL,NULL,NULL,50,NULL),('338','VAP_Company_Approval_Process:1:4','CertificationNDA','202','334','CertificationNDA',NULL,'Certification/NDA',NULL,'aleung','2013-09-26 05:19:14','2013-10-01 09:19:37',446423149,'completed',50,NULL),('341','VAP_Company_Approval_Process:1:4','OfflineCertificationNDA','202','335','OfflineCertificationNDA',NULL,'Certification/NDA',NULL,NULL,'2013-09-26 05:19:14',NULL,NULL,NULL,50,NULL),('348','VAP_Company_Approval_Process:3:505','DeviceMarketingReview','342','342','DeviceMarketingReview',NULL,'Device Marketing\n                The Device Marketing team will review the company information and can either Approve or Deny  the registration request.\n                If Device Marketing has any questions they can also Request for Information (RFI).',NULL,'youngeu','2013-10-21 10:32:18','2013-10-21 12:08:32',5774569,'completed',50,NULL),('355','VAP_Company_Approval_Process:3:505','OFACReview','239','239','OFACReview',NULL,'OFACReview',NULL,'youngeu','2013-10-21 12:08:18','2013-11-05 09:57:05',1291727351,'completed',50,NULL),('362','VAP_Company_Approval_Process:3:505','OFACReview','342','342','OFACReview',NULL,'OFACReview',NULL,'youngeu','2013-10-21 12:08:32','2013-11-05 09:57:04',1291712845,'completed',50,NULL),('809','VAP_Company_Approval_Process:3:505','CertificationNDA','342','805','CertificationNDA',NULL,'Certification/NDA',NULL,NULL,'2013-11-05 09:57:05',NULL,NULL,NULL,50,NULL),('812','VAP_Company_Approval_Process:3:505','OfflineCertificationNDA','342','806','OfflineCertificationNDA',NULL,'Certification/NDA',NULL,NULL,'2013-11-05 09:57:05',NULL,NULL,NULL,50,NULL),('820','VAP_Company_Approval_Process:3:505','CertificationNDA','239','816','CertificationNDA',NULL,'Certification/NDA',NULL,NULL,'2013-11-05 09:57:05',NULL,NULL,NULL,50,NULL),('823','VAP_Company_Approval_Process:3:505','OfflineCertificationNDA','239','817','OfflineCertificationNDA',NULL,'Certification/NDA',NULL,NULL,'2013-11-05 09:57:05',NULL,NULL,NULL,50,NULL);

UNLOCK TABLES;

/*Table structure for table `ACT_ID_GROUP` */

DROP TABLE IF EXISTS `ACT_ID_GROUP`;

CREATE TABLE `ACT_ID_GROUP` (
  `ID_` varchar(64) collate utf8_bin NOT NULL default '',
  `REV_` int(11) default NULL,
  `NAME_` varchar(255) collate utf8_bin default NULL,
  `TYPE_` varchar(255) collate utf8_bin default NULL,
  PRIMARY KEY  (`ID_`)
) ENGINE=InnoDB DEFAULT CHARSET=utf8 COLLATE=utf8_bin;

/*Data for the table `ACT_ID_GROUP` */

LOCK TABLES `ACT_ID_GROUP` WRITE;

UNLOCK TABLES;

/*Table structure for table `ACT_ID_INFO` */

DROP TABLE IF EXISTS `ACT_ID_INFO`;

CREATE TABLE `ACT_ID_INFO` (
  `ID_` varchar(64) collate utf8_bin NOT NULL default '',
  `REV_` int(11) default NULL,
  `USER_ID_` varchar(64) collate utf8_bin default NULL,
  `TYPE_` varchar(64) collate utf8_bin default NULL,
  `KEY_` varchar(255) collate utf8_bin default NULL,
  `VALUE_` varchar(255) collate utf8_bin default NULL,
  `PASSWORD_` longblob,
  `PARENT_ID_` varchar(255) collate utf8_bin default NULL,
  PRIMARY KEY  (`ID_`)
) ENGINE=InnoDB DEFAULT CHARSET=utf8 COLLATE=utf8_bin;

/*Data for the table `ACT_ID_INFO` */

LOCK TABLES `ACT_ID_INFO` WRITE;

UNLOCK TABLES;

/*Table structure for table `ACT_ID_MEMBERSHIP` */

DROP TABLE IF EXISTS `ACT_ID_MEMBERSHIP`;

CREATE TABLE `ACT_ID_MEMBERSHIP` (
  `USER_ID_` varchar(64) collate utf8_bin NOT NULL default '',
  `GROUP_ID_` varchar(64) collate utf8_bin NOT NULL default '',
  PRIMARY KEY  (`USER_ID_`,`GROUP_ID_`),
  KEY `ACT_FK_MEMB_GROUP` (`GROUP_ID_`),
  CONSTRAINT `ACT_FK_MEMB_GROUP` FOREIGN KEY (`GROUP_ID_`) REFERENCES `ACT_ID_GROUP` (`ID_`),
  CONSTRAINT `ACT_FK_MEMB_USER` FOREIGN KEY (`USER_ID_`) REFERENCES `ACT_ID_USER` (`ID_`)
) ENGINE=InnoDB DEFAULT CHARSET=utf8 COLLATE=utf8_bin;

/*Data for the table `ACT_ID_MEMBERSHIP` */

LOCK TABLES `ACT_ID_MEMBERSHIP` WRITE;

UNLOCK TABLES;

/*Table structure for table `ACT_ID_USER` */

DROP TABLE IF EXISTS `ACT_ID_USER`;

CREATE TABLE `ACT_ID_USER` (
  `ID_` varchar(64) collate utf8_bin NOT NULL default '',
  `REV_` int(11) default NULL,
  `FIRST_` varchar(255) collate utf8_bin default NULL,
  `LAST_` varchar(255) collate utf8_bin default NULL,
  `EMAIL_` varchar(255) collate utf8_bin default NULL,
  `PWD_` varchar(255) collate utf8_bin default NULL,
  `PICTURE_ID_` varchar(64) collate utf8_bin default NULL,
  PRIMARY KEY  (`ID_`)
) ENGINE=InnoDB DEFAULT CHARSET=utf8 COLLATE=utf8_bin;

/*Data for the table `ACT_ID_USER` */

LOCK TABLES `ACT_ID_USER` WRITE;

UNLOCK TABLES;

/*Table structure for table `ACT_RE_DEPLOYMENT` */

DROP TABLE IF EXISTS `ACT_RE_DEPLOYMENT`;

CREATE TABLE `ACT_RE_DEPLOYMENT` (
  `ID_` varchar(64) collate utf8_bin NOT NULL default '',
  `NAME_` varchar(255) collate utf8_bin default NULL,
  `DEPLOY_TIME_` timestamp NOT NULL default CURRENT_TIMESTAMP on update CURRENT_TIMESTAMP,
  PRIMARY KEY  (`ID_`)
) ENGINE=InnoDB DEFAULT CHARSET=utf8 COLLATE=utf8_bin;

/*Data for the table `ACT_RE_DEPLOYMENT` */

LOCK TABLES `ACT_RE_DEPLOYMENT` WRITE;

insert  into `ACT_RE_DEPLOYMENT`(`ID_`,`NAME_`,`DEPLOY_TIME_`) values ('1','SpringAutoDeployment','2013-09-20 12:54:16'),('1001',NULL,'2013-11-05 15:16:34'),('101',NULL,'2013-09-20 12:55:31'),('1101',NULL,'2013-11-05 15:20:57'),('201',NULL,'2013-09-25 14:57:54'),('301',NULL,'2013-09-25 14:58:24'),('401','SpringAutoDeployment','2013-09-26 11:10:07'),('406',NULL,'2013-09-26 11:10:07'),('501','SpringAutoDeployment','2013-09-26 11:27:50'),('506',NULL,'2013-09-26 11:27:50'),('6',NULL,'2013-09-20 12:54:16'),('601',NULL,'2013-11-01 16:03:28'),('701',NULL,'2013-11-01 16:04:39'),('801',NULL,'2013-11-01 16:05:45'),('901',NULL,'2013-11-05 15:16:13');

UNLOCK TABLES;

/*Table structure for table `ACT_RE_PROCDEF` */

DROP TABLE IF EXISTS `ACT_RE_PROCDEF`;

CREATE TABLE `ACT_RE_PROCDEF` (
  `ID_` varchar(64) collate utf8_bin NOT NULL default '',
  `CATEGORY_` varchar(255) collate utf8_bin default NULL,
  `NAME_` varchar(255) collate utf8_bin default NULL,
  `KEY_` varchar(255) collate utf8_bin default NULL,
  `VERSION_` int(11) default NULL,
  `DEPLOYMENT_ID_` varchar(64) collate utf8_bin default NULL,
  `RESOURCE_NAME_` varchar(4000) collate utf8_bin default NULL,
  `DGRM_RESOURCE_NAME_` varchar(4000) collate utf8_bin default NULL,
  `HAS_START_FORM_KEY_` tinyint(4) default NULL,
  PRIMARY KEY  (`ID_`)
) ENGINE=InnoDB DEFAULT CHARSET=utf8 COLLATE=utf8_bin;

/*Data for the table `ACT_RE_PROCDEF` */

LOCK TABLES `ACT_RE_PROCDEF` WRITE;

insert  into `ACT_RE_PROCDEF`(`ID_`,`CATEGORY_`,`NAME_`,`KEY_`,`VERSION_`,`DEPLOYMENT_ID_`,`RESOURCE_NAME_`,`DGRM_RESOURCE_NAME_`,`HAS_START_FORM_KEY_`) values ('VAP_Company_Approval_Process:1:4','http://www.activiti.org/test','VAP Company Approval Process','VAP_Company_Approval_Process',1,'1','/usr/java/vsap/QA/apache-tomcat-7.0.42/webapps/device/WEB-INF/classes/CompanyApprovalWorkflow.bpmn20.xml',NULL,0),('VAP_Company_Approval_Process:2:405','http://www.activiti.org/test','VAP Company Approval Process','VAP_Company_Approval_Process',2,'401','/usr/java/vsap/QA1/apache-tomcat-7.0.42/webapps/device/WEB-INF/classes/CompanyApprovalWorkflow.bpmn20.xml',NULL,0),('VAP_Company_Approval_Process:3:505','http://www.activiti.org/test','VAP Company Approval Process','VAP_Company_Approval_Process',3,'501','/usr/java/vsap/QA1/apache-tomcat-7.0.42/webapps/device/WEB-INF/classes/CompanyApprovalWorkflow.bpmn20.xml',NULL,0),('VAP_Product_Approval_Process:1:5','http://www.activiti.org/test','VAP Product Approval Process','VAP_Product_Approval_Process',1,'1','/usr/java/vsap/QA/apache-tomcat-7.0.42/webapps/device/WEB-INF/classes/ProductApprovalWorkflow.bpmn20.xml',NULL,0),('VAP_Product_Approval_Process:2:404','http://www.activiti.org/test','VAP Product Approval Process','VAP_Product_Approval_Process',2,'401','/usr/java/vsap/QA1/apache-tomcat-7.0.42/webapps/device/WEB-INF/classes/ProductApprovalWorkflow.bpmn20.xml',NULL,0),('VAP_Product_Approval_Process:3:504','http://www.activiti.org/test','VAP Product Approval Process','VAP_Product_Approval_Process',3,'501','/usr/java/vsap/QA1/apache-tomcat-7.0.42/webapps/device/WEB-INF/classes/ProductApprovalWorkflow.bpmn20.xml',NULL,0);

UNLOCK TABLES;

/*Table structure for table `ACT_RU_EXECUTION` */

DROP TABLE IF EXISTS `ACT_RU_EXECUTION`;

CREATE TABLE `ACT_RU_EXECUTION` (
  `ID_` varchar(64) collate utf8_bin NOT NULL default '',
  `REV_` int(11) default NULL,
  `PROC_INST_ID_` varchar(64) collate utf8_bin default NULL,
  `BUSINESS_KEY_` varchar(255) collate utf8_bin default NULL,
  `PARENT_ID_` varchar(64) collate utf8_bin default NULL,
  `PROC_DEF_ID_` varchar(64) collate utf8_bin default NULL,
  `SUPER_EXEC_` varchar(64) collate utf8_bin default NULL,
  `ACT_ID_` varchar(255) collate utf8_bin default NULL,
  `IS_ACTIVE_` tinyint(4) default NULL,
  `IS_CONCURRENT_` tinyint(4) default NULL,
  `IS_SCOPE_` tinyint(4) default NULL,
  PRIMARY KEY  (`ID_`),
  UNIQUE KEY `ACT_UNIQ_RU_BUS_KEY` (`PROC_DEF_ID_`,`BUSINESS_KEY_`),
  KEY `ACT_IDX_EXEC_BUSKEY` (`BUSINESS_KEY_`),
  KEY `ACT_FK_EXE_PROCINST` (`PROC_INST_ID_`),
  KEY `ACT_FK_EXE_PARENT` (`PARENT_ID_`),
  KEY `ACT_FK_EXE_SUPER` (`SUPER_EXEC_`),
  CONSTRAINT `ACT_FK_EXE_PARENT` FOREIGN KEY (`PARENT_ID_`) REFERENCES `ACT_RU_EXECUTION` (`ID_`),
  CONSTRAINT `ACT_FK_EXE_PROCINST` FOREIGN KEY (`PROC_INST_ID_`) REFERENCES `ACT_RU_EXECUTION` (`ID_`) ON DELETE CASCADE ON UPDATE CASCADE,
  CONSTRAINT `ACT_FK_EXE_SUPER` FOREIGN KEY (`SUPER_EXEC_`) REFERENCES `ACT_RU_EXECUTION` (`ID_`)
) ENGINE=InnoDB DEFAULT CHARSET=utf8 COLLATE=utf8_bin;

/*Data for the table `ACT_RU_EXECUTION` */

LOCK TABLES `ACT_RU_EXECUTION` WRITE;

insert  into `ACT_RU_EXECUTION`(`ID_`,`REV_`,`PROC_INST_ID_`,`BUSINESS_KEY_`,`PARENT_ID_`,`PROC_DEF_ID_`,`SUPER_EXEC_`,`ACT_ID_`,`IS_ACTIVE_`,`IS_CONCURRENT_`,`IS_SCOPE_`) values ('1102',4,'1102','823',NULL,'VAP_Company_Approval_Process:3:505',NULL,'OfflineCertificationNDA',0,0,1),('202',4,'202','815',NULL,'VAP_Company_Approval_Process:1:4',NULL,'OfflineCertificationNDA',0,0,1),('217',2,'217','817',NULL,'VAP_Product_Approval_Process:3:504',NULL,'DeviceMarketingReviewApprove_ParallelGateway',0,0,1),('231',1,'217',NULL,'217','VAP_Product_Approval_Process:3:504',NULL,'ExportCompliance',1,1,0),('232',1,'217',NULL,'217','VAP_Product_Approval_Process:3:504',NULL,'ProductInfoUpload',1,1,0),('239',3,'239','819',NULL,'VAP_Company_Approval_Process:3:505',NULL,'CertificationNDA_ParallelGateway',0,0,1),('342',3,'342','821',NULL,'VAP_Company_Approval_Process:3:505',NULL,'CertificationNDA_ParallelGateway',0,0,1),('7',6,'7','813',NULL,'VAP_Company_Approval_Process:1:4',NULL,'OfflineCertificationNDA',0,0,1),('805',1,'342',NULL,'342','VAP_Company_Approval_Process:3:505',NULL,'CertificationNDA',1,1,0),('806',1,'342',NULL,'342','VAP_Company_Approval_Process:3:505',NULL,'OfflineCertificationNDA',1,1,0),('816',1,'239',NULL,'239','VAP_Company_Approval_Process:3:505',NULL,'CertificationNDA',1,1,0),('817',1,'239',NULL,'239','VAP_Company_Approval_Process:3:505',NULL,'OfflineCertificationNDA',1,1,0);

UNLOCK TABLES;

/*Table structure for table `ACT_RU_IDENTITYLINK` */

DROP TABLE IF EXISTS `ACT_RU_IDENTITYLINK`;

CREATE TABLE `ACT_RU_IDENTITYLINK` (
  `ID_` varchar(64) collate utf8_bin NOT NULL default '',
  `REV_` int(11) default NULL,
  `GROUP_ID_` varchar(64) collate utf8_bin default NULL,
  `TYPE_` varchar(255) collate utf8_bin default NULL,
  `USER_ID_` varchar(64) collate utf8_bin default NULL,
  `TASK_ID_` varchar(64) collate utf8_bin default NULL,
  PRIMARY KEY  (`ID_`),
  KEY `ACT_IDX_IDENT_LNK_USER` (`USER_ID_`),
  KEY `ACT_IDX_IDENT_LNK_GROUP` (`GROUP_ID_`),
  KEY `ACT_FK_TSKASS_TASK` (`TASK_ID_`),
  CONSTRAINT `ACT_FK_TSKASS_TASK` FOREIGN KEY (`TASK_ID_`) REFERENCES `ACT_RU_TASK` (`ID_`)
) ENGINE=InnoDB DEFAULT CHARSET=utf8 COLLATE=utf8_bin;

/*Data for the table `ACT_RU_IDENTITYLINK` */

LOCK TABLES `ACT_RU_IDENTITYLINK` WRITE;

UNLOCK TABLES;

/*Table structure for table `ACT_RU_JOB` */

DROP TABLE IF EXISTS `ACT_RU_JOB`;

CREATE TABLE `ACT_RU_JOB` (
  `ID_` varchar(64) collate utf8_bin NOT NULL,
  `REV_` int(11) default NULL,
  `TYPE_` varchar(255) collate utf8_bin NOT NULL,
  `LOCK_EXP_TIME_` timestamp NOT NULL default CURRENT_TIMESTAMP on update CURRENT_TIMESTAMP,
  `LOCK_OWNER_` varchar(255) collate utf8_bin default NULL,
  `EXCLUSIVE_` tinyint(1) default NULL,
  `EXECUTION_ID_` varchar(64) collate utf8_bin default NULL,
  `PROCESS_INSTANCE_ID_` varchar(64) collate utf8_bin default NULL,
  `RETRIES_` int(11) default NULL,
  `EXCEPTION_STACK_ID_` varchar(64) collate utf8_bin default NULL,
  `EXCEPTION_MSG_` varchar(4000) collate utf8_bin default NULL,
  `DUEDATE_` timestamp NULL default NULL,
  `REPEAT_` varchar(255) collate utf8_bin default NULL,
  `HANDLER_TYPE_` varchar(255) collate utf8_bin default NULL,
  `HANDLER_CFG_` varchar(4000) collate utf8_bin default NULL,
  PRIMARY KEY  (`ID_`),
  KEY `ACT_FK_JOB_EXCEPTION` (`EXCEPTION_STACK_ID_`),
  CONSTRAINT `ACT_FK_JOB_EXCEPTION` FOREIGN KEY (`EXCEPTION_STACK_ID_`) REFERENCES `ACT_GE_BYTEARRAY` (`ID_`)
) ENGINE=InnoDB DEFAULT CHARSET=utf8 COLLATE=utf8_bin;

/*Data for the table `ACT_RU_JOB` */

LOCK TABLES `ACT_RU_JOB` WRITE;

UNLOCK TABLES;

/*Table structure for table `ACT_RU_TASK` */

DROP TABLE IF EXISTS `ACT_RU_TASK`;

CREATE TABLE `ACT_RU_TASK` (
  `ID_` varchar(64) collate utf8_bin NOT NULL default '',
  `REV_` int(11) default NULL,
  `EXECUTION_ID_` varchar(64) collate utf8_bin default NULL,
  `PROC_INST_ID_` varchar(64) collate utf8_bin default NULL,
  `PROC_DEF_ID_` varchar(64) collate utf8_bin default NULL,
  `NAME_` varchar(255) collate utf8_bin default NULL,
  `PARENT_TASK_ID_` varchar(64) collate utf8_bin default NULL,
  `DESCRIPTION_` varchar(4000) collate utf8_bin default NULL,
  `TASK_DEF_KEY_` varchar(255) collate utf8_bin default NULL,
  `OWNER_` varchar(64) collate utf8_bin default NULL,
  `ASSIGNEE_` varchar(64) collate utf8_bin default NULL,
  `DELEGATION_` varchar(64) collate utf8_bin default NULL,
  `PRIORITY_` int(11) default NULL,
  `CREATE_TIME_` timestamp NOT NULL default CURRENT_TIMESTAMP on update CURRENT_TIMESTAMP,
  `DUE_DATE_` datetime default NULL,
  PRIMARY KEY  (`ID_`),
  KEY `ACT_IDX_TASK_CREATE` (`CREATE_TIME_`),
  KEY `ACT_FK_TASK_EXE` (`EXECUTION_ID_`),
  KEY `ACT_FK_TASK_PROCINST` (`PROC_INST_ID_`),
  KEY `ACT_FK_TASK_PROCDEF` (`PROC_DEF_ID_`),
  CONSTRAINT `ACT_FK_TASK_EXE` FOREIGN KEY (`EXECUTION_ID_`) REFERENCES `ACT_RU_EXECUTION` (`ID_`),
  CONSTRAINT `ACT_FK_TASK_PROCDEF` FOREIGN KEY (`PROC_DEF_ID_`) REFERENCES `ACT_RE_PROCDEF` (`ID_`),
  CONSTRAINT `ACT_FK_TASK_PROCINST` FOREIGN KEY (`PROC_INST_ID_`) REFERENCES `ACT_RU_EXECUTION` (`ID_`)
) ENGINE=InnoDB DEFAULT CHARSET=utf8 COLLATE=utf8_bin;

/*Data for the table `ACT_RU_TASK` */

LOCK TABLES `ACT_RU_TASK` WRITE;

insert  into `ACT_RU_TASK`(`ID_`,`REV_`,`EXECUTION_ID_`,`PROC_INST_ID_`,`PROC_DEF_ID_`,`NAME_`,`PARENT_TASK_ID_`,`DESCRIPTION_`,`TASK_DEF_KEY_`,`OWNER_`,`ASSIGNEE_`,`DELEGATION_`,`PRIORITY_`,`CREATE_TIME_`,`DUE_DATE_`) values ('1126',2,'1102','1102','VAP_Company_Approval_Process:3:505','OfflineCertificationNDA',NULL,'Certification/NDA','OfflineCertificationNDA',NULL,NULL,NULL,50,'2013-12-11 11:55:39',NULL),('235',1,'231','217','VAP_Product_Approval_Process:3:504','ExportCompliance',NULL,'ExportCompliance','ExportCompliance',NULL,NULL,NULL,50,'2013-10-11 08:15:39',NULL),('238',1,'232','217','VAP_Product_Approval_Process:3:504','ProductInfoUpload',NULL,'ProductInfoUpload','ProductInfoUpload',NULL,NULL,NULL,50,'2013-10-11 08:15:39',NULL),('330',2,'7','7','VAP_Company_Approval_Process:1:4','OfflineCertificationNDA',NULL,'Certification/NDA','OfflineCertificationNDA',NULL,NULL,NULL,50,'2013-09-26 05:19:08',NULL),('341',2,'202','202','VAP_Company_Approval_Process:1:4','OfflineCertificationNDA',NULL,'Certification/NDA','OfflineCertificationNDA',NULL,NULL,NULL,50,'2013-09-26 05:19:14',NULL),('809',1,'805','342','VAP_Company_Approval_Process:3:505','CertificationNDA',NULL,'Certification/NDA','CertificationNDA',NULL,NULL,NULL,50,'2013-11-05 09:57:05',NULL),('812',1,'806','342','VAP_Company_Approval_Process:3:505','OfflineCertificationNDA',NULL,'Certification/NDA','OfflineCertificationNDA',NULL,NULL,NULL,50,'2013-11-05 09:57:05',NULL),('820',1,'816','239','VAP_Company_Approval_Process:3:505','CertificationNDA',NULL,'Certification/NDA','CertificationNDA',NULL,NULL,NULL,50,'2013-11-05 09:57:05',NULL),('823',1,'817','239','VAP_Company_Approval_Process:3:505','OfflineCertificationNDA',NULL,'Certification/NDA','OfflineCertificationNDA',NULL,NULL,NULL,50,'2013-11-05 09:57:05',NULL);

UNLOCK TABLES;

/*Table structure for table `ACT_RU_VARIABLE` */

DROP TABLE IF EXISTS `ACT_RU_VARIABLE`;

CREATE TABLE `ACT_RU_VARIABLE` (
  `ID_` varchar(64) collate utf8_bin NOT NULL,
  `REV_` int(11) default NULL,
  `TYPE_` varchar(255) collate utf8_bin NOT NULL,
  `NAME_` varchar(255) collate utf8_bin NOT NULL,
  `EXECUTION_ID_` varchar(64) collate utf8_bin default NULL,
  `PROC_INST_ID_` varchar(64) collate utf8_bin default NULL,
  `TASK_ID_` varchar(64) collate utf8_bin default NULL,
  `BYTEARRAY_ID_` varchar(64) collate utf8_bin default NULL,
  `DOUBLE_` double default NULL,
  `LONG_` bigint(20) default NULL,
  `TEXT_` varchar(4000) collate utf8_bin default NULL,
  `TEXT2_` varchar(4000) collate utf8_bin default NULL,
  PRIMARY KEY  (`ID_`),
  KEY `ACT_FK_VAR_EXE` (`EXECUTION_ID_`),
  KEY `ACT_FK_VAR_PROCINST` (`PROC_INST_ID_`),
  KEY `ACT_FK_VAR_BYTEARRAY` (`BYTEARRAY_ID_`),
  CONSTRAINT `ACT_FK_VAR_BYTEARRAY` FOREIGN KEY (`BYTEARRAY_ID_`) REFERENCES `ACT_GE_BYTEARRAY` (`ID_`),
  CONSTRAINT `ACT_FK_VAR_EXE` FOREIGN KEY (`EXECUTION_ID_`) REFERENCES `ACT_RU_EXECUTION` (`ID_`),
  CONSTRAINT `ACT_FK_VAR_PROCINST` FOREIGN KEY (`PROC_INST_ID_`) REFERENCES `ACT_RU_EXECUTION` (`ID_`)
) ENGINE=InnoDB DEFAULT CHARSET=utf8 COLLATE=utf8_bin;

/*Data for the table `ACT_RU_VARIABLE` */

LOCK TABLES `ACT_RU_VARIABLE` WRITE;

insert  into `ACT_RU_VARIABLE`(`ID_`,`REV_`,`TYPE_`,`NAME_`,`EXECUTION_ID_`,`PROC_INST_ID_`,`TASK_ID_`,`BYTEARRAY_ID_`,`DOUBLE_`,`LONG_`,`TEXT_`,`TEXT2_`) values ('10',4,'string','_VAP_WORKFLOW_LOGGED_USER','7','7',NULL,NULL,NULL,NULL,'eugene.ovi',NULL),('1103',1,'integer','_VAP_WORKFLOW_BUSINESS_KEY','1102','1102',NULL,NULL,NULL,823,'823',NULL),('1104',1,'string','_VAP_WORKFLOW_COMMENT_VAR','1102','1102',NULL,NULL,NULL,NULL,'',NULL),('1105',3,'string','_VAP_WORKFLOW_LOGGED_USER','1102','1102',NULL,NULL,NULL,NULL,'yannis.live',NULL),('1110',2,'string','decision','1102','1102',NULL,NULL,NULL,NULL,'Accept Agreement',NULL),('15',4,'string','decision','7','7',NULL,NULL,NULL,NULL,'Accept Agreement',NULL),('203',1,'integer','_VAP_WORKFLOW_BUSINESS_KEY','202','202',NULL,NULL,NULL,815,'815',NULL),('204',3,'string','_VAP_WORKFLOW_COMMENT_VAR','202','202',NULL,NULL,NULL,NULL,'',NULL),('205',3,'string','_VAP_WORKFLOW_LOGGED_USER','202','202',NULL,NULL,NULL,NULL,'aleung',NULL),('218',1,'integer','_VAP_WORKFLOW_BUSINESS_KEY','217','217',NULL,NULL,NULL,817,'817',NULL),('219',2,'string','_VAP_WORKFLOW_COMMENT_VAR','217','217',NULL,NULL,NULL,NULL,'Approved with questions ...',NULL),('220',2,'string','_VAP_WORKFLOW_LOGGED_USER','217','217',NULL,NULL,NULL,NULL,'youngeu',NULL),('225',1,'string','productSubmissionType','217','217',NULL,NULL,NULL,NULL,'Product (existing physical product)',NULL),('226',1,'string','decision','217','217',NULL,NULL,NULL,NULL,'Approve',NULL),('240',1,'integer','_VAP_WORKFLOW_BUSINESS_KEY','239','239',NULL,NULL,NULL,819,'819',NULL),('241',1,'string','_VAP_WORKFLOW_COMMENT_VAR','239','239',NULL,NULL,NULL,NULL,'',NULL),('242',2,'string','_VAP_WORKFLOW_LOGGED_USER','239','239',NULL,NULL,NULL,NULL,'youngeu',NULL),('303',2,'string','decision','202','202',NULL,NULL,NULL,NULL,'Accept Agreement',NULL),('343',1,'integer','_VAP_WORKFLOW_BUSINESS_KEY','342','342',NULL,NULL,NULL,821,'821',NULL),('344',1,'string','_VAP_WORKFLOW_COMMENT_VAR','342','342',NULL,NULL,NULL,NULL,'',NULL),('345',2,'string','_VAP_WORKFLOW_LOGGED_USER','342','342',NULL,NULL,NULL,NULL,'youngeu',NULL),('350',1,'string','decision','239','239',NULL,NULL,NULL,NULL,'Approve',NULL),('357',1,'string','decision','342','342',NULL,NULL,NULL,NULL,'Approve',NULL),('8',1,'integer','_VAP_WORKFLOW_BUSINESS_KEY','7','7',NULL,NULL,NULL,813,'813',NULL),('9',3,'string','_VAP_WORKFLOW_COMMENT_VAR','7','7',NULL,NULL,NULL,NULL,'',NULL);

UNLOCK TABLES;

/*Table structure for table `vap_application_properties` */

DROP TABLE IF EXISTS `vap_application_properties`;

CREATE TABLE `vap_application_properties` (
  `property_id` int(10) unsigned NOT NULL auto_increment,
  `type` varchar(250) character set latin1 NOT NULL,
  `name` varchar(250) character set latin1 NOT NULL,
  `value` varchar(2000) character set latin1 default NULL,
  `sort_order` int(11) unsigned NOT NULL default '0',
  `created_date` datetime default NULL,
  `created_by` varchar(50) character set latin1 default NULL,
  `updated_date` datetime default NULL,
  `updated_by` varchar(50) character set latin1 default NULL,
  `is_active` varchar(1) character set latin1 default '1',
  PRIMARY KEY  (`property_id`),
  UNIQUE KEY `uk_name` (`name`)
) ENGINE=InnoDB AUTO_INCREMENT=1308 DEFAULT CHARSET=utf8;

/*Data for the table `vap_application_properties` */

LOCK TABLES `vap_application_properties` WRITE;

insert  into `vap_application_properties`(`property_id`,`type`,`name`,`value`,`sort_order`,`created_date`,`created_by`,`updated_date`,`updated_by`,`is_active`) values (1,'ACCESS_CONTROL_METADATA','/signin.do','IS_AUTHENTICATED_ANONYMOUSLY',0,'2012-12-05 00:00:00','system','2012-12-05 00:00:00','system','1'),(2,'ACCESS_CONTROL_METADATA','/secure','IS_AUTHENTICATED_FULLY',0,'2012-12-05 00:00:00','system','2012-12-05 00:00:00','system','1'),(3,'ACCESS_CONTROL_METADATA','/company/registration.do','ROLE_PARTNER_USER',0,'2012-12-05 00:00:00','system','2012-12-05 00:00:00','system','1'),(4,'ACCESS_CONTROL_METADATA','default','IS_AUTHENTICATED_ANONYMOUSLY',0,'2012-12-05 00:00:00','system','2012-12-05 00:00:00','system','1'),(5,'APPLICATION_PROPERTY','authentication.failure.redirect.url','/signin.do?error=true',0,'2012-12-05 00:00:00','system','2012-12-05 00:00:00','system','1'),(6,'APPLICATION_PROPERTY','vap.email.host','mail.netpace.com',1,'2012-12-12 10:29:45','SYSTEM','2012-12-12 10:29:45','SYSTEM','1'),(9,'APPLICATION_PROPERTY','vap.notification.email.from','smartnoreply@netpace.com',1,'2012-12-12 10:29:45','SYSTEM','2012-12-12 10:29:45','SYSTEM','1'),(10,'APPLICATION_PROPERTY','vap.notification.email.to','vsap.notifications@gmail.com',1,'2012-12-12 10:29:45','SYSTEM','2012-12-12 10:29:45','SYSTEM','1'),(11,'APPLICATION_PROPERTY','password.reset.link','resetPassword.do',1,'2012-12-12 10:29:45','SYSTEM','2012-12-12 10:29:45','SYSTEM','1'),(12,'ACCESS_CONTROL_METADATA','/forgotUsername.do','IS_AUTHENTICATED_ANONYMOUSLY',1,'2012-12-12 11:07:26','SYSTEM','2012-12-12 11:07:26','SYSTEM','1'),(13,'ACCESS_CONTROL_METADATA','/forgotPassword.do','IS_AUTHENTICATED_ANONYMOUSLY',1,'2012-12-12 11:07:26','SYSTEM','2012-12-12 11:07:26','SYSTEM','1'),(14,'ACCESS_CONTROL_METADATA','/accountVerificationConfirmation.do','IS_AUTHENTICATED_ANONYMOUSLY',1,'2012-12-12 11:09:21','SYSTEM','2012-12-12 11:09:21','SYSTEM','1'),(15,'ACCESS_CONTROL_METADATA','/resetPassword.do','IS_AUTHENTICATED_ANONYMOUSLY',1,'2012-12-12 11:09:21','SYSTEM','2012-12-12 11:09:21','SYSTEM','1'),(16,'ACCESS_CONTROL_METADATA','/submitPasswordReset.do','IS_AUTHENTICATED_ANONYMOUSLY',1,'2012-12-12 11:09:21','SYSTEM','2012-12-12 11:09:21','SYSTEM','1'),(17,'ACCESS_CONTROL_METADATA','/logout.do','IS_AUTHENTICATED_ANONYMOUSLY',0,'2012-12-12 15:00:14','SYSTEM','2012-12-12 15:00:14','SYSTEM','1'),(18,'ACCESS_CONTROL_METADATA','/registration.do','IS_AUTHENTICATED_ANONYMOUSLY',0,'2012-12-12 15:20:17','SYSTEM','2012-12-12 15:20:17','SYSTEM','1'),(19,'ACCESS_CONTROL_METADATA','/processRegistration.do','IS_AUTHENTICATED_ANONYMOUSLY',0,'2012-12-12 15:22:26','SYSTEM','2012-12-12 15:22:26','SYSTEM','1'),(20,'ACCESS_CONTROL_METADATA','/activation.do','IS_AUTHENTICATED_ANONYMOUSLY',0,'2012-12-12 15:23:01','SYSTEM','2012-12-12 15:23:01','SYSTEM','1'),(21,'ACCESS_CONTROL_METADATA','/secure/profile.do','IS_AUTHENTICATED_FULLY',0,'2012-12-12 16:14:17','SYSTEM','2012-12-12 16:14:17','SYSTEM','1'),(22,'APPLICATION_PROPERTY','vap.workflow.name.one','CompanyApprovalWorkflow.bpmn20.xml',0,'2012-12-05 00:00:00','system','2012-12-05 00:00:00','system','1'),(30,'APPLICATION_PROPERTY','vap.displaylist.page.size','10',0,'2013-05-08 13:09:07','system','2013-05-08 13:09:07','system','1'),(31,'ACCESS_CONTROL_METADATA','/activateuserview.do','IS_AUTHENTICATED_ANONYMOUSLY',0,'2012-12-05 00:00:00','system','2012-12-05 00:00:00','system','1'),(32,'ACCESS_CONTROL_METADATA','/activateuser.do','IS_AUTHENTICATED_ANONYMOUSLY',0,'2012-12-05 00:00:00','system','2012-12-05 00:00:00','system','1'),(33,'ACCESS_CONTROL_METADATA','/activateuserconfirm.do','IS_AUTHENTICATED_ANONYMOUSLY',0,'2012-12-05 00:00:00','system','2012-12-05 00:00:00','system','1'),(34,'APPLICATION_PROPERTY','redirect.to.edit.company.on.roles','ROLE_SUPER_ADMIN,ROLE_PARTNER_USER,ROLE_DEVICE_MARKETING,ROLE_VERIZON_SYSTEM_ADMIN',0,'2013-05-30 16:16:14','SYSTEM','2013-05-30 16:16:14','SYSTEM','1'),(35,'ACCESS_CONTROL_METADATA','/company/registercompany.do','ROLE_PARTNER_USER',0,'2012-12-05 00:00:00','system','2012-12-05 00:00:00','system','1'),(36,'ACCESS_CONTROL_METADATA','/company/asktojoin.do','ROLE_PARTNER_USER',0,'2012-12-05 00:00:00','system','2012-12-05 00:00:00','system','1'),(37,'APPLICATION_PROPERTY','vap.notification.env','PROD',1,'2012-12-12 10:29:45','SYSTEM','2012-12-12 10:29:45','SYSTEM','1'),(38,'APPLICATION_PROPERTY','vap.notification.env.dev.sendto','vsap.notifications@gmail.com',1,'2012-12-12 10:29:45','SYSTEM','2012-12-12 10:29:45','SYSTEM','1'),(39,'APPLICATION_PROPERTY','process.notificaitons.eagerly','true',0,'2013-07-30 13:03:41','SYSTEM','2013-07-30 13:03:41','SYSTEM','1'),(40,'APPLICATION_PROPERTY','email.verizon.admin','verizon.admin@verizonwireless.com',0,'2013-07-30 00:00:00','SYSTEM','2013-07-30 00:00:00','SYSTEM','1'),(41,'APPLICATION_PROPERTY','activation.expires.in.days','5',0,'2013-07-30 00:00:00','SYSTEM','2013-07-30 00:00:00','SYSTEM','1'),(42,'ACCESS_CONTROL_METADATA','/registration/expired/activations/delete.do','IS_AUTHENTICATED_ANONYMOUSLY',0,'2013-07-30 00:00:00','SYSTEM','2013-07-30 00:00:00','SYSTEM','1'),(43,'APPLICATION_PROPERTY','suspend.or.unsuspend.company.on.roles','ROLE_SUPER_ADMIN,ROLE_VERIZON_SYSTEM_ADMIN,ROLE_OFAC',0,'2013-08-14 00:00:00','SYSTEM','2013-08-14 00:00:00','SYSTEM','1'),(44,'APPLICATION_PROPERTY','edit.notification.on.roles','ROLE_SUPER_ADMIN',0,'2013-08-16 00:00:00','SYSTEM','2013-08-16 00:00:00','SYSTEM','1'),(45,'APPLICATION_PROPERTY','process.notificaitons.batch.limit','10',0,'2013-08-19 10:39:09','SYSTEM','2013-08-19 10:39:09','SYSTEM','1'),(1001,'COUNTRIES','Afghanistan','Afghanistan',1,'2012-12-05 00:00:00','SYSTEM','2012-12-05 00:00:00','SYSTEM','1'),(1002,'COUNTRIES','Aringland Islands','Aringland Islands',2,'2012-12-05 00:00:00','SYSTEM','2012-12-05 00:00:00','SYSTEM','1'),(1003,'COUNTRIES','Albania','Albania',3,'2012-12-05 00:00:00','SYSTEM','2012-12-05 00:00:00','SYSTEM','1'),(1004,'COUNTRIES','Algeria','Algeria',4,'2012-12-05 00:00:00','SYSTEM','2012-12-05 00:00:00','SYSTEM','1'),(1005,'COUNTRIES','American Samoa','American Samoa',5,'2012-12-05 00:00:00','SYSTEM','2012-12-05 00:00:00','SYSTEM','1'),(1006,'COUNTRIES','Andorra','Andorra',6,'2012-12-05 00:00:00','SYSTEM','2012-12-05 00:00:00','SYSTEM','1'),(1007,'COUNTRIES','Angola','Angola',7,'2012-12-05 00:00:00','SYSTEM','2012-12-05 00:00:00','SYSTEM','1'),(1008,'COUNTRIES','Anguilla','Anguilla',8,'2012-12-05 00:00:00','SYSTEM','2012-12-05 00:00:00','SYSTEM','1'),(1009,'COUNTRIES','Antarctica','Antarctica',9,'2012-12-05 00:00:00','SYSTEM','2012-12-05 00:00:00','SYSTEM','1'),(1010,'COUNTRIES','Antigua and Barbuda','Antigua and Barbuda',10,'2012-12-05 00:00:00','SYSTEM','2012-12-05 00:00:00','SYSTEM','1'),(1011,'COUNTRIES','Argentina','Argentina',11,'2012-12-05 00:00:00','SYSTEM','2012-12-05 00:00:00','SYSTEM','1'),(1012,'COUNTRIES','Armenia','Armenia',12,'2012-12-05 00:00:00','SYSTEM','2012-12-05 00:00:00','SYSTEM','1'),(1013,'COUNTRIES','Aruba','Aruba',13,'2012-12-05 00:00:00','SYSTEM','2012-12-05 00:00:00','SYSTEM','1'),(1014,'COUNTRIES','Australia','Australia',14,'2012-12-05 00:00:00','SYSTEM','2012-12-05 00:00:00','SYSTEM','1'),(1015,'COUNTRIES','Austria','Austria',15,'2012-12-05 00:00:00','SYSTEM','2012-12-05 00:00:00','SYSTEM','1'),(1016,'COUNTRIES','Azerbaijan','Azerbaijan',16,'2012-12-05 00:00:00','SYSTEM','2012-12-05 00:00:00','SYSTEM','1'),(1017,'COUNTRIES','Bahamas','Bahamas',17,'2012-12-05 00:00:00','SYSTEM','2012-12-05 00:00:00','SYSTEM','1'),(1018,'COUNTRIES','Bahrain','Bahrain',18,'2012-12-05 00:00:00','SYSTEM','2012-12-05 00:00:00','SYSTEM','1'),(1019,'COUNTRIES','Bangladesh','Bangladesh',19,'2012-12-05 00:00:00','SYSTEM','2012-12-05 00:00:00','SYSTEM','1'),(1020,'COUNTRIES','Barbados','Barbados',20,'2012-12-05 00:00:00','SYSTEM','2012-12-05 00:00:00','SYSTEM','1'),(1021,'COUNTRIES','Belgium','Belgium',21,'2012-12-05 00:00:00','SYSTEM','2012-12-05 00:00:00','SYSTEM','1'),(1022,'COUNTRIES','Belize','Belize',22,'2012-12-05 00:00:00','SYSTEM','2012-12-05 00:00:00','SYSTEM','1'),(1023,'COUNTRIES','Benin','Benin',23,'2012-12-05 00:00:00','SYSTEM','2012-12-05 00:00:00','SYSTEM','1'),(1024,'COUNTRIES','Bermuda','Bermuda',24,'2012-12-05 00:00:00','SYSTEM','2012-12-05 00:00:00','SYSTEM','1'),(1025,'COUNTRIES','Bhutan','Bhutan',25,'2012-12-05 00:00:00','SYSTEM','2012-12-05 00:00:00','SYSTEM','1'),(1026,'COUNTRIES','Bolivia','Bolivia',26,'2012-12-05 00:00:00','SYSTEM','2012-12-05 00:00:00','SYSTEM','1'),(1027,'COUNTRIES','Bosnia and Herzegovina','Bosnia and Herzegovina',27,'2012-12-05 00:00:00','SYSTEM','2012-12-05 00:00:00','SYSTEM','1'),(1028,'COUNTRIES','Botswana','Botswana',28,'2012-12-05 00:00:00','SYSTEM','2012-12-05 00:00:00','SYSTEM','1'),(1029,'COUNTRIES','Bouvet Island','Bouvet Island',29,'2012-12-05 00:00:00','SYSTEM','2012-12-05 00:00:00','SYSTEM','1'),(1030,'COUNTRIES','Brazil','Brazil',30,'2012-12-05 00:00:00','SYSTEM','2012-12-05 00:00:00','SYSTEM','1'),(1031,'COUNTRIES','British Indian Ocean territory','British Indian Ocean territory',31,'2012-12-05 00:00:00','SYSTEM','2012-12-05 00:00:00','SYSTEM','1'),(1032,'COUNTRIES','Brunei Darussalam','Brunei Darussalam',32,'2012-12-05 00:00:00','SYSTEM','2012-12-05 00:00:00','SYSTEM','1'),(1033,'COUNTRIES','Bulgaria','Bulgaria',33,'2012-12-05 00:00:00','SYSTEM','2012-12-05 00:00:00','SYSTEM','1'),(1034,'COUNTRIES','Burkina Faso','Burkina Faso',34,'2012-12-05 00:00:00','SYSTEM','2012-12-05 00:00:00','SYSTEM','1'),(1035,'COUNTRIES','Burundi','Burundi',35,'2012-12-05 00:00:00','SYSTEM','2012-12-05 00:00:00','SYSTEM','1'),(1036,'COUNTRIES','Cambodia','Cambodia',36,'2012-12-05 00:00:00','SYSTEM','2012-12-05 00:00:00','SYSTEM','1'),(1037,'COUNTRIES','Cameroon','Cameroon',37,'2012-12-05 00:00:00','SYSTEM','2012-12-05 00:00:00','SYSTEM','1'),(1038,'COUNTRIES','Canada','Canada',38,'2012-12-05 00:00:00','SYSTEM','2012-12-05 00:00:00','SYSTEM','1'),(1039,'COUNTRIES','Cape Verde','Cape Verde',39,'2012-12-05 00:00:00','SYSTEM','2012-12-05 00:00:00','SYSTEM','1'),(1040,'COUNTRIES','Cayman Islands','Cayman Islands',40,'2012-12-05 00:00:00','SYSTEM','2012-12-05 00:00:00','SYSTEM','1'),(1041,'COUNTRIES','Central African Republic','Central African Republic',41,'2012-12-05 00:00:00','SYSTEM','2012-12-05 00:00:00','SYSTEM','1'),(1042,'COUNTRIES','Chad','Chad',42,'2012-12-05 00:00:00','SYSTEM','2012-12-05 00:00:00','SYSTEM','1'),(1043,'COUNTRIES','Chile','Chile',43,'2012-12-05 00:00:00','SYSTEM','2012-12-05 00:00:00','SYSTEM','1'),(1044,'COUNTRIES','China','China',44,'2012-12-05 00:00:00','SYSTEM','2012-12-05 00:00:00','SYSTEM','1'),(1045,'COUNTRIES','Christmas Island','Christmas Island',45,'2012-12-05 00:00:00','SYSTEM','2012-12-05 00:00:00','SYSTEM','1'),(1046,'COUNTRIES','Cocos (Keeling) Islands','Cocos (Keeling) Islands',46,'2012-12-05 00:00:00','SYSTEM','2012-12-05 00:00:00','SYSTEM','1'),(1047,'COUNTRIES','Colombia','Colombia',47,'2012-12-05 00:00:00','SYSTEM','2012-12-05 00:00:00','SYSTEM','1'),(1048,'COUNTRIES','Comoros','Comoros',48,'2012-12-05 00:00:00','SYSTEM','2012-12-05 00:00:00','SYSTEM','1'),(1049,'COUNTRIES','Congo','Congo',49,'2012-12-05 00:00:00','SYSTEM','2012-12-05 00:00:00','SYSTEM','1'),(1050,'COUNTRIES','Cook Islands','Cook Islands',50,'2012-12-05 00:00:00','SYSTEM','2012-12-05 00:00:00','SYSTEM','1'),(1051,'COUNTRIES','Costa Rica','Costa Rica',51,'2012-12-05 00:00:00','SYSTEM','2012-12-05 00:00:00','SYSTEM','1'),(1052,'COUNTRIES','Croatia (Hrvatska)','Croatia (Hrvatska)',52,'2012-12-05 00:00:00','SYSTEM','2012-12-05 00:00:00','SYSTEM','1'),(1053,'COUNTRIES','Cyprus','Cyprus',53,'2012-12-05 00:00:00','SYSTEM','2012-12-05 00:00:00','SYSTEM','1'),(1054,'COUNTRIES','Czech Republic','Czech Republic',54,'2012-12-05 00:00:00','SYSTEM','2012-12-05 00:00:00','SYSTEM','1'),(1055,'COUNTRIES','Denmark','Denmark',55,'2012-12-05 00:00:00','SYSTEM','2012-12-05 00:00:00','SYSTEM','1'),(1056,'COUNTRIES','Djibouti','Djibouti',56,'2012-12-05 00:00:00','SYSTEM','2012-12-05 00:00:00','SYSTEM','1'),(1057,'COUNTRIES','Dominica','Dominica',57,'2012-12-05 00:00:00','SYSTEM','2012-12-05 00:00:00','SYSTEM','1'),(1058,'COUNTRIES','Dominican Republic','Dominican Republic',58,'2012-12-05 00:00:00','SYSTEM','2012-12-05 00:00:00','SYSTEM','1'),(1059,'COUNTRIES','East Timor','East Timor',59,'2012-12-05 00:00:00','SYSTEM','2012-12-05 00:00:00','SYSTEM','1'),(1060,'COUNTRIES','Ecuador','Ecuador',60,'2012-12-05 00:00:00','SYSTEM','2012-12-05 00:00:00','SYSTEM','1'),(1061,'COUNTRIES','Egypt','Egypt',61,'2012-12-05 00:00:00','SYSTEM','2012-12-05 00:00:00','SYSTEM','1'),(1062,'COUNTRIES','El Salvador','El Salvador',62,'2012-12-05 00:00:00','SYSTEM','2012-12-05 00:00:00','SYSTEM','1'),(1063,'COUNTRIES','Equatorial Guinea','Equatorial Guinea',63,'2012-12-05 00:00:00','SYSTEM','2012-12-05 00:00:00','SYSTEM','1'),(1064,'COUNTRIES','Eritrea','Eritrea',64,'2012-12-05 00:00:00','SYSTEM','2012-12-05 00:00:00','SYSTEM','1'),(1065,'COUNTRIES','Estonia','Estonia',65,'2012-12-05 00:00:00','SYSTEM','2012-12-05 00:00:00','SYSTEM','1'),(1066,'COUNTRIES','Ethiopia','Ethiopia',66,'2012-12-05 00:00:00','SYSTEM','2012-12-05 00:00:00','SYSTEM','1'),(1067,'COUNTRIES','Falkland Islands','Falkland Islands',67,'2012-12-05 00:00:00','SYSTEM','2012-12-05 00:00:00','SYSTEM','1'),(1068,'COUNTRIES','Faroe Islands','Faroe Islands',68,'2012-12-05 00:00:00','SYSTEM','2012-12-05 00:00:00','SYSTEM','1'),(1069,'COUNTRIES','Fiji','Fiji',69,'2012-12-05 00:00:00','SYSTEM','2012-12-05 00:00:00','SYSTEM','1'),(1070,'COUNTRIES','Finland','Finland',70,'2012-12-05 00:00:00','SYSTEM','2012-12-05 00:00:00','SYSTEM','1'),(1071,'COUNTRIES','France','France',71,'2012-12-05 00:00:00','SYSTEM','2012-12-05 00:00:00','SYSTEM','1'),(1072,'COUNTRIES','French Guiana','French Guiana',72,'2012-12-05 00:00:00','SYSTEM','2012-12-05 00:00:00','SYSTEM','1'),(1073,'COUNTRIES','French Polynesia','French Polynesia',73,'2012-12-05 00:00:00','SYSTEM','2012-12-05 00:00:00','SYSTEM','1'),(1074,'COUNTRIES','French Southern Territories','French Southern Territories',74,'2012-12-05 00:00:00','SYSTEM','2012-12-05 00:00:00','SYSTEM','1'),(1075,'COUNTRIES','Gabon','Gabon',75,'2012-12-05 00:00:00','SYSTEM','2012-12-05 00:00:00','SYSTEM','1'),(1076,'COUNTRIES','Gambia','Gambia',76,'2012-12-05 00:00:00','SYSTEM','2012-12-05 00:00:00','SYSTEM','1'),(1077,'COUNTRIES','Georgia','Georgia',77,'2012-12-05 00:00:00','SYSTEM','2012-12-05 00:00:00','SYSTEM','1'),(1078,'COUNTRIES','Germany','Germany',78,'2012-12-05 00:00:00','SYSTEM','2012-12-05 00:00:00','SYSTEM','1'),(1079,'COUNTRIES','Ghana','Ghana',79,'2012-12-05 00:00:00','SYSTEM','2012-12-05 00:00:00','SYSTEM','1'),(1080,'COUNTRIES','Gibraltar','Gibraltar',80,'2012-12-05 00:00:00','SYSTEM','2012-12-05 00:00:00','SYSTEM','1'),(1081,'COUNTRIES','Greece','Greece',81,'2012-12-05 00:00:00','SYSTEM','2012-12-05 00:00:00','SYSTEM','1'),(1082,'COUNTRIES','Greenland','Greenland',82,'2012-12-05 00:00:00','SYSTEM','2012-12-05 00:00:00','SYSTEM','1'),(1083,'COUNTRIES','Grenada','Grenada',83,'2012-12-05 00:00:00','SYSTEM','2012-12-05 00:00:00','SYSTEM','1'),(1084,'COUNTRIES','Guadeloupe','Guadeloupe',84,'2012-12-05 00:00:00','SYSTEM','2012-12-05 00:00:00','SYSTEM','1'),(1085,'COUNTRIES','Guam','Guam',85,'2012-12-05 00:00:00','SYSTEM','2012-12-05 00:00:00','SYSTEM','1'),(1086,'COUNTRIES','Guatemala','Guatemala',86,'2012-12-05 00:00:00','SYSTEM','2012-12-05 00:00:00','SYSTEM','1'),(1087,'COUNTRIES','Guinea','Guinea',87,'2012-12-05 00:00:00','SYSTEM','2012-12-05 00:00:00','SYSTEM','1'),(1088,'COUNTRIES','Guinea-Bissau','Guinea-Bissau',88,'2012-12-05 00:00:00','SYSTEM','2012-12-05 00:00:00','SYSTEM','1'),(1089,'COUNTRIES','Guyana','Guyana',89,'2012-12-05 00:00:00','SYSTEM','2012-12-05 00:00:00','SYSTEM','1'),(1090,'COUNTRIES','Haiti','Haiti',90,'2012-12-05 00:00:00','SYSTEM','2012-12-05 00:00:00','SYSTEM','1'),(1091,'COUNTRIES','Heard and McDonald Islands','Heard and McDonald Islands',91,'2012-12-05 00:00:00','SYSTEM','2012-12-05 00:00:00','SYSTEM','1'),(1092,'COUNTRIES','Honduras','Honduras',92,'2012-12-05 00:00:00','SYSTEM','2012-12-05 00:00:00','SYSTEM','1'),(1093,'COUNTRIES','Hong Kong','Hong Kong',93,'2012-12-05 00:00:00','SYSTEM','2012-12-05 00:00:00','SYSTEM','1'),(1094,'COUNTRIES','Hungary','Hungary',94,'2012-12-05 00:00:00','SYSTEM','2012-12-05 00:00:00','SYSTEM','1'),(1095,'COUNTRIES','Iceland','Iceland',95,'2012-12-05 00:00:00','SYSTEM','2012-12-05 00:00:00','SYSTEM','1'),(1096,'COUNTRIES','India','India',96,'2012-12-05 00:00:00','SYSTEM','2012-12-05 00:00:00','SYSTEM','1'),(1097,'COUNTRIES','Indonesia','Indonesia',97,'2012-12-05 00:00:00','SYSTEM','2012-12-05 00:00:00','SYSTEM','1'),(1098,'COUNTRIES','Ireland','Ireland',98,'2012-12-05 00:00:00','SYSTEM','2012-12-05 00:00:00','SYSTEM','1'),(1099,'COUNTRIES','Israel','Israel',99,'2012-12-05 00:00:00','SYSTEM','2012-12-05 00:00:00','SYSTEM','1'),(1100,'COUNTRIES','Italy','Italy',100,'2012-12-05 00:00:00','SYSTEM','2012-12-05 00:00:00','SYSTEM','1'),(1101,'COUNTRIES','Jamaica','Jamaica',101,'2012-12-05 00:00:00','SYSTEM','2012-12-05 00:00:00','SYSTEM','1'),(1102,'COUNTRIES','Japan','Japan',102,'2012-12-05 00:00:00','SYSTEM','2012-12-05 00:00:00','SYSTEM','1'),(1103,'COUNTRIES','Jordan','Jordan',103,'2012-12-05 00:00:00','SYSTEM','2012-12-05 00:00:00','SYSTEM','1'),(1104,'COUNTRIES','Kazakhstan','Kazakhstan',104,'2012-12-05 00:00:00','SYSTEM','2012-12-05 00:00:00','SYSTEM','1'),(1105,'COUNTRIES','Kenya','Kenya',105,'2012-12-05 00:00:00','SYSTEM','2012-12-05 00:00:00','SYSTEM','1'),(1106,'COUNTRIES','Kiribati','Kiribati',106,'2012-12-05 00:00:00','SYSTEM','2012-12-05 00:00:00','SYSTEM','1'),(1107,'COUNTRIES','Korea (south)','Korea (south)',107,'2012-12-05 00:00:00','SYSTEM','2012-12-05 00:00:00','SYSTEM','1'),(1108,'COUNTRIES','Kuwait','Kuwait',108,'2012-12-05 00:00:00','SYSTEM','2012-12-05 00:00:00','SYSTEM','1'),(1109,'COUNTRIES','Kyrgyzstan','Kyrgyzstan',109,'2012-12-05 00:00:00','SYSTEM','2012-12-05 00:00:00','SYSTEM','1'),(1110,'COUNTRIES','Lao People\'s Democratic Republic','Lao People\'s Democratic Republic',110,'2012-12-05 00:00:00','SYSTEM','2012-12-05 00:00:00','SYSTEM','1'),(1111,'COUNTRIES','Latvia','Latvia',111,'2012-12-05 00:00:00','SYSTEM','2012-12-05 00:00:00','SYSTEM','1'),(1112,'COUNTRIES','Lebanon','Lebanon',112,'2012-12-05 00:00:00','SYSTEM','2012-12-05 00:00:00','SYSTEM','1'),(1113,'COUNTRIES','Lesotho','Lesotho',113,'2012-12-05 00:00:00','SYSTEM','2012-12-05 00:00:00','SYSTEM','1'),(1114,'COUNTRIES','Libyan Arab Jamahiriya','Libyan Arab Jamahiriya',114,'2012-12-05 00:00:00','SYSTEM','2012-12-05 00:00:00','SYSTEM','1'),(1115,'COUNTRIES','Liechtenstein','Liechtenstein',115,'2012-12-05 00:00:00','SYSTEM','2012-12-05 00:00:00','SYSTEM','1'),(1116,'COUNTRIES','Lithuania','Lithuania',116,'2012-12-05 00:00:00','SYSTEM','2012-12-05 00:00:00','SYSTEM','1'),(1117,'COUNTRIES','Luxembourg','Luxembourg',117,'2012-12-05 00:00:00','SYSTEM','2012-12-05 00:00:00','SYSTEM','1'),(1118,'COUNTRIES','Macao','Macao',118,'2012-12-05 00:00:00','SYSTEM','2012-12-05 00:00:00','SYSTEM','1'),(1119,'COUNTRIES','Macedonia','Macedonia',119,'2012-12-05 00:00:00','SYSTEM','2012-12-05 00:00:00','SYSTEM','1'),(1120,'COUNTRIES','Madagascar','Madagascar',120,'2012-12-05 00:00:00','SYSTEM','2012-12-05 00:00:00','SYSTEM','1'),(1121,'COUNTRIES','Malawi','Malawi',121,'2012-12-05 00:00:00','SYSTEM','2012-12-05 00:00:00','SYSTEM','1'),(1122,'COUNTRIES','Malaysia','Malaysia',122,'2012-12-05 00:00:00','SYSTEM','2012-12-05 00:00:00','SYSTEM','1'),(1123,'COUNTRIES','Maldives','Maldives',123,'2012-12-05 00:00:00','SYSTEM','2012-12-05 00:00:00','SYSTEM','1'),(1124,'COUNTRIES','Mali','Mali',124,'2012-12-05 00:00:00','SYSTEM','2012-12-05 00:00:00','SYSTEM','1'),(1125,'COUNTRIES','Malta','Malta',125,'2012-12-05 00:00:00','SYSTEM','2012-12-05 00:00:00','SYSTEM','1'),(1126,'COUNTRIES','Marshall Islands','Marshall Islands',126,'2012-12-05 00:00:00','SYSTEM','2012-12-05 00:00:00','SYSTEM','1'),(1127,'COUNTRIES','Martinique','Martinique',127,'2012-12-05 00:00:00','SYSTEM','2012-12-05 00:00:00','SYSTEM','1'),(1128,'COUNTRIES','Mauritania','Mauritania',128,'2012-12-05 00:00:00','SYSTEM','2012-12-05 00:00:00','SYSTEM','1'),(1129,'COUNTRIES','Mauritius','Mauritius',129,'2012-12-05 00:00:00','SYSTEM','2012-12-05 00:00:00','SYSTEM','1'),(1130,'COUNTRIES','Mayotte','Mayotte',130,'2012-12-05 00:00:00','SYSTEM','2012-12-05 00:00:00','SYSTEM','1'),(1131,'COUNTRIES','Mexico','Mexico',131,'2012-12-05 00:00:00','SYSTEM','2012-12-05 00:00:00','SYSTEM','1'),(1132,'COUNTRIES','Micronesia','Micronesia',132,'2012-12-05 00:00:00','SYSTEM','2012-12-05 00:00:00','SYSTEM','1'),(1133,'COUNTRIES','Moldova','Moldova',133,'2012-12-05 00:00:00','SYSTEM','2012-12-05 00:00:00','SYSTEM','1'),(1134,'COUNTRIES','Monaco','Monaco',134,'2012-12-05 00:00:00','SYSTEM','2012-12-05 00:00:00','SYSTEM','1'),(1135,'COUNTRIES','Mongolia','Mongolia',135,'2012-12-05 00:00:00','SYSTEM','2012-12-05 00:00:00','SYSTEM','1'),(1136,'COUNTRIES','Montenegro','Montenegro',136,'2012-12-05 00:00:00','SYSTEM','2012-12-05 00:00:00','SYSTEM','1'),(1137,'COUNTRIES','Montserrat','Montserrat',137,'2012-12-05 00:00:00','SYSTEM','2012-12-05 00:00:00','SYSTEM','1'),(1138,'COUNTRIES','Morocco','Morocco',138,'2012-12-05 00:00:00','SYSTEM','2012-12-05 00:00:00','SYSTEM','1'),(1139,'COUNTRIES','Mozambique','Mozambique',139,'2012-12-05 00:00:00','SYSTEM','2012-12-05 00:00:00','SYSTEM','1'),(1140,'COUNTRIES','Myanmar','Myanmar',140,'2012-12-05 00:00:00','SYSTEM','2012-12-05 00:00:00','SYSTEM','1'),(1141,'COUNTRIES','Namibia','Namibia',141,'2012-12-05 00:00:00','SYSTEM','2012-12-05 00:00:00','SYSTEM','1'),(1142,'COUNTRIES','Nauru','Nauru',142,'2012-12-05 00:00:00','SYSTEM','2012-12-05 00:00:00','SYSTEM','1'),(1143,'COUNTRIES','Nepal','Nepal',143,'2012-12-05 00:00:00','SYSTEM','2012-12-05 00:00:00','SYSTEM','1'),(1144,'COUNTRIES','Netherlands','Netherlands',144,'2012-12-05 00:00:00','SYSTEM','2012-12-05 00:00:00','SYSTEM','1'),(1145,'COUNTRIES','Netherlands Antilles','Netherlands Antilles',145,'2012-12-05 00:00:00','SYSTEM','2012-12-05 00:00:00','SYSTEM','1'),(1146,'COUNTRIES','New Caledonia','New Caledonia',146,'2012-12-05 00:00:00','SYSTEM','2012-12-05 00:00:00','SYSTEM','1'),(1147,'COUNTRIES','New Zealand','New Zealand',147,'2012-12-05 00:00:00','SYSTEM','2012-12-05 00:00:00','SYSTEM','1'),(1148,'COUNTRIES','Nicaragua','Nicaragua',148,'2012-12-05 00:00:00','SYSTEM','2012-12-05 00:00:00','SYSTEM','1'),(1149,'COUNTRIES','Niger','Niger',149,'2012-12-05 00:00:00','SYSTEM','2012-12-05 00:00:00','SYSTEM','1'),(1150,'COUNTRIES','Nigeria','Nigeria',150,'2012-12-05 00:00:00','SYSTEM','2012-12-05 00:00:00','SYSTEM','1'),(1151,'COUNTRIES','Niue','Niue',151,'2012-12-05 00:00:00','SYSTEM','2012-12-05 00:00:00','SYSTEM','1'),(1152,'COUNTRIES','Norfolk Island','Norfolk Island',152,'2012-12-05 00:00:00','SYSTEM','2012-12-05 00:00:00','SYSTEM','1'),(1153,'COUNTRIES','Northern Mariana Islands','Northern Mariana Islands',153,'2012-12-05 00:00:00','SYSTEM','2012-12-05 00:00:00','SYSTEM','1'),(1154,'COUNTRIES','Norway','Norway',154,'2012-12-05 00:00:00','SYSTEM','2012-12-05 00:00:00','SYSTEM','1'),(1155,'COUNTRIES','Oman','Oman',155,'2012-12-05 00:00:00','SYSTEM','2012-12-05 00:00:00','SYSTEM','1'),(1156,'COUNTRIES','Pakistan','Pakistan',156,'2012-12-05 00:00:00','SYSTEM','2012-12-05 00:00:00','SYSTEM','1'),(1157,'COUNTRIES','Palau','Palau',157,'2012-12-05 00:00:00','SYSTEM','2012-12-05 00:00:00','SYSTEM','1'),(1158,'COUNTRIES','Palestinian Territories','Palestinian Territories',158,'2012-12-05 00:00:00','SYSTEM','2012-12-05 00:00:00','SYSTEM','1'),(1159,'COUNTRIES','Panama','Panama',159,'2012-12-05 00:00:00','SYSTEM','2012-12-05 00:00:00','SYSTEM','1'),(1160,'COUNTRIES','Papua New Guinea','Papua New Guinea',160,'2012-12-05 00:00:00','SYSTEM','2012-12-05 00:00:00','SYSTEM','1'),(1161,'COUNTRIES','Paraguay','Paraguay',161,'2012-12-05 00:00:00','SYSTEM','2012-12-05 00:00:00','SYSTEM','1'),(1162,'COUNTRIES','Peru','Peru',162,'2012-12-05 00:00:00','SYSTEM','2012-12-05 00:00:00','SYSTEM','1'),(1163,'COUNTRIES','Philippines','Philippines',163,'2012-12-05 00:00:00','SYSTEM','2012-12-05 00:00:00','SYSTEM','1'),(1164,'COUNTRIES','Pitcairn','Pitcairn',164,'2012-12-05 00:00:00','SYSTEM','2012-12-05 00:00:00','SYSTEM','1'),(1165,'COUNTRIES','Poland','Poland',165,'2012-12-05 00:00:00','SYSTEM','2012-12-05 00:00:00','SYSTEM','1'),(1166,'COUNTRIES','Portugal','Portugal',166,'2012-12-05 00:00:00','SYSTEM','2012-12-05 00:00:00','SYSTEM','1'),(1167,'COUNTRIES','Puerto Rico','Puerto Rico',167,'2012-12-05 00:00:00','SYSTEM','2012-12-05 00:00:00','SYSTEM','1'),(1168,'COUNTRIES','Qatar','Qatar',168,'2012-12-05 00:00:00','SYSTEM','2012-12-05 00:00:00','SYSTEM','1'),(1169,'COUNTRIES','Runion','Runion',169,'2012-12-05 00:00:00','SYSTEM','2012-12-05 00:00:00','SYSTEM','1'),(1170,'COUNTRIES','Romania','Romania',170,'2012-12-05 00:00:00','SYSTEM','2012-12-05 00:00:00','SYSTEM','1'),(1171,'COUNTRIES','Russian Federation','Russian Federation',171,'2012-12-05 00:00:00','SYSTEM','2012-12-05 00:00:00','SYSTEM','1'),(1172,'COUNTRIES','Rwanda','Rwanda',172,'2012-12-05 00:00:00','SYSTEM','2012-12-05 00:00:00','SYSTEM','1'),(1173,'COUNTRIES','Saint Helena','Saint Helena',173,'2012-12-05 00:00:00','SYSTEM','2012-12-05 00:00:00','SYSTEM','1'),(1174,'COUNTRIES','Saint Kitts and Nevis','Saint Kitts and Nevis',174,'2012-12-05 00:00:00','SYSTEM','2012-12-05 00:00:00','SYSTEM','1'),(1175,'COUNTRIES','Saint Lucia','Saint Lucia',175,'2012-12-05 00:00:00','SYSTEM','2012-12-05 00:00:00','SYSTEM','1'),(1176,'COUNTRIES','Saint Pierre and Miquelon','Saint Pierre and Miquelon',176,'2012-12-05 00:00:00','SYSTEM','2012-12-05 00:00:00','SYSTEM','1'),(1177,'COUNTRIES','Saint Vincent and the Grenadines','Saint Vincent and the Grenadines',177,'2012-12-05 00:00:00','SYSTEM','2012-12-05 00:00:00','SYSTEM','1'),(1178,'COUNTRIES','Samoa','Samoa',178,'2012-12-05 00:00:00','SYSTEM','2012-12-05 00:00:00','SYSTEM','1'),(1179,'COUNTRIES','San Marino','San Marino',179,'2012-12-05 00:00:00','SYSTEM','2012-12-05 00:00:00','SYSTEM','1'),(1180,'COUNTRIES','Sao Tome and Principe','Sao Tome and Principe',180,'2012-12-05 00:00:00','SYSTEM','2012-12-05 00:00:00','SYSTEM','1'),(1181,'COUNTRIES','Saudi Arabia','Saudi Arabia',181,'2012-12-05 00:00:00','SYSTEM','2012-12-05 00:00:00','SYSTEM','1'),(1182,'COUNTRIES','Senegal','Senegal',182,'2012-12-05 00:00:00','SYSTEM','2012-12-05 00:00:00','SYSTEM','1'),(1183,'COUNTRIES','Serbia','Serbia',183,'2012-12-05 00:00:00','SYSTEM','2012-12-05 00:00:00','SYSTEM','1'),(1184,'COUNTRIES','Seychelles','Seychelles',184,'2012-12-05 00:00:00','SYSTEM','2012-12-05 00:00:00','SYSTEM','1'),(1185,'COUNTRIES','Sierra Leone','Sierra Leone',185,'2012-12-05 00:00:00','SYSTEM','2012-12-05 00:00:00','SYSTEM','1'),(1186,'COUNTRIES','Singapore','Singapore',186,'2012-12-05 00:00:00','SYSTEM','2012-12-05 00:00:00','SYSTEM','1'),(1187,'COUNTRIES','Slovakia','Slovakia',187,'2012-12-05 00:00:00','SYSTEM','2012-12-05 00:00:00','SYSTEM','1'),(1188,'COUNTRIES','Slovenia','Slovenia',188,'2012-12-05 00:00:00','SYSTEM','2012-12-05 00:00:00','SYSTEM','1'),(1189,'COUNTRIES','Solomon Islands','Solomon Islands',189,'2012-12-05 00:00:00','SYSTEM','2012-12-05 00:00:00','SYSTEM','1'),(1190,'COUNTRIES','Somalia','Somalia',190,'2012-12-05 00:00:00','SYSTEM','2012-12-05 00:00:00','SYSTEM','1'),(1191,'COUNTRIES','South Africa','South Africa',191,'2012-12-05 00:00:00','SYSTEM','2012-12-05 00:00:00','SYSTEM','1'),(1192,'COUNTRIES','South Georgia and the South Sandwich Islands','South Georgia and the South Sandwich Islands',192,'2012-12-05 00:00:00','SYSTEM','2012-12-05 00:00:00','SYSTEM','1'),(1193,'COUNTRIES','Spain','Spain',193,'2012-12-05 00:00:00','SYSTEM','2012-12-05 00:00:00','SYSTEM','1'),(1194,'COUNTRIES','Sri Lanka','Sri Lanka',194,'2012-12-05 00:00:00','SYSTEM','2012-12-05 00:00:00','SYSTEM','1'),(1195,'COUNTRIES','Suriname','Suriname',195,'2012-12-05 00:00:00','SYSTEM','2012-12-05 00:00:00','SYSTEM','1'),(1196,'COUNTRIES','Svalbard and Jan Mayen Islands','Svalbard and Jan Mayen Islands',196,'2012-12-05 00:00:00','SYSTEM','2012-12-05 00:00:00','SYSTEM','1'),(1197,'COUNTRIES','Swaziland','Swaziland',197,'2012-12-05 00:00:00','SYSTEM','2012-12-05 00:00:00','SYSTEM','1'),(1198,'COUNTRIES','Sweden','Sweden',198,'2012-12-05 00:00:00','SYSTEM','2012-12-05 00:00:00','SYSTEM','1'),(1199,'COUNTRIES','Switzerland','Switzerland',199,'2012-12-05 00:00:00','SYSTEM','2012-12-05 00:00:00','SYSTEM','1'),(1200,'COUNTRIES','Taiwan','Taiwan',200,'2012-12-05 00:00:00','SYSTEM','2012-12-05 00:00:00','SYSTEM','1'),(1201,'COUNTRIES','Tajikistan','Tajikistan',201,'2012-12-05 00:00:00','SYSTEM','2012-12-05 00:00:00','SYSTEM','1'),(1202,'COUNTRIES','Tanzania','Tanzania',202,'2012-12-05 00:00:00','SYSTEM','2012-12-05 00:00:00','SYSTEM','1'),(1203,'COUNTRIES','Thailand','Thailand',203,'2012-12-05 00:00:00','SYSTEM','2012-12-05 00:00:00','SYSTEM','1'),(1204,'COUNTRIES','Togo','Togo',204,'2012-12-05 00:00:00','SYSTEM','2012-12-05 00:00:00','SYSTEM','1'),(1205,'COUNTRIES','Tokelau','Tokelau',205,'2012-12-05 00:00:00','SYSTEM','2012-12-05 00:00:00','SYSTEM','1'),(1206,'COUNTRIES','Tonga','Tonga',206,'2012-12-05 00:00:00','SYSTEM','2012-12-05 00:00:00','SYSTEM','1'),(1207,'COUNTRIES','Trinidad and Tobago','Trinidad and Tobago',207,'2012-12-05 00:00:00','SYSTEM','2012-12-05 00:00:00','SYSTEM','1'),(1208,'COUNTRIES','Tunisia','Tunisia',208,'2012-12-05 00:00:00','SYSTEM','2012-12-05 00:00:00','SYSTEM','1'),(1209,'COUNTRIES','Turkey','Turkey',209,'2012-12-05 00:00:00','SYSTEM','2012-12-05 00:00:00','SYSTEM','1'),(1210,'COUNTRIES','Turkmenistan','Turkmenistan',210,'2012-12-05 00:00:00','SYSTEM','2012-12-05 00:00:00','SYSTEM','1'),(1211,'COUNTRIES','Turks and Caicos Islands','Turks and Caicos Islands',211,'2012-12-05 00:00:00','SYSTEM','2012-12-05 00:00:00','SYSTEM','1'),(1212,'COUNTRIES','Tuvalu','Tuvalu',212,'2012-12-05 00:00:00','SYSTEM','2012-12-05 00:00:00','SYSTEM','1'),(1213,'COUNTRIES','Uganda','Uganda',213,'2012-12-05 00:00:00','SYSTEM','2012-12-05 00:00:00','SYSTEM','1'),(1214,'COUNTRIES','Ukraine','Ukraine',214,'2012-12-05 00:00:00','SYSTEM','2012-12-05 00:00:00','SYSTEM','1'),(1215,'COUNTRIES','United Arab Emirates','United Arab Emirates',215,'2012-12-05 00:00:00','SYSTEM','2012-12-05 00:00:00','SYSTEM','1'),(1216,'COUNTRIES','United Kingdom','United Kingdom',216,'2012-12-05 00:00:00','SYSTEM','2012-12-05 00:00:00','SYSTEM','1'),(1217,'COUNTRIES','United States of America','United States of America',217,'2012-12-05 00:00:00','SYSTEM','2012-12-05 00:00:00','SYSTEM','1'),(1218,'COUNTRIES','Uruguay','Uruguay',218,'2012-12-05 00:00:00','SYSTEM','2012-12-05 00:00:00','SYSTEM','1'),(1219,'COUNTRIES','Uzbekistan','Uzbekistan',219,'2012-12-05 00:00:00','SYSTEM','2012-12-05 00:00:00','SYSTEM','1'),(1220,'COUNTRIES','Vanuatu','Vanuatu',220,'2012-12-05 00:00:00','SYSTEM','2012-12-05 00:00:00','SYSTEM','1'),(1221,'COUNTRIES','Vatican City','Vatican City',221,'2012-12-05 00:00:00','SYSTEM','2012-12-05 00:00:00','SYSTEM','1'),(1222,'COUNTRIES','Venezuela','Venezuela',222,'2012-12-05 00:00:00','SYSTEM','2012-12-05 00:00:00','SYSTEM','1'),(1223,'COUNTRIES','Vietnam','Vietnam',223,'2012-12-05 00:00:00','SYSTEM','2012-12-05 00:00:00','SYSTEM','1'),(1224,'COUNTRIES','Virgin Islands (British)','Virgin Islands (British)',224,'2012-12-05 00:00:00','SYSTEM','2012-12-05 00:00:00','SYSTEM','1'),(1225,'COUNTRIES','Virgin Islands (US)','Virgin Islands (US)',225,'2012-12-05 00:00:00','SYSTEM','2012-12-05 00:00:00','SYSTEM','1'),(1226,'COUNTRIES','Wallis and Futuna Islands','Wallis and Futuna Islands',226,'2012-12-05 00:00:00','SYSTEM','2012-12-05 00:00:00','SYSTEM','1'),(1227,'COUNTRIES','Western Sahara','Western Sahara',227,'2012-12-05 00:00:00','SYSTEM','2012-12-05 00:00:00','SYSTEM','1'),(1228,'COUNTRIES','Yemen','Yemen',228,'2012-12-05 00:00:00','SYSTEM','2012-12-05 00:00:00','SYSTEM','1'),(1229,'COUNTRIES','Zaire','Zaire',229,'2012-12-05 00:00:00','SYSTEM','2012-12-05 00:00:00','SYSTEM','1'),(1230,'COUNTRIES','Zambia','Zambia',230,'2012-12-05 00:00:00','SYSTEM','2012-12-05 00:00:00','SYSTEM','1'),(1243,'ACCESS_CONTROL_METADATA','/secure/product/list.do','IS_AUTHENTICATED_FULLY',0,'2013-06-07 00:00:00','SYSTEM','2013-06-07 00:00:00','SYSTEM','1'),(1244,'ACCESS_CONTROL_METADATA','/secure/product/new.do','ROLE_PARTNER_USER',0,'2013-06-07 00:00:00','SYSTEM','2013-06-07 00:00:00','SYSTEM','1'),(1245,'ACCESS_CONTROL_METADATA','/secure/product/create.do','ROLE_PARTNER_USER',0,'2013-06-07 00:00:00','SYSTEM','2013-06-07 00:00:00','SYSTEM','1'),(1246,'ACCESS_CONTROL_METADATA','/secure/product/edit.do','IS_AUTHENTICATED_FULLY',0,'2013-06-07 00:00:00','SYSTEM','2013-06-07 00:00:00','SYSTEM','1'),(1247,'ACCESS_CONTROL_METADATA','/secure/product/update.do','IS_AUTHENTICATED_FULLY',0,'2013-06-07 00:00:00','SYSTEM','2013-06-07 00:00:00','SYSTEM','1'),(1248,'ACCESS_CONTROL_METADATA','/secure/product/view.do','IS_AUTHENTICATED_FULLY',0,'2013-06-07 00:00:00','SYSTEM','2013-06-07 00:00:00','SYSTEM','1'),(1249,'PRODUCT_CATEGORY','Health & Fitness','Health & Fitness',1,'2013-06-07 00:00:00','SYSTEM','2013-06-07 00:00:00','SYSTEM','1'),(1250,'PRODUCT_CATEGORY','Toys and Games','Toys and Games',2,'2013-06-07 00:00:00','SYSTEM','2013-06-07 00:00:00','SYSTEM','1'),(1251,'PRODUCT_CATEGORY','Home Automation','Home Automation',3,'2013-06-07 00:00:00','SYSTEM','2013-06-07 00:00:00','SYSTEM','1'),(1252,'PRODUCT_CATEGORY','Productivity','Productivity',4,'2013-06-07 00:00:00','SYSTEM','2013-06-07 00:00:00','SYSTEM','1'),(1253,'PRODUCT_CATEGORY','Entertainment','Entertainment',5,'2013-06-07 00:00:00','SYSTEM','2013-06-07 00:00:00','SYSTEM','1'),(1254,'PRODUCT_CATEGORY','Wireless Charging','Wireless Charging',6,'2013-06-07 00:00:00','SYSTEM','2013-06-07 00:00:00','SYSTEM','1'),(1255,'PRODUCT_CATEGORY','Solar Charging','Solar Charging',7,'2013-06-07 00:00:00','SYSTEM','2013-06-07 00:00:00','SYSTEM','1'),(1256,'PRODUCT_SUPPORT_DEVICE','Phone','Phone',1,'2013-06-07 00:00:00','SYSTEM','2013-06-07 00:00:00','SYSTEM','1'),(1257,'PRODUCT_SUPPORT_DEVICE','Tablet','Tablet',2,'2013-06-07 00:00:00','SYSTEM','2013-06-07 00:00:00','SYSTEM','1'),(1258,'RING_ASSOCIATION','Ring 1','Ring 1',1,'2013-06-07 00:00:00','SYSTEM','2013-06-07 00:00:00','SYSTEM','1'),(1259,'RING_ASSOCIATION','Ring 2','Ring 2',2,'2013-06-07 00:00:00','SYSTEM','2013-06-07 00:00:00','SYSTEM','1'),(1260,'RING_ASSOCIATION','Ring 3','Ring 3',3,'2013-06-07 00:00:00','SYSTEM','2013-06-07 00:00:00','SYSTEM','1'),(1261,'ACCESS_CONTROL_METADATA','/','IS_AUTHENTICATED_ANONYMOUSLY',0,'2013-06-07 12:05:55','system','2013-06-07 12:05:55','system','1'),(1262,'APPLICATION_PROPERTY','statics.url','https://smart.netpace.com/static',0,'2013-06-10 09:48:09','system','2013-06-10 09:48:09','system','1'),(1265,'APPLICATION_PROPERTY','attachments.path','/mnt/vsap_assets_primary/',0,'2013-06-21 00:00:00','SYSTEM','2013-06-21 00:00:00','SYSTEM','1'),(1266,'APPLICATION_PROPERTY','statics.version','3.3.4',0,'2013-07-05 14:17:34','SYSTEM','2013-07-05 14:17:52','SYSTEM','1'),(1267,'APPLICATION_PROPERTY','redirect.to.delete.company.on.roles','ROLE_SUPER_ADMIN,ROLE_VERIZON_SYSTEM_ADMIN',0,'2013-05-30 16:16:14','SYSTEM','2013-05-30 16:16:14','SYSTEM','1'),(1269,'ACCESS_CONTROL_METADATA','/report/send.do','IS_AUTHENTICATED_ANONYMOUSLY',0,'2013-07-30 00:00:00','SYSTEM','2013-07-30 00:00:00','SYSTEM','1'),(1271,'ACCESS_CONTROL_METADATA','/secure/download.do','ROLE_SUPER_ADMIN,ROLE_VERIZON_SYSTEM_ADMIN,ROLE_OFAC',0,'2013-07-30 00:00:00','SYSTEM','2013-07-30 00:00:00','SYSTEM','1'),(1273,'APPLICATION_PROPERTY','header.url','https://smart.netpace.com/content/vsap/en/header.html',0,'2013-08-14 17:37:29','system','2013-08-14 17:37:29','system','1'),(1275,'APPLICATION_PROPERTY','footer.url','/WEB-INF/pages/footer.jsp',0,'2013-08-14 17:37:29','system','2013-08-14 17:37:29','system','1'),(1277,'APPLICATION_PROPERTY','cert.agreement.help.email','smart.support@verizonwireless.com',0,'2013-08-14 17:40:21','system','2013-08-14 17:40:21','system','1'),(1279,'APPLICATION_PROPERTY','vsap.portal.home','https://smart.netpace.com/content/vsap/en.html',0,'2013-08-14 17:41:05','system','2013-08-14 17:41:05','system','1'),(1281,'APPLICATION_PROPERTY','submenu.support.link','mailTo:smart.support@verizonwireless.com',0,'2013-08-14 17:42:11','system','2013-08-14 17:42:11','system','1'),(1283,'ACCESS_CONTROL_METADATA','/resources/secure','IS_AUTHENTICATED_FULLY',0,'2013-08-14 17:42:11','system','2013-08-14 17:42:11','system','1'),(1285,'ACCESS_CONTROL_METADATA','/secure/manage/notifications.do','ROLE_SUPER_ADMIN',0,'2013-08-21 11:53:27','system','2013-08-21 11:53:27','system','1'),(1287,'ACCESS_CONTROL_METADATA','/secure/viewnotification.do','ROLE_SUPER_ADMIN',0,'2013-08-21 11:53:27','system','2013-08-21 11:53:27','system','1'),(1289,'ACCESS_CONTROL_METADATA','/secure/createnotification.do','ROLE_SUPER_ADMIN',0,'2013-08-21 11:53:28','system','2013-08-21 11:53:28','system','1'),(1291,'ACCESS_CONTROL_METADATA','/secure/deletenotification.do','ROLE_SUPER_ADMIN',0,'2013-08-21 11:53:29','system','2013-08-21 11:53:29','system','1'),(1293,'ACCESS_CONTROL_METADATA','/secure/admin/userslist.do','ROLE_SUPER_ADMIN,ROLE_VERIZON_SYSTEM_ADMIN',0,'2013-08-21 12:03:20','system','2013-08-21 12:03:20','system','1'),(1295,'ACCESS_CONTROL_METADATA','/secure/admin/inviteuserview.do','ROLE_SUPER_ADMIN,ROLE_VERIZON_SYSTEM_ADMIN',0,'2013-08-21 12:03:21','system','2013-08-21 12:03:21','system','1'),(1297,'ACCESS_CONTROL_METADATA','/secure/admin/inviteuser.do','ROLE_SUPER_ADMIN,ROLE_VERIZON_SYSTEM_ADMIN',0,'2013-08-21 12:03:23','system','2013-08-21 12:03:23','system','1'),(1299,'APPLICATION_PROPERTY','exception.sendto.email','wakram@netpace.com',0,'2013-09-03 12:40:13','SYSTEM','2013-09-03 12:40:13','SYSTEM','1'),(1301,'APPLICATION_PROPERTY','workitem.delay.in.days','7',0,'2013-09-03 12:40:13','SYSTEM','2013-09-03 12:40:13','SYSTEM','1'),(1303,'APPLICATION_PROPERTY','workitem.delay.placeholder.html.table','<table cellpadding=\"5\" cellspacing=\"0\" style=\"border: 1px solid\">{TableContent}</table>',0,'2013-09-17 15:11:00','SYSTEM','2013-09-17 15:11:00','SYSTEM','1'),(1305,'APPLICATION_PROPERTY','workitem.delay.placeholder.html.thead','<tr> <th style=\"border: 1px solid\"><b>Work Item</b></th> <th style=\"border: 1px solid\"><b>Type</b></th> <th style=\"border: 1px solid\"><b>Company</b></th> <th style=\"border: 1px solid\"><b>Product</b></th> <th style=\"border: 1px solid\"><b>Work Item <br/> Start Date</b></th> <th style=\"border: 1px solid\"><b>Submit Date</b></th> </tr>',0,'2013-09-17 15:11:00','SYSTEM','2013-09-17 15:11:00','SYSTEM','1'),(1307,'APPLICATION_PROPERTY','workitem.delay.placeholder.html.tr','<tr> <td style=\"border: 1px solid\">{WorkItem}</td> <td style=\"border: 1px solid\">{Type}</td> <td style=\"border: 1px solid\">{Company}</td> <td style=\"border: 1px solid\">{Product}</td> <td style=\"border: 1px solid\">{StartDate}</td> <td style=\"border: 1px solid\">{SubmitDate}</td> </tr>',0,'2013-09-17 15:11:00','SYSTEM','2013-09-17 15:11:00','SYSTEM','1');

UNLOCK TABLES;

/*Table structure for table `vap_blocked_domain` */

DROP TABLE IF EXISTS `vap_blocked_domain`;

CREATE TABLE `vap_blocked_domain` (
  `domain_id` int(10) unsigned NOT NULL auto_increment,
  `domain_name` varchar(250) character set latin1 default NULL,
  `created_date` datetime default NULL,
  `created_by` varchar(50) character set latin1 default NULL,
  `updated_date` datetime default NULL,
  `updated_by` varchar(50) character set latin1 default NULL,
  `is_active` varchar(1) character set latin1 default '1',
  PRIMARY KEY  (`domain_id`),
  UNIQUE KEY `domain_name_idx1` (`domain_name`)
) ENGINE=InnoDB AUTO_INCREMENT=130 DEFAULT CHARSET=utf8;

/*Data for the table `vap_blocked_domain` */

LOCK TABLES `vap_blocked_domain` WRITE;

insert  into `vap_blocked_domain`(`domain_id`,`domain_name`,`created_date`,`created_by`,`updated_date`,`updated_by`,`is_active`) values (13,'gmail.com','2013-08-01 13:16:03','system','2013-08-01 13:16:03','system','1'),(15,'ymail.com','2013-08-01 13:16:03','system','2013-08-01 13:16:03','system','1'),(17,'hotmail.com','2013-08-01 13:16:03','system','2013-08-01 13:16:03','system','1'),(19,'aol.com','2013-08-01 13:16:03','system','2013-08-01 13:16:03','system','1'),(21,'easy.com','2013-08-01 13:16:03','system','2013-08-01 13:16:03','system','1'),(23,'sky.com','2013-08-01 13:16:03','system','2013-08-01 13:16:03','system','1'),(25,'aemail4u.com','2013-08-01 13:16:03','system','2013-08-01 13:16:03','system','1'),(27,'caramail.com','2013-08-01 13:16:03','system','2013-08-01 13:16:03','system','1'),(29,'care2.com','2013-08-01 13:16:03','system','2013-08-01 13:16:03','system','1'),(31,'catholiconline.com','2013-08-01 13:16:03','system','2013-08-01 13:16:03','system','1'),(33,'centralpets.com','2013-08-01 13:16:03','system','2013-08-01 13:16:03','system','1'),(35,'computermail.com','2013-08-01 13:16:03','system','2013-08-01 13:16:03','system','1'),(37,'dcemail.com','2013-08-01 13:16:03','system','2013-08-01 13:16:03','system','1'),(39,'ecologyfund.com','2013-08-01 13:16:03','system','2013-08-01 13:16:03','system','1'),(41,'emailanywhere.com','2013-08-01 13:16:03','system','2013-08-01 13:16:03','system','1'),(43,'easypeasy.com','2013-08-01 13:16:03','system','2013-08-01 13:16:03','system','1'),(45,'eboxmail.net','2013-08-01 13:16:03','system','2013-08-01 13:16:03','system','1'),(47,'emailaccount.com','2013-08-01 13:16:03','system','2013-08-01 13:16:03','system','1'),(49,'emailaccounts4f.com','2013-08-01 13:16:03','system','2013-08-01 13:16:03','system','1'),(51,'emailchoice.com','2013-08-01 13:16:03','system','2013-08-01 13:16:03','system','1'),(53,'emailyou.com','2013-08-01 13:16:03','system','2013-08-01 13:16:03','system','1'),(55,'emailx.net','2013-08-01 13:16:03','system','2013-08-01 13:16:03','system','1'),(57,'everyone.net','2013-08-01 13:16:03','system','2013-08-01 13:16:03','system','1'),(59,'execs2k.com','2013-08-01 13:16:03','system','2013-08-01 13:16:03','system','1'),(61,'fastmail.com','2013-08-01 13:16:03','system','2013-08-01 13:16:03','system','1'),(63,'fastermail.com','2013-08-01 13:16:03','system','2013-08-01 13:16:03','system','1'),(65,'firstname.com','2013-08-01 13:16:03','system','2013-08-01 13:16:03','system','1'),(67,'flashmail.com','2013-08-01 13:16:03','system','2013-08-01 13:16:03','system','1'),(69,'fresnomail.com','2013-08-01 13:16:03','system','2013-08-01 13:16:03','system','1'),(71,'garfield.com','2013-08-01 13:16:03','system','2013-08-01 13:16:03','system','1'),(73,'gawab.com','2013-08-01 13:16:03','system','2013-08-01 13:16:03','system','1'),(75,'glay.org','2013-08-01 13:16:03','system','2013-08-01 13:16:03','system','1'),(77,'gmx.com','2013-08-01 13:16:03','system','2013-08-01 13:16:03','system','1'),(79,'go.com','2013-08-01 13:16:03','system','2013-08-01 13:16:03','system','1'),(81,'go2now.com','2013-08-01 13:16:03','system','2013-08-01 13:16:03','system','1'),(83,'gotgeekmail.com','2013-08-01 13:16:03','system','2013-08-01 13:16:03','system','1'),(85,'graffiti.net','2013-08-01 13:16:03','system','2013-08-01 13:16:03','system','1'),(87,'hellokitty.com','2013-08-01 13:16:03','system','2013-08-01 13:16:03','system','1'),(89,'hushmail.com','2013-08-01 13:16:03','system','2013-08-01 13:16:03','system','1'),(91,'inbox.com','2013-08-01 13:16:03','system','2013-08-01 13:16:03','system','1'),(93,'joinme.com','2013-08-01 13:16:04','system','2013-08-01 13:16:04','system','1'),(95,'joymail.com','2013-08-01 13:16:04','system','2013-08-01 13:16:04','system','1'),(97,'junglemate.com','2013-08-01 13:16:04','system','2013-08-01 13:16:04','system','1'),(99,'killer.com','2013-08-01 13:16:04','system','2013-08-01 13:16:04','system','1'),(101,'kittymail.com','2013-08-01 13:16:04','system','2013-08-01 13:16:04','system','1'),(103,'kukamail.com','2013-08-01 13:16:04','system','2013-08-01 13:16:04','system','1'),(105,'lycos.com','2013-08-01 13:16:04','system','2013-08-01 13:16:04','system','1'),(107,'mail.com','2013-08-01 13:16:04','system','2013-08-01 13:16:04','system','1'),(109,'mail2world.com','2013-08-01 13:16:04','system','2013-08-01 13:16:04','system','1'),(111,'mailcity.com','2013-08-01 13:16:04','system','2013-08-01 13:16:04','system','1'),(113,'wireless.com','2013-08-15 22:58:46','super.admin','2013-08-15 22:58:46','super.admin','1'),(115,'ie.com','2013-08-20 16:45:34','verizonuatadmin','2013-08-20 16:45:34','verizonuatadmin','1'),(117,'focus.com','2013-08-21 04:04:12','super.admin','2013-08-21 04:04:12','super.admin','1'),(119,'abc1.com','2013-08-22 18:10:26','verizonuatadmin','2013-08-22 18:10:26','verizonuatadmin','1'),(121,'chrome.com','2013-08-23 01:15:54','super.admin','2013-08-23 01:15:54','super.admin','1'),(123,'apple.com','2013-08-26 04:48:57','verizonuatadmin','2013-08-26 04:48:57','verizonuatadmin','1'),(125,'partner51.com','2013-08-28 15:32:14','super.admin','2013-08-28 15:32:14','super.admin','1'),(127,'outlook.com','2013-12-11 15:32:14','super.admin','2013-12-11 15:32:14','super.admin','1'),(129,'live.com','2013-12-11 15:32:14','super.admin','2013-12-11 15:32:14','super.admin','1');

UNLOCK TABLES;

/*Table structure for table `vap_comments` */

DROP TABLE IF EXISTS `vap_comments`;

CREATE TABLE `vap_comments` (
  `comments_id` int(11) unsigned NOT NULL auto_increment,
  `product_id` int(11) unsigned default NULL,
  `company_id` int(11) unsigned default NULL,
  `comments_type` varchar(100) character set latin1 default NULL,
  `comments_text` varchar(4000) character set latin1 default NULL,
  `created_date` datetime default NULL,
  `created_by` varchar(50) character set latin1 default NULL,
  `updated_date` datetime default NULL,
  `updated_by` varchar(50) character set latin1 default NULL,
  `is_active` varchar(1) character set latin1 default '1',
  PRIMARY KEY  (`comments_id`),
  KEY `FK_PRODUCTS_COMMENTS` (`product_id`),
  CONSTRAINT `FK_PRODUCTS_COMMENTS` FOREIGN KEY (`product_id`) REFERENCES `vap_products` (`product_id`)
) ENGINE=InnoDB AUTO_INCREMENT=2924 DEFAULT CHARSET=utf8;

/*Data for the table `vap_comments` */

LOCK TABLES `vap_comments` WRITE;

insert  into `vap_comments`(`comments_id`,`product_id`,`company_id`,`comments_type`,`comments_text`,`created_date`,`created_by`,`updated_date`,`updated_by`,`is_active`) values (2889,NULL,201,'Partner Workflow','Device Marketing Review - RFI Email Text: ','2013-09-25 06:34:05','youngeu','2013-09-25 06:34:05','youngeu','1'),(2891,NULL,203,'Partner Workflow','Device Marketing Review - Approve Email Text: test','2013-09-26 05:18:24','daviddempski','2013-09-26 05:18:24','daviddempski','1'),(2893,NULL,203,'Partner Workflow','Comment Added: test','2013-09-26 05:18:25','daviddempski','2013-09-26 05:18:25','daviddempski','1'),(2895,NULL,201,'Partner Workflow','Device Marketing Review RFI - UnRFI Email Text: sdadff','2013-09-26 05:19:01','daviddempski','2013-09-26 05:19:01','daviddempski','1'),(2897,NULL,201,'Partner Workflow','Comment Added: sdfadf','2013-09-26 05:19:03','daviddempski','2013-09-26 05:19:03','daviddempski','1'),(2899,NULL,201,'Partner Workflow','Device Marketing Review - Approve Email Text: ','2013-09-26 05:19:06','daviddempski','2013-09-26 05:19:06','daviddempski','1'),(2901,NULL,201,'Partner Workflow','OFAC Review - Approve Email Text: ','2013-09-26 05:19:08','daviddempski','2013-09-26 05:19:08','daviddempski','1'),(2903,NULL,203,'Partner Workflow','OFAC Review - Approve Email Text: ','2013-09-26 05:19:14','daviddempski','2013-09-26 05:19:14','daviddempski','1'),(2905,NULL,203,'Partner Workflow','Certification Agreement & Non-Disclosure Agreement - Accept Agreement Email Text: ','2013-10-01 09:19:37','aleung','2013-10-01 09:19:37','aleung','1'),(2907,NULL,201,'Partner Workflow','Certification Agreement & Non-Disclosure Agreement - Accept Agreement Email Text: ','2013-10-11 07:58:39','eugene.ovi','2013-10-11 07:58:39','eugene.ovi','1'),(2909,515,201,'Product Workflow','Device Marketing Review - Approve Email Text: Approved with questions ...','2013-10-11 08:15:39','youngeu','2013-10-11 08:15:39','youngeu','1'),(2911,NULL,205,'Partner Workflow','Device Marketing Review - Approve Email Text: ','2013-10-21 12:08:18','youngeu','2013-10-21 12:08:18','youngeu','1'),(2913,NULL,207,'Partner Workflow','Device Marketing Review - Approve Email Text: ','2013-10-21 12:08:32','youngeu','2013-10-21 12:08:32','youngeu','1'),(2915,NULL,207,'Partner Workflow','OFAC Review - Approve Email Text: ','2013-11-05 09:57:04','youngeu','2013-11-05 09:57:04','youngeu','1'),(2917,NULL,205,'Partner Workflow','OFAC Review - Approve Email Text: ','2013-11-05 09:57:05','youngeu','2013-11-05 09:57:05','youngeu','1'),(2919,NULL,209,'Partner Workflow','Device Marketing Review - Approve Email Text: ','2013-12-11 11:54:55','youngeu','2013-12-11 11:54:55','youngeu','1'),(2921,NULL,209,'Partner Workflow','OFAC Review - Approve Email Text: ','2013-12-11 11:55:39','youngeu','2013-12-11 11:55:39','youngeu','1'),(2923,NULL,209,'Partner Workflow','Certification Agreement & Non-Disclosure Agreement - Accept Agreement Email Text: ','2013-12-11 11:57:07','yannis.live','2013-12-11 11:57:07','yannis.live','1');

UNLOCK TABLES;

/*Table structure for table `vap_company` */

DROP TABLE IF EXISTS `vap_company`;

CREATE TABLE `vap_company` (
  `company_id` int(10) unsigned NOT NULL auto_increment,
  `company_name` varchar(200) character set latin1 default NULL,
  `company_legal_name` varchar(200) character set latin1 default NULL,
  `mobile` varchar(25) character set latin1 default NULL,
  `address1` varchar(250) character set latin1 default NULL,
  `city` varchar(100) character set latin1 default NULL,
  `state` varchar(100) character set latin1 default NULL,
  `country` varchar(100) character set latin1 default NULL,
  `postal_code` varchar(20) character set latin1 default NULL,
  `website` varchar(200) character set latin1 default NULL,
  `company_domain` varchar(250) character set latin1 default NULL,
  `created_date` datetime default NULL,
  `created_by` varchar(50) character set latin1 default NULL,
  `updated_date` datetime default NULL,
  `updated_by` varchar(50) character set latin1 default NULL,
  `is_active` varchar(1) character set latin1 default '1',
  `sales_contact_id` int(10) unsigned default NULL,
  `cert_nda_accept_date` datetime default NULL,
  `offline_cert_nda_id` int(11) default NULL,
  `is_suspended` varchar(1) character set latin1 default '0',
  PRIMARY KEY  (`company_id`),
  UNIQUE KEY `FK_vap_company_sales_contact_id` (`sales_contact_id`),
  KEY `FK_vap_company_country_key` (`country`),
  CONSTRAINT `FK_vap_company_vap_contact` FOREIGN KEY (`sales_contact_id`) REFERENCES `vap_contact` (`contact_id`) ON DELETE NO ACTION ON UPDATE NO ACTION
) ENGINE=InnoDB AUTO_INCREMENT=210 DEFAULT CHARSET=utf8;

/*Data for the table `vap_company` */

LOCK TABLES `vap_company` WRITE;

insert  into `vap_company`(`company_id`,`company_name`,`company_legal_name`,`mobile`,`address1`,`city`,`state`,`country`,`postal_code`,`website`,`company_domain`,`created_date`,`created_by`,`updated_date`,`updated_by`,`is_active`,`sales_contact_id`,`cert_nda_accept_date`,`offline_cert_nda_id`,`is_suspended`) values (201,'OVI Inc.','Open Vendor Institute','','One Verizon Way','Basing Ridge','NJ','United States of America','07920','http://www.ovi.com','ovi.com','2013-09-24 10:59:35','eugene.ovi','2013-09-24 10:59:35','eugene.ovi','1',765,'2013-10-11 07:58:39',NULL,'0'),(203,'DR Test Co.','DR Test Co. For Testing Only','4157781084','201 Spear St. Ste. 900','San Francisco','CA','United States of America','94105','http://www.dr.com','dr.com','2013-09-25 15:46:12','aleung','2013-09-25 15:46:12','aleung','1',767,'2013-10-01 09:19:36',NULL,'0'),(205,'Phone Halo','Phone Halo, LLC','8058813391','1501 Chapala Street','Santa Barbara','CA','United States of America','93101','http://www.phonehalo.com','phonehalo.com','2013-10-18 16:42:40','christianphonehalo','2013-10-18 16:42:40','christianphonehalo','1',771,NULL,NULL,'0'),(207,'Devant Technologies','Devant Technologies, Inc.','8585238714','4685 Convoy St. #210','San Diego','CA','United States of America','92111','http://www.devant.com','devant.com','2013-10-21 10:32:18','snielsen11','2013-10-21 10:32:18','snielsen11','1',773,NULL,NULL,'0'),(209,'Pinocchio','pinocchio, llc','','One Yannis Way','Yannnisville','NJ','United States of America','08807','http://www.live.com','live.com','2013-12-11 11:52:47','yannis.live','2013-12-11 11:52:47','yannis.live','1',775,'2013-12-11 11:57:06',NULL,'0');

UNLOCK TABLES;

/*Table structure for table `vap_company_join_offer` */

DROP TABLE IF EXISTS `vap_company_join_offer`;

CREATE TABLE `vap_company_join_offer` (
  `offer_id` int(10) unsigned NOT NULL auto_increment,
  `company_id` int(10) unsigned NOT NULL,
  `acceptor_id` int(10) unsigned default NULL,
  `offered_to` int(10) unsigned NOT NULL,
  `offer_date` datetime NOT NULL,
  `accept_reject_date` datetime default NULL,
  `status` varchar(50) character set latin1 NOT NULL,
  `offer_type` varchar(50) character set latin1 NOT NULL,
  `created_date` datetime default NULL,
  `created_by` varchar(50) character set latin1 default NULL,
  `updated_by` varchar(50) character set latin1 default NULL,
  `updated_date` datetime default NULL,
  `is_active` varchar(1) character set latin1 default '1',
  PRIMARY KEY  (`offer_id`),
  KEY `FK_vap_company_join_offer_vap_user_fk1` (`acceptor_id`),
  KEY `FK_vap_company_join_offer_vap_user_fk2` (`offered_to`),
  KEY `FK_vap_company_join_offer_vap_company_fk3` (`company_id`),
  CONSTRAINT `FK_vap_company_join_offer_vap_company_fk3` FOREIGN KEY (`company_id`) REFERENCES `vap_company` (`company_id`) ON DELETE CASCADE ON UPDATE CASCADE,
  CONSTRAINT `FK_vap_company_join_offer_vap_user_fk1` FOREIGN KEY (`acceptor_id`) REFERENCES `vap_user` (`user_id`) ON DELETE CASCADE ON UPDATE CASCADE,
  CONSTRAINT `FK_vap_company_join_offer_vap_user_fk2` FOREIGN KEY (`offered_to`) REFERENCES `vap_user` (`user_id`) ON DELETE CASCADE ON UPDATE CASCADE
) ENGINE=InnoDB DEFAULT CHARSET=utf8;

/*Data for the table `vap_company_join_offer` */

LOCK TABLES `vap_company_join_offer` WRITE;

UNLOCK TABLES;

/*Table structure for table `vap_contact` */

DROP TABLE IF EXISTS `vap_contact`;

CREATE TABLE `vap_contact` (
  `contact_id` int(11) unsigned NOT NULL auto_increment,
  `contact_type` varchar(100) character set latin1 default NULL,
  `name` varchar(100) character set latin1 default NULL,
  `street_address` varchar(500) character set latin1 default NULL,
  `email_address` varchar(100) character set latin1 default NULL,
  `city` varchar(50) character set latin1 default NULL,
  `phone` varchar(25) character set latin1 default NULL,
  `postal_code` varchar(10) character set latin1 default NULL,
  `mobile` varchar(25) character set latin1 default NULL,
  `country` varchar(100) character set latin1 default NULL,
  `created_date` datetime default NULL,
  `created_by` varchar(50) character set latin1 default NULL,
  `updated_date` datetime default NULL,
  `updated_by` varchar(50) character set latin1 default NULL,
  `is_active` varchar(1) character set latin1 default '1',
  `state` varchar(250) character set latin1 default NULL,
  PRIMARY KEY  (`contact_id`)
) ENGINE=InnoDB AUTO_INCREMENT=776 DEFAULT CHARSET=utf8;

/*Data for the table `vap_contact` */

LOCK TABLES `vap_contact` WRITE;

insert  into `vap_contact`(`contact_id`,`contact_type`,`name`,`street_address`,`email_address`,`city`,`phone`,`postal_code`,`mobile`,`country`,`created_date`,`created_by`,`updated_date`,`updated_by`,`is_active`,`state`) values (765,'CompanySalesContact','Dr Who',NULL,'eugene.young@ovi.com',NULL,'9085591050',NULL,'',NULL,'2013-09-24 10:59:35','eugene.ovi','2013-09-24 10:59:35','eugene.ovi','1',NULL),(767,'CompanySalesContact','Alice Leung',NULL,'aliceleung@dr.com',NULL,'4157781084',NULL,'',NULL,'2013-09-25 15:46:12','aleung','2013-09-25 15:46:12','aleung','1',NULL),(769,'ProductContact','Eugene Young','One Verizon Way','eugene.young@ovi.com','Basking Ridge','9088090776','07920','','United States of America','2013-10-11 08:12:55','eugene.ovi','2013-10-11 08:12:55','eugene.ovi','1','NJ'),(771,'CompanySalesContact','Christian Smith',NULL,'christian@phonehalo.com',NULL,'8318017531',NULL,'8318017531',NULL,'2013-10-18 16:42:40','christianphonehalo','2013-10-18 16:42:40','christianphonehalo','1',NULL),(773,'CompanySalesContact','Soren Nielsen',NULL,'contact@devant.com',NULL,'8585238714',NULL,'8585238714',NULL,'2013-10-21 10:32:18','snielsen11','2013-10-21 10:32:18','snielsen11','1',NULL),(775,'CompanySalesContact','Yannis Young ',NULL,'yannis.tsampalis@live.com',NULL,'908-123-1234',NULL,'',NULL,'2013-12-11 11:52:47','yannis.live','2013-12-11 11:52:47','yannis.live','1',NULL);

UNLOCK TABLES;

/*Table structure for table `vap_email_queue` */

DROP TABLE IF EXISTS `vap_email_queue`;

CREATE TABLE `vap_email_queue` (
  `id` int(11) unsigned NOT NULL auto_increment,
  `title` varchar(200) default NULL,
  `to_addresses` varchar(5000) character set latin1 NOT NULL,
  `email_message` blob,
  `status` varchar(50) character set latin1 NOT NULL,
  `created_date` datetime default NULL,
  `created_by` varchar(50) character set latin1 default NULL,
  `updated_date` datetime default NULL,
  `updated_by` varchar(50) character set latin1 default NULL,
  `is_active` varchar(1) character set latin1 default '1',
  PRIMARY KEY  (`id`)
) ENGINE=InnoDB AUTO_INCREMENT=5310 DEFAULT CHARSET=utf8;

/*Data for the table `vap_email_queue` */

LOCK TABLES `vap_email_queue` WRITE;

insert  into `vap_email_queue`(`id`,`title`,`to_addresses`,`email_message`,`status`,`created_date`,`created_by`,`updated_date`,`updated_by`,`is_active`) values (4933,'Verizon Smart Accessories Partner Portal: Invitation to Join','aadil@netpace.com','\0sr\0*com.netpace.notification.vo.EmailMessageVO/\\}\Z\0Z\0htmlContentL\0contentt\0Ljava/lang/String;L\0fromAddressq\0~\0L\0subjectq\0~\0L\0toAddressest\0Ljava/util/List;xr\0com.netpace.commons.vo.RecordS&8h\0L\0idt\0Ljava/lang/Integer;L\0\rversionNumberq\0~\0xpppt<div>\r\n	You have been invited by Super Admin to join the Verizon Smart Accessories Partner Portal. Please click the link below to complete your registration.</div>\r\n<div>\r\n	&nbsp;</div>\r\n<div>\r\n	http://smart.netpace.com/device/admin/invitation.do?authCode=90514326-7bb2-47df-872e-d123e993cc4c</div>\r\n<div>\r\n	&nbsp;</div>\r\n<div>\r\n	If clicking the link above does not work, please copy and paste the URL in a new browser window instead.</div>\r\n<div>\r\n	&nbsp;</div>\r\n<div>\r\n	Sincerely,</div>\r\n<div>\r\n	The Verizon Smart Accesories Team</div>\r\nt\0smart.noreply@netpace.comt\0<Verizon Smart Accessories Partner Portal: Invitation to Joinsr\0\Zjava.util.Arrays$ArrayList<\0[\0at\0[Ljava/lang/Object;xpur\0[Ljava.lang.String;V{G\0\0xp\0\0\0t\0aadil@netpace.com','SENT','2013-09-20 13:06:43','','2013-09-20 13:06:43','','0'),(4935,'Verizon Smart Accessories Partner Portal: Invitation to Join','Laiwah.Leung@VerizonWireless.com','\0sr\0*com.netpace.notification.vo.EmailMessageVO/\\}\Z\0Z\0htmlContentL\0contentt\0Ljava/lang/String;L\0fromAddressq\0~\0L\0subjectq\0~\0L\0toAddressest\0Ljava/util/List;xr\0com.netpace.commons.vo.RecordS&8h\0L\0idt\0Ljava/lang/Integer;L\0\rversionNumberq\0~\0xpppt\Z<div>\r\n	You have been invited by Ahmed Adil to join the Verizon Smart Accessories Partner Portal. Please click the link below to complete your registration.</div>\r\n<div>\r\n	&nbsp;</div>\r\n<div>\r\n	http://smart.netpace.com/device/admin/invitation.do?authCode=c795b528-465b-49b1-b2c1-8d34bf378c08</div>\r\n<div>\r\n	&nbsp;</div>\r\n<div>\r\n	If clicking the link above does not work, please copy and paste the URL in a new browser window instead.</div>\r\n<div>\r\n	&nbsp;</div>\r\n<div>\r\n	Sincerely,</div>\r\n<div>\r\n	The Verizon Smart Accesories Team</div>\r\nt\0smart.noreply@netpace.comt\0<Verizon Smart Accessories Partner Portal: Invitation to Joinsr\0\Zjava.util.Arrays$ArrayList<\0[\0at\0[Ljava/lang/Object;xpur\0[Ljava.lang.String;V{G\0\0xp\0\0\0t\0 Laiwah.Leung@VerizonWireless.com','SENT','2013-09-20 13:15:51','','2013-09-20 13:15:51','','0'),(4937,'Verizon Smart Accessories Partner Portal: Invitation to Join','Eugene.Young@VerizonWireless.com','\0sr\0*com.netpace.notification.vo.EmailMessageVO/\\}\Z\0Z\0htmlContentL\0contentt\0Ljava/lang/String;L\0fromAddressq\0~\0L\0subjectq\0~\0L\0toAddressest\0Ljava/util/List;xr\0com.netpace.commons.vo.RecordS&8h\0L\0idt\0Ljava/lang/Integer;L\0\rversionNumberq\0~\0xpppt\Z<div>\r\n	You have been invited by Ahmed Adil to join the Verizon Smart Accessories Partner Portal. Please click the link below to complete your registration.</div>\r\n<div>\r\n	&nbsp;</div>\r\n<div>\r\n	http://smart.netpace.com/device/admin/invitation.do?authCode=6d23e25c-26df-4253-b732-fcb486592b80</div>\r\n<div>\r\n	&nbsp;</div>\r\n<div>\r\n	If clicking the link above does not work, please copy and paste the URL in a new browser window instead.</div>\r\n<div>\r\n	&nbsp;</div>\r\n<div>\r\n	Sincerely,</div>\r\n<div>\r\n	The Verizon Smart Accesories Team</div>\r\nt\0smart.noreply@netpace.comt\0<Verizon Smart Accessories Partner Portal: Invitation to Joinsr\0\Zjava.util.Arrays$ArrayList<\0[\0at\0[Ljava/lang/Object;xpur\0[Ljava.lang.String;V{G\0\0xp\0\0\0t\0 Eugene.Young@VerizonWireless.com','SENT','2013-09-20 13:16:10','','2013-09-20 13:16:10','','0'),(4939,'Verizon Smart Accessories Partner Portal: Password Change Confirmation','super.admin@netpace.com','\0sr\0*com.netpace.notification.vo.EmailMessageVO/\\}\Z\0Z\0htmlContentL\0contentt\0Ljava/lang/String;L\0fromAddressq\0~\0L\0subjectq\0~\0L\0toAddressest\0Ljava/util/List;xr\0com.netpace.commons.vo.RecordS&8h\0L\0idt\0Ljava/lang/Integer;L\0\rversionNumberq\0~\0xpppt <div>\r\n	The password for your VSAPP account was recently updated.&nbsp;</div>\r\n<div>\r\n	If you had not requested this change, please log into your account and verify your information.</div>\r\n<div>\r\n	&nbsp;</div>\r\n<div>\r\n	Sincerely,</div>\r\n<div>\r\n	The Verizon Smart Accessories Team</div>\r\nt\0smart.noreply@netpace.comt\0FVerizon Smart Accessories Partner Portal: Password Change Confirmationsr\0\Zjava.util.Arrays$ArrayList<\0[\0at\0[Ljava/lang/Object;xpur\0[Ljava.lang.String;V{G\0\0xp\0\0\0t\0super.admin@netpace.com','SENT','2013-09-20 14:21:41','','2013-09-20 14:21:41','','0'),(4941,'Exception email sent','wakram@netpace.com','\0sr\0*com.netpace.notification.vo.EmailMessageVO/\\}\Z\0Z\0htmlContentL\0contentt\0Ljava/lang/String;L\0fromAddressq\0~\0L\0subjectq\0~\0L\0toAddressest\0Ljava/util/List;xr\0com.netpace.commons.vo.RecordS&8h\0L\0idt\0Ljava/lang/Integer;L\0\rversionNumberq\0~\0xpppt<p>org.springframework.web.HttpRequestMethodNotSupportedException: Request method \'HEAD\' not supported\n	at org.springframework.web.servlet.mvc.annotation.AnnotationMethodHandlerAdapter$ServletHandlerMethodResolver.resolveHandlerMethod(AnnotationMethodHandlerAdapter.java:623)\n	at org.springframework.web.servlet.mvc.annotation.AnnotationMethodHandlerAdapter.invokeHandlerMethod(AnnotationMethodHandlerAdapter.java:421)\n	at org.springframework.web.servlet.mvc.annotation.AnnotationMethodHandlerAdapter.handle(AnnotationMethodHandlerAdapter.java:414)\n	at org.springframework.web.servlet.DispatcherServlet.doDispatch(DispatcherServlet.java:790)\n	at org.springframework.web.servlet.DispatcherServlet.doService(DispatcherServlet.java:719)\n	at org.springframework.web.servlet.FrameworkServlet.processRequest(FrameworkServlet.java:644)\n	at org.springframework.web.servlet.FrameworkServlet.doGet(FrameworkServlet.java:549)\n	at javax.servlet.http.HttpServlet.doHead(HttpServlet.java:244)\n	at javax.servlet.http.HttpServlet.service(HttpServlet.java:644)\n	at javax.servlet.http.HttpServlet.service(HttpServlet.java:728)\n	at org.apache.catalina.core.ApplicationFilterChain.internalDoFilter(ApplicationFilterChain.java:305)\n	at org.apache.catalina.core.ApplicationFilterChain.doFilter(ApplicationFilterChain.java:210)\n	at com.opensymphony.sitemesh.webapp.SiteMeshFilter.obtainContent(SiteMeshFilter.java:129)\n	at com.opensymphony.sitemesh.webapp.SiteMeshFilter.doFilter(SiteMeshFilter.java:77)\n	at org.apache.catalina.core.ApplicationFilterChain.internalDoFilter(ApplicationFilterChain.java:243)\n	at org.apache.catalina.core.ApplicationFilterChain.doFilter(ApplicationFilterChain.java:210)\n	at org.springframework.security.web.FilterChainProxy$VirtualFilterChain.doFilter(FilterChainProxy.java:368)\n	at org.springframework.security.web.access.intercept.FilterSecurityInterceptor.invoke(FilterSecurityInterceptor.java:109)\n	at org.springframework.security.web.access.intercept.FilterSecurityInterceptor.doFilter(FilterSecurityInterceptor.java:83)\n	at org.springframework.security.web.FilterChainProxy$VirtualFilterChain.doFilter(FilterChainProxy.java:380)\n	at org.springframework.security.web.access.ExceptionTranslationFilter.doFilter(ExceptionTranslationFilter.java:97)\n	at org.springframework.security.web.FilterChainProxy$VirtualFilterChain.doFilter(FilterChainProxy.java:380)\n	at org.springframework.security.web.session.SessionManagementFilter.doFilter(SessionManagementFilter.java:100)\n	at org.springframework.security.web.FilterChainProxy$VirtualFilterChain.doFilter(FilterChainProxy.java:380)\n	at org.springframework.security.web.authentication.AnonymousAuthenticationFilter.doFilter(AnonymousAuthenticationFilter.java:78)\n	at org.springframework.security.web.FilterChainProxy$VirtualFilterChain.doFilter(FilterChainProxy.java:380)\n	at org.springframework.security.web.servletapi.SecurityContextHolderAwareRequestFilter.doFilter(SecurityContextHolderAwareRequestFilter.java:54)\n	at org.springframework.security.web.FilterChainProxy$VirtualFilterChain.doFilter(FilterChainProxy.java:380)\n	at org.springframework.security.web.savedrequest.RequestCacheAwareFilter.doFilter(RequestCacheAwareFilter.java:35)\n	at org.springframework.security.web.FilterChainProxy$VirtualFilterChain.doFilter(FilterChainProxy.java:380)\n	at org.springframework.security.web.authentication.AbstractAuthenticationProcessingFilter.doFilter(AbstractAuthenticationProcessingFilter.java:187)\n	at org.springframework.security.web.FilterChainProxy$VirtualFilterChain.doFilter(FilterChainProxy.java:380)\n	at org.springframework.security.web.authentication.logout.LogoutFilter.doFilter(LogoutFilter.java:105)\n	at org.springframework.security.web.FilterChainProxy$VirtualFilterChain.doFilter(FilterChainProxy.java:380)\n	at org.springframework.security.web.context.SecurityContextPersistenceFilter.doFilter(SecurityContextPersistenceFilter.java:79)\n	at org.springframework.security.web.FilterChainProxy$VirtualFilterChain.doFilter(FilterChainProxy.java:380)\n	at org.springframework.security.web.FilterChainProxy.doFilter(FilterChainProxy.java:169)\n	at org.springframework.web.filter.DelegatingFilterProxy.invokeDelegate(DelegatingFilterProxy.java:237)\n	at org.springframework.web.filter.DelegatingFilterProxy.doFilter(DelegatingFilterProxy.java:167)\n	at org.apache.catalina.core.ApplicationFilterChain.internalDoFilter(ApplicationFilterChain.java:243)\n	at org.apache.catalina.core.ApplicationFilterChain.doFilter(ApplicationFilterChain.java:210)\n	at org.apache.catalina.core.StandardWrapperValve.invoke(StandardWrapperValve.java:222)\n	at org.apache.catalina.core.StandardContextValve.invoke(StandardContextValve.java:123)\n	at org.apache.catalina.authenticator.AuthenticatorBase.invoke(AuthenticatorBase.java:502)\n	at org.apache.catalina.core.StandardHostValve.invoke(StandardHostValve.java:171)\n	at org.apache.catalina.valves.ErrorReportValve.invoke(ErrorReportValve.java:99)\n	at org.apache.catalina.valves.AccessLogValve.invoke(AccessLogValve.java:953)\n	at org.apache.catalina.core.StandardEngineValve.invoke(StandardEngineValve.java:118)\n	at org.apache.catalina.ha.session.JvmRouteBinderValve.invoke(JvmRouteBinderValve.java:219)\n	at org.apache.catalina.ha.tcp.ReplicationValve.invoke(ReplicationValve.java:335)\n	at org.apache.catalina.connector.CoyoteAdapter.service(CoyoteAdapter.java:408)\n	at org.apache.coyote.http11.AbstractHttp11Processor.process(AbstractHttp11Processor.java:1023)\n	at org.apache.coyote.AbstractProtocol$AbstractConnectionHandler.process(AbstractProtocol.java:589)\n	at org.apache.tomcat.util.net.JIoEndpoint$SocketProcessor.run(JIoEndpoint.java:310)\n	at java.util.concurrent.ThreadPoolExecutor$Worker.runTask(ThreadPoolExecutor.java:886)\n	at java.util.concurrent.ThreadPoolExecutor$Worker.run(ThreadPoolExecutor.java:908)\n	at java.lang.Thread.run(Thread.java:619)\n</p>t\0smart.noreply@netpace.comt\0Exception email sentsr\0\Zjava.util.Arrays$ArrayList<\0[\0at\0[Ljava/lang/Object;xpur\0[Ljava.lang.String;V{G\0\0xp\0\0\0t\0wakram@netpace.com','SENT','2013-09-22 01:41:40','','2013-09-22 01:41:40','','0'),(4943,'Exception email sent','wakram@netpace.com','\0sr\0*com.netpace.notification.vo.EmailMessageVO/\\}\Z\0Z\0htmlContentL\0contentt\0Ljava/lang/String;L\0fromAddressq\0~\0L\0subjectq\0~\0L\0toAddressest\0Ljava/util/List;xr\0com.netpace.commons.vo.RecordS&8h\0L\0idt\0Ljava/lang/Integer;L\0\rversionNumberq\0~\0xpppt<p>org.springframework.web.HttpRequestMethodNotSupportedException: Request method \'HEAD\' not supported\n	at org.springframework.web.servlet.mvc.annotation.AnnotationMethodHandlerAdapter$ServletHandlerMethodResolver.resolveHandlerMethod(AnnotationMethodHandlerAdapter.java:623)\n	at org.springframework.web.servlet.mvc.annotation.AnnotationMethodHandlerAdapter.invokeHandlerMethod(AnnotationMethodHandlerAdapter.java:421)\n	at org.springframework.web.servlet.mvc.annotation.AnnotationMethodHandlerAdapter.handle(AnnotationMethodHandlerAdapter.java:414)\n	at org.springframework.web.servlet.DispatcherServlet.doDispatch(DispatcherServlet.java:790)\n	at org.springframework.web.servlet.DispatcherServlet.doService(DispatcherServlet.java:719)\n	at org.springframework.web.servlet.FrameworkServlet.processRequest(FrameworkServlet.java:644)\n	at org.springframework.web.servlet.FrameworkServlet.doGet(FrameworkServlet.java:549)\n	at javax.servlet.http.HttpServlet.doHead(HttpServlet.java:244)\n	at javax.servlet.http.HttpServlet.service(HttpServlet.java:644)\n	at javax.servlet.http.HttpServlet.service(HttpServlet.java:728)\n	at org.apache.catalina.core.ApplicationFilterChain.internalDoFilter(ApplicationFilterChain.java:305)\n	at org.apache.catalina.core.ApplicationFilterChain.doFilter(ApplicationFilterChain.java:210)\n	at com.opensymphony.sitemesh.webapp.SiteMeshFilter.obtainContent(SiteMeshFilter.java:129)\n	at com.opensymphony.sitemesh.webapp.SiteMeshFilter.doFilter(SiteMeshFilter.java:77)\n	at org.apache.catalina.core.ApplicationFilterChain.internalDoFilter(ApplicationFilterChain.java:243)\n	at org.apache.catalina.core.ApplicationFilterChain.doFilter(ApplicationFilterChain.java:210)\n	at org.springframework.security.web.FilterChainProxy$VirtualFilterChain.doFilter(FilterChainProxy.java:368)\n	at org.springframework.security.web.access.intercept.FilterSecurityInterceptor.invoke(FilterSecurityInterceptor.java:109)\n	at org.springframework.security.web.access.intercept.FilterSecurityInterceptor.doFilter(FilterSecurityInterceptor.java:83)\n	at org.springframework.security.web.FilterChainProxy$VirtualFilterChain.doFilter(FilterChainProxy.java:380)\n	at org.springframework.security.web.access.ExceptionTranslationFilter.doFilter(ExceptionTranslationFilter.java:97)\n	at org.springframework.security.web.FilterChainProxy$VirtualFilterChain.doFilter(FilterChainProxy.java:380)\n	at org.springframework.security.web.session.SessionManagementFilter.doFilter(SessionManagementFilter.java:100)\n	at org.springframework.security.web.FilterChainProxy$VirtualFilterChain.doFilter(FilterChainProxy.java:380)\n	at org.springframework.security.web.authentication.AnonymousAuthenticationFilter.doFilter(AnonymousAuthenticationFilter.java:78)\n	at org.springframework.security.web.FilterChainProxy$VirtualFilterChain.doFilter(FilterChainProxy.java:380)\n	at org.springframework.security.web.servletapi.SecurityContextHolderAwareRequestFilter.doFilter(SecurityContextHolderAwareRequestFilter.java:54)\n	at org.springframework.security.web.FilterChainProxy$VirtualFilterChain.doFilter(FilterChainProxy.java:380)\n	at org.springframework.security.web.savedrequest.RequestCacheAwareFilter.doFilter(RequestCacheAwareFilter.java:35)\n	at org.springframework.security.web.FilterChainProxy$VirtualFilterChain.doFilter(FilterChainProxy.java:380)\n	at org.springframework.security.web.authentication.AbstractAuthenticationProcessingFilter.doFilter(AbstractAuthenticationProcessingFilter.java:187)\n	at org.springframework.security.web.FilterChainProxy$VirtualFilterChain.doFilter(FilterChainProxy.java:380)\n	at org.springframework.security.web.authentication.logout.LogoutFilter.doFilter(LogoutFilter.java:105)\n	at org.springframework.security.web.FilterChainProxy$VirtualFilterChain.doFilter(FilterChainProxy.java:380)\n	at org.springframework.security.web.context.SecurityContextPersistenceFilter.doFilter(SecurityContextPersistenceFilter.java:79)\n	at org.springframework.security.web.FilterChainProxy$VirtualFilterChain.doFilter(FilterChainProxy.java:380)\n	at org.springframework.security.web.FilterChainProxy.doFilter(FilterChainProxy.java:169)\n	at org.springframework.web.filter.DelegatingFilterProxy.invokeDelegate(DelegatingFilterProxy.java:237)\n	at org.springframework.web.filter.DelegatingFilterProxy.doFilter(DelegatingFilterProxy.java:167)\n	at org.apache.catalina.core.ApplicationFilterChain.internalDoFilter(ApplicationFilterChain.java:243)\n	at org.apache.catalina.core.ApplicationFilterChain.doFilter(ApplicationFilterChain.java:210)\n	at org.apache.catalina.core.StandardWrapperValve.invoke(StandardWrapperValve.java:222)\n	at org.apache.catalina.core.StandardContextValve.invoke(StandardContextValve.java:123)\n	at org.apache.catalina.authenticator.AuthenticatorBase.invoke(AuthenticatorBase.java:502)\n	at org.apache.catalina.core.StandardHostValve.invoke(StandardHostValve.java:171)\n	at org.apache.catalina.valves.ErrorReportValve.invoke(ErrorReportValve.java:99)\n	at org.apache.catalina.valves.AccessLogValve.invoke(AccessLogValve.java:953)\n	at org.apache.catalina.core.StandardEngineValve.invoke(StandardEngineValve.java:118)\n	at org.apache.catalina.ha.session.JvmRouteBinderValve.invoke(JvmRouteBinderValve.java:219)\n	at org.apache.catalina.ha.tcp.ReplicationValve.invoke(ReplicationValve.java:335)\n	at org.apache.catalina.connector.CoyoteAdapter.service(CoyoteAdapter.java:408)\n	at org.apache.coyote.http11.AbstractHttp11Processor.process(AbstractHttp11Processor.java:1023)\n	at org.apache.coyote.AbstractProtocol$AbstractConnectionHandler.process(AbstractProtocol.java:589)\n	at org.apache.tomcat.util.net.JIoEndpoint$SocketProcessor.run(JIoEndpoint.java:310)\n	at java.util.concurrent.ThreadPoolExecutor$Worker.runTask(ThreadPoolExecutor.java:886)\n	at java.util.concurrent.ThreadPoolExecutor$Worker.run(ThreadPoolExecutor.java:908)\n	at java.lang.Thread.run(Thread.java:619)\n</p>t\0smart.noreply@netpace.comt\0Exception email sentsr\0\Zjava.util.Arrays$ArrayList<\0[\0at\0[Ljava/lang/Object;xpur\0[Ljava.lang.String;V{G\0\0xp\0\0\0t\0wakram@netpace.com','SENT','2013-09-22 02:41:08','','2013-09-22 02:41:08','','0'),(4945,'Exception email sent','wakram@netpace.com','\0sr\0*com.netpace.notification.vo.EmailMessageVO/\\}\Z\0Z\0htmlContentL\0contentt\0Ljava/lang/String;L\0fromAddressq\0~\0L\0subjectq\0~\0L\0toAddressest\0Ljava/util/List;xr\0com.netpace.commons.vo.RecordS&8h\0L\0idt\0Ljava/lang/Integer;L\0\rversionNumberq\0~\0xpppt<p>org.springframework.web.HttpRequestMethodNotSupportedException: Request method \'HEAD\' not supported\n	at org.springframework.web.servlet.mvc.annotation.AnnotationMethodHandlerAdapter$ServletHandlerMethodResolver.resolveHandlerMethod(AnnotationMethodHandlerAdapter.java:623)\n	at org.springframework.web.servlet.mvc.annotation.AnnotationMethodHandlerAdapter.invokeHandlerMethod(AnnotationMethodHandlerAdapter.java:421)\n	at org.springframework.web.servlet.mvc.annotation.AnnotationMethodHandlerAdapter.handle(AnnotationMethodHandlerAdapter.java:414)\n	at org.springframework.web.servlet.DispatcherServlet.doDispatch(DispatcherServlet.java:790)\n	at org.springframework.web.servlet.DispatcherServlet.doService(DispatcherServlet.java:719)\n	at org.springframework.web.servlet.FrameworkServlet.processRequest(FrameworkServlet.java:644)\n	at org.springframework.web.servlet.FrameworkServlet.doGet(FrameworkServlet.java:549)\n	at javax.servlet.http.HttpServlet.doHead(HttpServlet.java:244)\n	at javax.servlet.http.HttpServlet.service(HttpServlet.java:644)\n	at javax.servlet.http.HttpServlet.service(HttpServlet.java:728)\n	at org.apache.catalina.core.ApplicationFilterChain.internalDoFilter(ApplicationFilterChain.java:305)\n	at org.apache.catalina.core.ApplicationFilterChain.doFilter(ApplicationFilterChain.java:210)\n	at com.opensymphony.sitemesh.webapp.SiteMeshFilter.obtainContent(SiteMeshFilter.java:129)\n	at com.opensymphony.sitemesh.webapp.SiteMeshFilter.doFilter(SiteMeshFilter.java:77)\n	at org.apache.catalina.core.ApplicationFilterChain.internalDoFilter(ApplicationFilterChain.java:243)\n	at org.apache.catalina.core.ApplicationFilterChain.doFilter(ApplicationFilterChain.java:210)\n	at org.springframework.security.web.FilterChainProxy$VirtualFilterChain.doFilter(FilterChainProxy.java:368)\n	at org.springframework.security.web.access.intercept.FilterSecurityInterceptor.invoke(FilterSecurityInterceptor.java:109)\n	at org.springframework.security.web.access.intercept.FilterSecurityInterceptor.doFilter(FilterSecurityInterceptor.java:83)\n	at org.springframework.security.web.FilterChainProxy$VirtualFilterChain.doFilter(FilterChainProxy.java:380)\n	at org.springframework.security.web.access.ExceptionTranslationFilter.doFilter(ExceptionTranslationFilter.java:97)\n	at org.springframework.security.web.FilterChainProxy$VirtualFilterChain.doFilter(FilterChainProxy.java:380)\n	at org.springframework.security.web.session.SessionManagementFilter.doFilter(SessionManagementFilter.java:100)\n	at org.springframework.security.web.FilterChainProxy$VirtualFilterChain.doFilter(FilterChainProxy.java:380)\n	at org.springframework.security.web.authentication.AnonymousAuthenticationFilter.doFilter(AnonymousAuthenticationFilter.java:78)\n	at org.springframework.security.web.FilterChainProxy$VirtualFilterChain.doFilter(FilterChainProxy.java:380)\n	at org.springframework.security.web.servletapi.SecurityContextHolderAwareRequestFilter.doFilter(SecurityContextHolderAwareRequestFilter.java:54)\n	at org.springframework.security.web.FilterChainProxy$VirtualFilterChain.doFilter(FilterChainProxy.java:380)\n	at org.springframework.security.web.savedrequest.RequestCacheAwareFilter.doFilter(RequestCacheAwareFilter.java:35)\n	at org.springframework.security.web.FilterChainProxy$VirtualFilterChain.doFilter(FilterChainProxy.java:380)\n	at org.springframework.security.web.authentication.AbstractAuthenticationProcessingFilter.doFilter(AbstractAuthenticationProcessingFilter.java:187)\n	at org.springframework.security.web.FilterChainProxy$VirtualFilterChain.doFilter(FilterChainProxy.java:380)\n	at org.springframework.security.web.authentication.logout.LogoutFilter.doFilter(LogoutFilter.java:105)\n	at org.springframework.security.web.FilterChainProxy$VirtualFilterChain.doFilter(FilterChainProxy.java:380)\n	at org.springframework.security.web.context.SecurityContextPersistenceFilter.doFilter(SecurityContextPersistenceFilter.java:79)\n	at org.springframework.security.web.FilterChainProxy$VirtualFilterChain.doFilter(FilterChainProxy.java:380)\n	at org.springframework.security.web.FilterChainProxy.doFilter(FilterChainProxy.java:169)\n	at org.springframework.web.filter.DelegatingFilterProxy.invokeDelegate(DelegatingFilterProxy.java:237)\n	at org.springframework.web.filter.DelegatingFilterProxy.doFilter(DelegatingFilterProxy.java:167)\n	at org.apache.catalina.core.ApplicationFilterChain.internalDoFilter(ApplicationFilterChain.java:243)\n	at org.apache.catalina.core.ApplicationFilterChain.doFilter(ApplicationFilterChain.java:210)\n	at org.apache.catalina.core.StandardWrapperValve.invoke(StandardWrapperValve.java:222)\n	at org.apache.catalina.core.StandardContextValve.invoke(StandardContextValve.java:123)\n	at org.apache.catalina.authenticator.AuthenticatorBase.invoke(AuthenticatorBase.java:502)\n	at org.apache.catalina.core.StandardHostValve.invoke(StandardHostValve.java:171)\n	at org.apache.catalina.valves.ErrorReportValve.invoke(ErrorReportValve.java:99)\n	at org.apache.catalina.valves.AccessLogValve.invoke(AccessLogValve.java:953)\n	at org.apache.catalina.core.StandardEngineValve.invoke(StandardEngineValve.java:118)\n	at org.apache.catalina.ha.session.JvmRouteBinderValve.invoke(JvmRouteBinderValve.java:219)\n	at org.apache.catalina.ha.tcp.ReplicationValve.invoke(ReplicationValve.java:335)\n	at org.apache.catalina.connector.CoyoteAdapter.service(CoyoteAdapter.java:408)\n	at org.apache.coyote.http11.AbstractHttp11Processor.process(AbstractHttp11Processor.java:1023)\n	at org.apache.coyote.AbstractProtocol$AbstractConnectionHandler.process(AbstractProtocol.java:589)\n	at org.apache.tomcat.util.net.JIoEndpoint$SocketProcessor.run(JIoEndpoint.java:310)\n	at java.util.concurrent.ThreadPoolExecutor$Worker.runTask(ThreadPoolExecutor.java:886)\n	at java.util.concurrent.ThreadPoolExecutor$Worker.run(ThreadPoolExecutor.java:908)\n	at java.lang.Thread.run(Thread.java:619)\n</p>t\0smart.noreply@netpace.comt\0Exception email sentsr\0\Zjava.util.Arrays$ArrayList<\0[\0at\0[Ljava/lang/Object;xpur\0[Ljava.lang.String;V{G\0\0xp\0\0\0t\0wakram@netpace.com','SENT','2013-09-23 01:41:42','','2013-09-23 01:41:42','','0'),(4947,'Exception email sent','wakram@netpace.com','\0sr\0*com.netpace.notification.vo.EmailMessageVO/\\}\Z\0Z\0htmlContentL\0contentt\0Ljava/lang/String;L\0fromAddressq\0~\0L\0subjectq\0~\0L\0toAddressest\0Ljava/util/List;xr\0com.netpace.commons.vo.RecordS&8h\0L\0idt\0Ljava/lang/Integer;L\0\rversionNumberq\0~\0xpppt<p>org.springframework.web.HttpRequestMethodNotSupportedException: Request method \'HEAD\' not supported\n	at org.springframework.web.servlet.mvc.annotation.AnnotationMethodHandlerAdapter$ServletHandlerMethodResolver.resolveHandlerMethod(AnnotationMethodHandlerAdapter.java:623)\n	at org.springframework.web.servlet.mvc.annotation.AnnotationMethodHandlerAdapter.invokeHandlerMethod(AnnotationMethodHandlerAdapter.java:421)\n	at org.springframework.web.servlet.mvc.annotation.AnnotationMethodHandlerAdapter.handle(AnnotationMethodHandlerAdapter.java:414)\n	at org.springframework.web.servlet.DispatcherServlet.doDispatch(DispatcherServlet.java:790)\n	at org.springframework.web.servlet.DispatcherServlet.doService(DispatcherServlet.java:719)\n	at org.springframework.web.servlet.FrameworkServlet.processRequest(FrameworkServlet.java:644)\n	at org.springframework.web.servlet.FrameworkServlet.doGet(FrameworkServlet.java:549)\n	at javax.servlet.http.HttpServlet.doHead(HttpServlet.java:244)\n	at javax.servlet.http.HttpServlet.service(HttpServlet.java:644)\n	at javax.servlet.http.HttpServlet.service(HttpServlet.java:728)\n	at org.apache.catalina.core.ApplicationFilterChain.internalDoFilter(ApplicationFilterChain.java:305)\n	at org.apache.catalina.core.ApplicationFilterChain.doFilter(ApplicationFilterChain.java:210)\n	at com.opensymphony.sitemesh.webapp.SiteMeshFilter.obtainContent(SiteMeshFilter.java:129)\n	at com.opensymphony.sitemesh.webapp.SiteMeshFilter.doFilter(SiteMeshFilter.java:77)\n	at org.apache.catalina.core.ApplicationFilterChain.internalDoFilter(ApplicationFilterChain.java:243)\n	at org.apache.catalina.core.ApplicationFilterChain.doFilter(ApplicationFilterChain.java:210)\n	at org.springframework.security.web.FilterChainProxy$VirtualFilterChain.doFilter(FilterChainProxy.java:368)\n	at org.springframework.security.web.access.intercept.FilterSecurityInterceptor.invoke(FilterSecurityInterceptor.java:109)\n	at org.springframework.security.web.access.intercept.FilterSecurityInterceptor.doFilter(FilterSecurityInterceptor.java:83)\n	at org.springframework.security.web.FilterChainProxy$VirtualFilterChain.doFilter(FilterChainProxy.java:380)\n	at org.springframework.security.web.access.ExceptionTranslationFilter.doFilter(ExceptionTranslationFilter.java:97)\n	at org.springframework.security.web.FilterChainProxy$VirtualFilterChain.doFilter(FilterChainProxy.java:380)\n	at org.springframework.security.web.session.SessionManagementFilter.doFilter(SessionManagementFilter.java:100)\n	at org.springframework.security.web.FilterChainProxy$VirtualFilterChain.doFilter(FilterChainProxy.java:380)\n	at org.springframework.security.web.authentication.AnonymousAuthenticationFilter.doFilter(AnonymousAuthenticationFilter.java:78)\n	at org.springframework.security.web.FilterChainProxy$VirtualFilterChain.doFilter(FilterChainProxy.java:380)\n	at org.springframework.security.web.servletapi.SecurityContextHolderAwareRequestFilter.doFilter(SecurityContextHolderAwareRequestFilter.java:54)\n	at org.springframework.security.web.FilterChainProxy$VirtualFilterChain.doFilter(FilterChainProxy.java:380)\n	at org.springframework.security.web.savedrequest.RequestCacheAwareFilter.doFilter(RequestCacheAwareFilter.java:35)\n	at org.springframework.security.web.FilterChainProxy$VirtualFilterChain.doFilter(FilterChainProxy.java:380)\n	at org.springframework.security.web.authentication.AbstractAuthenticationProcessingFilter.doFilter(AbstractAuthenticationProcessingFilter.java:187)\n	at org.springframework.security.web.FilterChainProxy$VirtualFilterChain.doFilter(FilterChainProxy.java:380)\n	at org.springframework.security.web.authentication.logout.LogoutFilter.doFilter(LogoutFilter.java:105)\n	at org.springframework.security.web.FilterChainProxy$VirtualFilterChain.doFilter(FilterChainProxy.java:380)\n	at org.springframework.security.web.context.SecurityContextPersistenceFilter.doFilter(SecurityContextPersistenceFilter.java:79)\n	at org.springframework.security.web.FilterChainProxy$VirtualFilterChain.doFilter(FilterChainProxy.java:380)\n	at org.springframework.security.web.FilterChainProxy.doFilter(FilterChainProxy.java:169)\n	at org.springframework.web.filter.DelegatingFilterProxy.invokeDelegate(DelegatingFilterProxy.java:237)\n	at org.springframework.web.filter.DelegatingFilterProxy.doFilter(DelegatingFilterProxy.java:167)\n	at org.apache.catalina.core.ApplicationFilterChain.internalDoFilter(ApplicationFilterChain.java:243)\n	at org.apache.catalina.core.ApplicationFilterChain.doFilter(ApplicationFilterChain.java:210)\n	at org.apache.catalina.core.StandardWrapperValve.invoke(StandardWrapperValve.java:222)\n	at org.apache.catalina.core.StandardContextValve.invoke(StandardContextValve.java:123)\n	at org.apache.catalina.authenticator.AuthenticatorBase.invoke(AuthenticatorBase.java:502)\n	at org.apache.catalina.core.StandardHostValve.invoke(StandardHostValve.java:171)\n	at org.apache.catalina.valves.ErrorReportValve.invoke(ErrorReportValve.java:99)\n	at org.apache.catalina.valves.AccessLogValve.invoke(AccessLogValve.java:953)\n	at org.apache.catalina.core.StandardEngineValve.invoke(StandardEngineValve.java:118)\n	at org.apache.catalina.ha.session.JvmRouteBinderValve.invoke(JvmRouteBinderValve.java:219)\n	at org.apache.catalina.ha.tcp.ReplicationValve.invoke(ReplicationValve.java:335)\n	at org.apache.catalina.connector.CoyoteAdapter.service(CoyoteAdapter.java:408)\n	at org.apache.coyote.http11.AbstractHttp11Processor.process(AbstractHttp11Processor.java:1023)\n	at org.apache.coyote.AbstractProtocol$AbstractConnectionHandler.process(AbstractProtocol.java:589)\n	at org.apache.tomcat.util.net.JIoEndpoint$SocketProcessor.run(JIoEndpoint.java:310)\n	at java.util.concurrent.ThreadPoolExecutor$Worker.runTask(ThreadPoolExecutor.java:886)\n	at java.util.concurrent.ThreadPoolExecutor$Worker.run(ThreadPoolExecutor.java:908)\n	at java.lang.Thread.run(Thread.java:619)\n</p>t\0smart.noreply@netpace.comt\0Exception email sentsr\0\Zjava.util.Arrays$ArrayList<\0[\0at\0[Ljava/lang/Object;xpur\0[Ljava.lang.String;V{G\0\0xp\0\0\0t\0wakram@netpace.com','SENT','2013-09-23 03:41:09','','2013-09-23 03:41:09','','0'),(4949,'Verizon Smart Accessories Partner Portal: Registration Validation Link','aliceleung@dr.com','\0sr\0*com.netpace.notification.vo.EmailMessageVO/\\}\Z\0Z\0htmlContentL\0contentt\0Ljava/lang/String;L\0fromAddressq\0~\0L\0subjectq\0~\0L\0toAddressest\0Ljava/util/List;xr\0com.netpace.commons.vo.RecordS&8h\0L\0idt\0Ljava/lang/Integer;L\0\rversionNumberq\0~\0xpppt<div>\r\n	Please click the link below to complete your user registration on the Verizon Smart Accessories Partner Portal site:</div>\r\n<div>\r\n	&nbsp;</div>\r\n<div>\r\n	http://smart.netpace.com/device/activation.do?authCode=26d17473-44e9-4f4c-9fa1-fe4cfabd9ada</div>\r\n<div>\r\n	&nbsp;</div>\r\n<div>\r\n	If clicking the link above does not work, please copy and paste the URL in a new browser window instead.</div>\r\n<div>\r\n	&nbsp;</div>\r\n<div>\r\n	Sincerely,</div>\r\n<div>\r\n	The Verizon Smart Accessories Team</div>\r\nt\0smart.noreply@netpace.comt\0FVerizon Smart Accessories Partner Portal: Registration Validation Linksr\0\Zjava.util.Arrays$ArrayList<\0[\0at\0[Ljava/lang/Object;xpur\0[Ljava.lang.String;V{G\0\0xp\0\0\0t\0aliceleung@dr.com','SENT','2013-09-23 22:00:28','','2013-09-23 22:00:28','','0'),(4951,'Exception email sent','wakram@netpace.com','\0sr\0*com.netpace.notification.vo.EmailMessageVO/\\}\Z\0Z\0htmlContentL\0contentt\0Ljava/lang/String;L\0fromAddressq\0~\0L\0subjectq\0~\0L\0toAddressest\0Ljava/util/List;xr\0com.netpace.commons.vo.RecordS&8h\0L\0idt\0Ljava/lang/Integer;L\0\rversionNumberq\0~\0xpppt<p>org.springframework.web.HttpRequestMethodNotSupportedException: Request method \'HEAD\' not supported\n	at org.springframework.web.servlet.mvc.annotation.AnnotationMethodHandlerAdapter$ServletHandlerMethodResolver.resolveHandlerMethod(AnnotationMethodHandlerAdapter.java:623)\n	at org.springframework.web.servlet.mvc.annotation.AnnotationMethodHandlerAdapter.invokeHandlerMethod(AnnotationMethodHandlerAdapter.java:421)\n	at org.springframework.web.servlet.mvc.annotation.AnnotationMethodHandlerAdapter.handle(AnnotationMethodHandlerAdapter.java:414)\n	at org.springframework.web.servlet.DispatcherServlet.doDispatch(DispatcherServlet.java:790)\n	at org.springframework.web.servlet.DispatcherServlet.doService(DispatcherServlet.java:719)\n	at org.springframework.web.servlet.FrameworkServlet.processRequest(FrameworkServlet.java:644)\n	at org.springframework.web.servlet.FrameworkServlet.doGet(FrameworkServlet.java:549)\n	at javax.servlet.http.HttpServlet.doHead(HttpServlet.java:244)\n	at javax.servlet.http.HttpServlet.service(HttpServlet.java:644)\n	at javax.servlet.http.HttpServlet.service(HttpServlet.java:728)\n	at org.apache.catalina.core.ApplicationFilterChain.internalDoFilter(ApplicationFilterChain.java:305)\n	at org.apache.catalina.core.ApplicationFilterChain.doFilter(ApplicationFilterChain.java:210)\n	at com.opensymphony.sitemesh.webapp.SiteMeshFilter.obtainContent(SiteMeshFilter.java:129)\n	at com.opensymphony.sitemesh.webapp.SiteMeshFilter.doFilter(SiteMeshFilter.java:77)\n	at org.apache.catalina.core.ApplicationFilterChain.internalDoFilter(ApplicationFilterChain.java:243)\n	at org.apache.catalina.core.ApplicationFilterChain.doFilter(ApplicationFilterChain.java:210)\n	at org.springframework.security.web.FilterChainProxy$VirtualFilterChain.doFilter(FilterChainProxy.java:368)\n	at org.springframework.security.web.access.intercept.FilterSecurityInterceptor.invoke(FilterSecurityInterceptor.java:109)\n	at org.springframework.security.web.access.intercept.FilterSecurityInterceptor.doFilter(FilterSecurityInterceptor.java:83)\n	at org.springframework.security.web.FilterChainProxy$VirtualFilterChain.doFilter(FilterChainProxy.java:380)\n	at org.springframework.security.web.access.ExceptionTranslationFilter.doFilter(ExceptionTranslationFilter.java:97)\n	at org.springframework.security.web.FilterChainProxy$VirtualFilterChain.doFilter(FilterChainProxy.java:380)\n	at org.springframework.security.web.session.SessionManagementFilter.doFilter(SessionManagementFilter.java:100)\n	at org.springframework.security.web.FilterChainProxy$VirtualFilterChain.doFilter(FilterChainProxy.java:380)\n	at org.springframework.security.web.authentication.AnonymousAuthenticationFilter.doFilter(AnonymousAuthenticationFilter.java:78)\n	at org.springframework.security.web.FilterChainProxy$VirtualFilterChain.doFilter(FilterChainProxy.java:380)\n	at org.springframework.security.web.servletapi.SecurityContextHolderAwareRequestFilter.doFilter(SecurityContextHolderAwareRequestFilter.java:54)\n	at org.springframework.security.web.FilterChainProxy$VirtualFilterChain.doFilter(FilterChainProxy.java:380)\n	at org.springframework.security.web.savedrequest.RequestCacheAwareFilter.doFilter(RequestCacheAwareFilter.java:35)\n	at org.springframework.security.web.FilterChainProxy$VirtualFilterChain.doFilter(FilterChainProxy.java:380)\n	at org.springframework.security.web.authentication.AbstractAuthenticationProcessingFilter.doFilter(AbstractAuthenticationProcessingFilter.java:187)\n	at org.springframework.security.web.FilterChainProxy$VirtualFilterChain.doFilter(FilterChainProxy.java:380)\n	at org.springframework.security.web.authentication.logout.LogoutFilter.doFilter(LogoutFilter.java:105)\n	at org.springframework.security.web.FilterChainProxy$VirtualFilterChain.doFilter(FilterChainProxy.java:380)\n	at org.springframework.security.web.context.SecurityContextPersistenceFilter.doFilter(SecurityContextPersistenceFilter.java:79)\n	at org.springframework.security.web.FilterChainProxy$VirtualFilterChain.doFilter(FilterChainProxy.java:380)\n	at org.springframework.security.web.FilterChainProxy.doFilter(FilterChainProxy.java:169)\n	at org.springframework.web.filter.DelegatingFilterProxy.invokeDelegate(DelegatingFilterProxy.java:237)\n	at org.springframework.web.filter.DelegatingFilterProxy.doFilter(DelegatingFilterProxy.java:167)\n	at org.apache.catalina.core.ApplicationFilterChain.internalDoFilter(ApplicationFilterChain.java:243)\n	at org.apache.catalina.core.ApplicationFilterChain.doFilter(ApplicationFilterChain.java:210)\n	at org.apache.catalina.core.StandardWrapperValve.invoke(StandardWrapperValve.java:222)\n	at org.apache.catalina.core.StandardContextValve.invoke(StandardContextValve.java:123)\n	at org.apache.catalina.authenticator.AuthenticatorBase.invoke(AuthenticatorBase.java:502)\n	at org.apache.catalina.core.StandardHostValve.invoke(StandardHostValve.java:171)\n	at org.apache.catalina.valves.ErrorReportValve.invoke(ErrorReportValve.java:99)\n	at org.apache.catalina.valves.AccessLogValve.invoke(AccessLogValve.java:953)\n	at org.apache.catalina.core.StandardEngineValve.invoke(StandardEngineValve.java:118)\n	at org.apache.catalina.ha.session.JvmRouteBinderValve.invoke(JvmRouteBinderValve.java:219)\n	at org.apache.catalina.ha.tcp.ReplicationValve.invoke(ReplicationValve.java:335)\n	at org.apache.catalina.connector.CoyoteAdapter.service(CoyoteAdapter.java:408)\n	at org.apache.coyote.http11.AbstractHttp11Processor.process(AbstractHttp11Processor.java:1023)\n	at org.apache.coyote.AbstractProtocol$AbstractConnectionHandler.process(AbstractProtocol.java:589)\n	at org.apache.tomcat.util.net.JIoEndpoint$SocketProcessor.run(JIoEndpoint.java:310)\n	at java.util.concurrent.ThreadPoolExecutor$Worker.runTask(ThreadPoolExecutor.java:886)\n	at java.util.concurrent.ThreadPoolExecutor$Worker.run(ThreadPoolExecutor.java:908)\n	at java.lang.Thread.run(Thread.java:619)\n</p>t\0smart.noreply@netpace.comt\0Exception email sentsr\0\Zjava.util.Arrays$ArrayList<\0[\0at\0[Ljava/lang/Object;xpur\0[Ljava.lang.String;V{G\0\0xp\0\0\0t\0wakram@netpace.com','SENT','2013-09-24 02:41:40','','2013-09-24 02:41:40','','0'),(4953,'Verizon Smart Accessories Partner Portal: Invitation to Join','margo.hammar@verizon.com','\0sr\0*com.netpace.notification.vo.EmailMessageVO/\\}\Z\0Z\0htmlContentL\0contentt\0Ljava/lang/String;L\0fromAddressq\0~\0L\0subjectq\0~\0L\0toAddressest\0Ljava/util/List;xr\0com.netpace.commons.vo.RecordS&8h\0L\0idt\0Ljava/lang/Integer;L\0\rversionNumberq\0~\0xpppt\"<div>\r\n	You have been invited by Laiwah Alice Leung to join the Verizon Smart Accessories Partner Portal. Please click the link below to complete your registration.</div>\r\n<div>\r\n	&nbsp;</div>\r\n<div>\r\n	http://smart.netpace.com/device/admin/invitation.do?authCode=62b7a60a-3224-46cf-96d5-720d2ee853fc</div>\r\n<div>\r\n	&nbsp;</div>\r\n<div>\r\n	If clicking the link above does not work, please copy and paste the URL in a new browser window instead.</div>\r\n<div>\r\n	&nbsp;</div>\r\n<div>\r\n	Sincerely,</div>\r\n<div>\r\n	The Verizon Smart Accesories Team</div>\r\nt\0smart.noreply@netpace.comt\0<Verizon Smart Accessories Partner Portal: Invitation to Joinsr\0\Zjava.util.Arrays$ArrayList<\0[\0at\0[Ljava/lang/Object;xpur\0[Ljava.lang.String;V{G\0\0xp\0\0\0t\0margo.hammar@verizon.com','SENT','2013-09-24 09:53:40','','2013-09-24 09:53:40','','0'),(4955,'Verizon Smart Accessories Partner Portal: Registration Validation Link','eugene.young@ovi.com','\0sr\0*com.netpace.notification.vo.EmailMessageVO/\\}\Z\0Z\0htmlContentL\0contentt\0Ljava/lang/String;L\0fromAddressq\0~\0L\0subjectq\0~\0L\0toAddressest\0Ljava/util/List;xr\0com.netpace.commons.vo.RecordS&8h\0L\0idt\0Ljava/lang/Integer;L\0\rversionNumberq\0~\0xpppt<div>\r\n	Please click the link below to complete your user registration on the Verizon Smart Accessories Partner Portal site:</div>\r\n<div>\r\n	&nbsp;</div>\r\n<div>\r\n	http://smart.netpace.com/device/activation.do?authCode=a9b4f1f0-2de3-402b-8796-eb8c033a7d79</div>\r\n<div>\r\n	&nbsp;</div>\r\n<div>\r\n	If clicking the link above does not work, please copy and paste the URL in a new browser window instead.</div>\r\n<div>\r\n	&nbsp;</div>\r\n<div>\r\n	Sincerely,</div>\r\n<div>\r\n	The Verizon Smart Accessories Team</div>\r\nt\0smart.noreply@netpace.comt\0FVerizon Smart Accessories Partner Portal: Registration Validation Linksr\0\Zjava.util.Arrays$ArrayList<\0[\0at\0[Ljava/lang/Object;xpur\0[Ljava.lang.String;V{G\0\0xp\0\0\0t\0eugene.young@ovi.com','SENT','2013-09-24 10:19:12','','2013-09-24 10:19:12','','0'),(4957,'Verizon Smart Accessories Partner Portal: Partner Registration Pending Device Marketing Review','','\0sr\0*com.netpace.notification.vo.EmailMessageVO/\\}\Z\0Z\0htmlContentL\0contentt\0Ljava/lang/String;L\0fromAddressq\0~\0L\0subjectq\0~\0L\0toAddressest\0Ljava/util/List;xr\0com.netpace.commons.vo.RecordS&8h\0L\0idt\0Ljava/lang/Integer;L\0\rversionNumberq\0~\0xpppt\0<p>\r\n	The registration request from OVI Inc. to join the Verizon Smart Accessories Partner Portal is now ready for review by Device Marketing.</p>\r\n<p>\r\n	Please log into the portal to review.</p>\r\nt\0smart.noreply@netpace.comt\0^Verizon Smart Accessories Partner Portal: Partner Registration Pending Device Marketing Reviewsr\0java.util.ArrayListxa\0I\0sizexp\0\0\0\0w\0\0\0\nx','FAILED','2013-09-24 10:59:35','','2013-09-24 10:59:35','','0'),(4959,'Verizon Smart Accessories Partner Portal: Username Change Assistance','Eugene.Young@VerizonWireless.com','\0sr\0*com.netpace.notification.vo.EmailMessageVO/\\}\Z\0Z\0htmlContentL\0contentt\0Ljava/lang/String;L\0fromAddressq\0~\0L\0subjectq\0~\0L\0toAddressest\0Ljava/util/List;xr\0com.netpace.commons.vo.RecordS&8h\0L\0idt\0Ljava/lang/Integer;L\0\rversionNumberq\0~\0xpppt<p>\r\n	Your User Name for the VSAPP platform is &quot;youngeu&quot;.</p>\r\n<p>\r\n	<br />\r\n	If you had not requested help with your username, please log into your account and verify your information.</p>\r\n<p>\r\n	<br />\r\n	Sincerely,<br />\r\n	The Verizon Smart Accessories Team</p>\r\nt\0smart.noreply@netpace.comt\0DVerizon Smart Accessories Partner Portal: Username Change Assistancesr\0\Zjava.util.Arrays$ArrayList<\0[\0at\0[Ljava/lang/Object;xpur\0[Ljava.lang.String;V{G\0\0xp\0\0\0t\0 Eugene.Young@VerizonWireless.com','SENT','2013-09-24 12:48:34','','2013-09-24 12:48:34','','0'),(4961,'Verizon Smart Accessories Partner Portal: Invitation to Join','ioannis.tsampalis@verizonwireless.com','\0sr\0*com.netpace.notification.vo.EmailMessageVO/\\}\Z\0Z\0htmlContentL\0contentt\0Ljava/lang/String;L\0fromAddressq\0~\0L\0subjectq\0~\0L\0toAddressest\0Ljava/util/List;xr\0com.netpace.commons.vo.RecordS&8h\0L\0idt\0Ljava/lang/Integer;L\0\rversionNumberq\0~\0xpppt<div>\r\n	You have been invited by Eugene Young to join the Verizon Smart Accessories Partner Portal. Please click the link below to complete your registration.</div>\r\n<div>\r\n	&nbsp;</div>\r\n<div>\r\n	http://smart.netpace.com/device/admin/invitation.do?authCode=5c4cada8-5ffa-49df-a2fd-b5da07f69dcd</div>\r\n<div>\r\n	&nbsp;</div>\r\n<div>\r\n	If clicking the link above does not work, please copy and paste the URL in a new browser window instead.</div>\r\n<div>\r\n	&nbsp;</div>\r\n<div>\r\n	Sincerely,</div>\r\n<div>\r\n	The Verizon Smart Accesories Team</div>\r\nt\0smart.noreply@netpace.comt\0<Verizon Smart Accessories Partner Portal: Invitation to Joinsr\0\Zjava.util.Arrays$ArrayList<\0[\0at\0[Ljava/lang/Object;xpur\0[Ljava.lang.String;V{G\0\0xp\0\0\0t\0%ioannis.tsampalis@verizonwireless.com','SENT','2013-09-24 13:07:32','','2013-09-24 13:07:32','','0'),(4963,'Verizon Smart Accessories Partner Portal: Invitation to Join','monica.hoover@verizonwireless.com','\0sr\0*com.netpace.notification.vo.EmailMessageVO/\\}\Z\0Z\0htmlContentL\0contentt\0Ljava/lang/String;L\0fromAddressq\0~\0L\0subjectq\0~\0L\0toAddressest\0Ljava/util/List;xr\0com.netpace.commons.vo.RecordS&8h\0L\0idt\0Ljava/lang/Integer;L\0\rversionNumberq\0~\0xpppt<div>\r\n	You have been invited by Eugene Young to join the Verizon Smart Accessories Partner Portal. Please click the link below to complete your registration.</div>\r\n<div>\r\n	&nbsp;</div>\r\n<div>\r\n	http://smart.netpace.com/device/admin/invitation.do?authCode=74e79f7f-e737-4fb4-bb0a-82f99d191e8f</div>\r\n<div>\r\n	&nbsp;</div>\r\n<div>\r\n	If clicking the link above does not work, please copy and paste the URL in a new browser window instead.</div>\r\n<div>\r\n	&nbsp;</div>\r\n<div>\r\n	Sincerely,</div>\r\n<div>\r\n	The Verizon Smart Accesories Team</div>\r\nt\0smart.noreply@netpace.comt\0<Verizon Smart Accessories Partner Portal: Invitation to Joinsr\0\Zjava.util.Arrays$ArrayList<\0[\0at\0[Ljava/lang/Object;xpur\0[Ljava.lang.String;V{G\0\0xp\0\0\0t\0!monica.hoover@verizonwireless.com','SENT','2013-09-24 13:08:00','','2013-09-24 13:08:00','','0'),(4965,'Verizon Smart Accessories Partner Portal: Invitation to Join','marla.witter@verizonwireless.com','\0sr\0*com.netpace.notification.vo.EmailMessageVO/\\}\Z\0Z\0htmlContentL\0contentt\0Ljava/lang/String;L\0fromAddressq\0~\0L\0subjectq\0~\0L\0toAddressest\0Ljava/util/List;xr\0com.netpace.commons.vo.RecordS&8h\0L\0idt\0Ljava/lang/Integer;L\0\rversionNumberq\0~\0xpppt<div>\r\n	You have been invited by Eugene Young to join the Verizon Smart Accessories Partner Portal. Please click the link below to complete your registration.</div>\r\n<div>\r\n	&nbsp;</div>\r\n<div>\r\n	http://smart.netpace.com/device/admin/invitation.do?authCode=1ccb70c1-0a07-4c61-a1ab-3dd223c0857b</div>\r\n<div>\r\n	&nbsp;</div>\r\n<div>\r\n	If clicking the link above does not work, please copy and paste the URL in a new browser window instead.</div>\r\n<div>\r\n	&nbsp;</div>\r\n<div>\r\n	Sincerely,</div>\r\n<div>\r\n	The Verizon Smart Accesories Team</div>\r\nt\0smart.noreply@netpace.comt\0<Verizon Smart Accessories Partner Portal: Invitation to Joinsr\0\Zjava.util.Arrays$ArrayList<\0[\0at\0[Ljava/lang/Object;xpur\0[Ljava.lang.String;V{G\0\0xp\0\0\0t\0 marla.witter@verizonwireless.com','SENT','2013-09-24 13:08:40','','2013-09-24 13:08:40','','0'),(4967,'Verizon Smart Accessories Partner Portal: Invitation to Join','frank.larocca@verizonwireless.com','\0sr\0*com.netpace.notification.vo.EmailMessageVO/\\}\Z\0Z\0htmlContentL\0contentt\0Ljava/lang/String;L\0fromAddressq\0~\0L\0subjectq\0~\0L\0toAddressest\0Ljava/util/List;xr\0com.netpace.commons.vo.RecordS&8h\0L\0idt\0Ljava/lang/Integer;L\0\rversionNumberq\0~\0xpppt<div>\r\n	You have been invited by Eugene Young to join the Verizon Smart Accessories Partner Portal. Please click the link below to complete your registration.</div>\r\n<div>\r\n	&nbsp;</div>\r\n<div>\r\n	http://smart.netpace.com/device/admin/invitation.do?authCode=c070f22d-c405-494a-b53c-e50bb97acdd8</div>\r\n<div>\r\n	&nbsp;</div>\r\n<div>\r\n	If clicking the link above does not work, please copy and paste the URL in a new browser window instead.</div>\r\n<div>\r\n	&nbsp;</div>\r\n<div>\r\n	Sincerely,</div>\r\n<div>\r\n	The Verizon Smart Accesories Team</div>\r\nt\0smart.noreply@netpace.comt\0<Verizon Smart Accessories Partner Portal: Invitation to Joinsr\0\Zjava.util.Arrays$ArrayList<\0[\0at\0[Ljava/lang/Object;xpur\0[Ljava.lang.String;V{G\0\0xp\0\0\0t\0!frank.larocca@verizonwireless.com','SENT','2013-09-24 13:09:32','','2013-09-24 13:09:32','','0'),(4969,'Verizon Smart Accessories Partner Portal: Invitation to Join','joel.angiolillo@verizonwireless.com','\0sr\0*com.netpace.notification.vo.EmailMessageVO/\\}\Z\0Z\0htmlContentL\0contentt\0Ljava/lang/String;L\0fromAddressq\0~\0L\0subjectq\0~\0L\0toAddressest\0Ljava/util/List;xr\0com.netpace.commons.vo.RecordS&8h\0L\0idt\0Ljava/lang/Integer;L\0\rversionNumberq\0~\0xpppt<div>\r\n	You have been invited by Eugene Young to join the Verizon Smart Accessories Partner Portal. Please click the link below to complete your registration.</div>\r\n<div>\r\n	&nbsp;</div>\r\n<div>\r\n	http://smart.netpace.com/device/admin/invitation.do?authCode=6252436e-73f3-4494-bfe3-d110f02606ec</div>\r\n<div>\r\n	&nbsp;</div>\r\n<div>\r\n	If clicking the link above does not work, please copy and paste the URL in a new browser window instead.</div>\r\n<div>\r\n	&nbsp;</div>\r\n<div>\r\n	Sincerely,</div>\r\n<div>\r\n	The Verizon Smart Accesories Team</div>\r\nt\0smart.noreply@netpace.comt\0<Verizon Smart Accessories Partner Portal: Invitation to Joinsr\0\Zjava.util.Arrays$ArrayList<\0[\0at\0[Ljava/lang/Object;xpur\0[Ljava.lang.String;V{G\0\0xp\0\0\0t\0#joel.angiolillo@verizonwireless.com','SENT','2013-09-24 13:10:33','','2013-09-24 13:10:33','','0'),(4971,'Verizon Smart Accessories Partner Portal: Invitation to Join','steve.linke@verizonwireless.com','\0sr\0*com.netpace.notification.vo.EmailMessageVO/\\}\Z\0Z\0htmlContentL\0contentt\0Ljava/lang/String;L\0fromAddressq\0~\0L\0subjectq\0~\0L\0toAddressest\0Ljava/util/List;xr\0com.netpace.commons.vo.RecordS&8h\0L\0idt\0Ljava/lang/Integer;L\0\rversionNumberq\0~\0xpppt<div>\r\n	You have been invited by Eugene Young to join the Verizon Smart Accessories Partner Portal. Please click the link below to complete your registration.</div>\r\n<div>\r\n	&nbsp;</div>\r\n<div>\r\n	http://smart.netpace.com/device/admin/invitation.do?authCode=f19980e4-89ce-49d5-9042-1645c1bc86bd</div>\r\n<div>\r\n	&nbsp;</div>\r\n<div>\r\n	If clicking the link above does not work, please copy and paste the URL in a new browser window instead.</div>\r\n<div>\r\n	&nbsp;</div>\r\n<div>\r\n	Sincerely,</div>\r\n<div>\r\n	The Verizon Smart Accesories Team</div>\r\nt\0smart.noreply@netpace.comt\0<Verizon Smart Accessories Partner Portal: Invitation to Joinsr\0\Zjava.util.Arrays$ArrayList<\0[\0at\0[Ljava/lang/Object;xpur\0[Ljava.lang.String;V{G\0\0xp\0\0\0t\0steve.linke@verizonwireless.com','SENT','2013-09-24 13:11:05','','2013-09-24 13:11:05','','0'),(4973,'Verizon Smart Accessories Partner Portal: Invitation to Join','vijayanand.paulrajan@verizonwireless.com','\0sr\0*com.netpace.notification.vo.EmailMessageVO/\\}\Z\0Z\0htmlContentL\0contentt\0Ljava/lang/String;L\0fromAddressq\0~\0L\0subjectq\0~\0L\0toAddressest\0Ljava/util/List;xr\0com.netpace.commons.vo.RecordS&8h\0L\0idt\0Ljava/lang/Integer;L\0\rversionNumberq\0~\0xpppt<div>\r\n	You have been invited by Eugene Young to join the Verizon Smart Accessories Partner Portal. Please click the link below to complete your registration.</div>\r\n<div>\r\n	&nbsp;</div>\r\n<div>\r\n	http://smart.netpace.com/device/admin/invitation.do?authCode=caac66b1-991b-4358-82ec-47e1fd1fe5ec</div>\r\n<div>\r\n	&nbsp;</div>\r\n<div>\r\n	If clicking the link above does not work, please copy and paste the URL in a new browser window instead.</div>\r\n<div>\r\n	&nbsp;</div>\r\n<div>\r\n	Sincerely,</div>\r\n<div>\r\n	The Verizon Smart Accesories Team</div>\r\nt\0smart.noreply@netpace.comt\0<Verizon Smart Accessories Partner Portal: Invitation to Joinsr\0\Zjava.util.Arrays$ArrayList<\0[\0at\0[Ljava/lang/Object;xpur\0[Ljava.lang.String;V{G\0\0xp\0\0\0t\0(vijayanand.paulrajan@verizonwireless.com','SENT','2013-09-24 13:12:00','','2013-09-24 13:12:00','','0'),(4975,'Verizon Smart Accessories Partner Portal: Invitation to Join','Farook.kaleem@verizonwireless.com','\0sr\0*com.netpace.notification.vo.EmailMessageVO/\\}\Z\0Z\0htmlContentL\0contentt\0Ljava/lang/String;L\0fromAddressq\0~\0L\0subjectq\0~\0L\0toAddressest\0Ljava/util/List;xr\0com.netpace.commons.vo.RecordS&8h\0L\0idt\0Ljava/lang/Integer;L\0\rversionNumberq\0~\0xpppt<div>\r\n	You have been invited by Eugene Young to join the Verizon Smart Accessories Partner Portal. Please click the link below to complete your registration.</div>\r\n<div>\r\n	&nbsp;</div>\r\n<div>\r\n	http://smart.netpace.com/device/admin/invitation.do?authCode=d8e1f341-b977-45a5-9dcc-7b4a1fb683b4</div>\r\n<div>\r\n	&nbsp;</div>\r\n<div>\r\n	If clicking the link above does not work, please copy and paste the URL in a new browser window instead.</div>\r\n<div>\r\n	&nbsp;</div>\r\n<div>\r\n	Sincerely,</div>\r\n<div>\r\n	The Verizon Smart Accesories Team</div>\r\nt\0smart.noreply@netpace.comt\0<Verizon Smart Accessories Partner Portal: Invitation to Joinsr\0\Zjava.util.Arrays$ArrayList<\0[\0at\0[Ljava/lang/Object;xpur\0[Ljava.lang.String;V{G\0\0xp\0\0\0t\0!Farook.kaleem@verizonwireless.com','SENT','2013-09-24 13:12:25','','2013-09-24 13:12:25','','0'),(4977,'Verizon Smart Accessories Partner Portal: Invitation to Join','jyothi.keshavdas@verizonwireless.com','\0sr\0*com.netpace.notification.vo.EmailMessageVO/\\}\Z\0Z\0htmlContentL\0contentt\0Ljava/lang/String;L\0fromAddressq\0~\0L\0subjectq\0~\0L\0toAddressest\0Ljava/util/List;xr\0com.netpace.commons.vo.RecordS&8h\0L\0idt\0Ljava/lang/Integer;L\0\rversionNumberq\0~\0xpppt<div>\r\n	You have been invited by Eugene Young to join the Verizon Smart Accessories Partner Portal. Please click the link below to complete your registration.</div>\r\n<div>\r\n	&nbsp;</div>\r\n<div>\r\n	http://smart.netpace.com/device/admin/invitation.do?authCode=4da8dccc-6f7f-438a-9a62-b230978b5bf2</div>\r\n<div>\r\n	&nbsp;</div>\r\n<div>\r\n	If clicking the link above does not work, please copy and paste the URL in a new browser window instead.</div>\r\n<div>\r\n	&nbsp;</div>\r\n<div>\r\n	Sincerely,</div>\r\n<div>\r\n	The Verizon Smart Accesories Team</div>\r\nt\0smart.noreply@netpace.comt\0<Verizon Smart Accessories Partner Portal: Invitation to Joinsr\0\Zjava.util.Arrays$ArrayList<\0[\0at\0[Ljava/lang/Object;xpur\0[Ljava.lang.String;V{G\0\0xp\0\0\0t\0$jyothi.keshavdas@verizonwireless.com','SENT','2013-09-24 13:13:08','','2013-09-24 13:13:08','','0'),(4979,'Verizon Smart Accessories Partner Portal: Invitation to Join','david.dempski@verizonwireless.com','\0sr\0*com.netpace.notification.vo.EmailMessageVO/\\}\Z\0Z\0htmlContentL\0contentt\0Ljava/lang/String;L\0fromAddressq\0~\0L\0subjectq\0~\0L\0toAddressest\0Ljava/util/List;xr\0com.netpace.commons.vo.RecordS&8h\0L\0idt\0Ljava/lang/Integer;L\0\rversionNumberq\0~\0xpppt<div>\r\n	You have been invited by Eugene Young to join the Verizon Smart Accessories Partner Portal. Please click the link below to complete your registration.</div>\r\n<div>\r\n	&nbsp;</div>\r\n<div>\r\n	http://smart.netpace.com/device/admin/invitation.do?authCode=af56d86d-e599-46bd-a835-1ce3e0af40de</div>\r\n<div>\r\n	&nbsp;</div>\r\n<div>\r\n	If clicking the link above does not work, please copy and paste the URL in a new browser window instead.</div>\r\n<div>\r\n	&nbsp;</div>\r\n<div>\r\n	Sincerely,</div>\r\n<div>\r\n	The Verizon Smart Accesories Team</div>\r\nt\0smart.noreply@netpace.comt\0<Verizon Smart Accessories Partner Portal: Invitation to Joinsr\0\Zjava.util.Arrays$ArrayList<\0[\0at\0[Ljava/lang/Object;xpur\0[Ljava.lang.String;V{G\0\0xp\0\0\0t\0!david.dempski@verizonwireless.com','SENT','2013-09-24 13:13:42','','2013-09-24 13:13:43','','0'),(4981,'Verizon Smart Accessories Partner Portal: Invitation to Join','jennifer.gibbings@verizonwireless.com','\0sr\0*com.netpace.notification.vo.EmailMessageVO/\\}\Z\0Z\0htmlContentL\0contentt\0Ljava/lang/String;L\0fromAddressq\0~\0L\0subjectq\0~\0L\0toAddressest\0Ljava/util/List;xr\0com.netpace.commons.vo.RecordS&8h\0L\0idt\0Ljava/lang/Integer;L\0\rversionNumberq\0~\0xpppt<div>\r\n	You have been invited by Eugene Young to join the Verizon Smart Accessories Partner Portal. Please click the link below to complete your registration.</div>\r\n<div>\r\n	&nbsp;</div>\r\n<div>\r\n	http://smart.netpace.com/device/admin/invitation.do?authCode=addeb0d7-0831-494b-a7e9-8f3a890f4cea</div>\r\n<div>\r\n	&nbsp;</div>\r\n<div>\r\n	If clicking the link above does not work, please copy and paste the URL in a new browser window instead.</div>\r\n<div>\r\n	&nbsp;</div>\r\n<div>\r\n	Sincerely,</div>\r\n<div>\r\n	The Verizon Smart Accesories Team</div>\r\nt\0smart.noreply@netpace.comt\0<Verizon Smart Accessories Partner Portal: Invitation to Joinsr\0\Zjava.util.Arrays$ArrayList<\0[\0at\0[Ljava/lang/Object;xpur\0[Ljava.lang.String;V{G\0\0xp\0\0\0t\0%jennifer.gibbings@verizonwireless.com','SENT','2013-09-24 13:14:20','','2013-09-24 13:14:20','','0'),(4983,'Verizon Smart Accessories Partner Portal: Invitation to Join','margo.hammar@one.verizon.com','\0sr\0*com.netpace.notification.vo.EmailMessageVO/\\}\Z\0Z\0htmlContentL\0contentt\0Ljava/lang/String;L\0fromAddressq\0~\0L\0subjectq\0~\0L\0toAddressest\0Ljava/util/List;xr\0com.netpace.commons.vo.RecordS&8h\0L\0idt\0Ljava/lang/Integer;L\0\rversionNumberq\0~\0xpppt<div>\r\n	You have been invited by Eugene Young to join the Verizon Smart Accessories Partner Portal. Please click the link below to complete your registration.</div>\r\n<div>\r\n	&nbsp;</div>\r\n<div>\r\n	http://smart.netpace.com/device/admin/invitation.do?authCode=61f24f39-d64b-43f2-8f14-fd2d0822f875</div>\r\n<div>\r\n	&nbsp;</div>\r\n<div>\r\n	If clicking the link above does not work, please copy and paste the URL in a new browser window instead.</div>\r\n<div>\r\n	&nbsp;</div>\r\n<div>\r\n	Sincerely,</div>\r\n<div>\r\n	The Verizon Smart Accesories Team</div>\r\nt\0smart.noreply@netpace.comt\0<Verizon Smart Accessories Partner Portal: Invitation to Joinsr\0\Zjava.util.Arrays$ArrayList<\0[\0at\0[Ljava/lang/Object;xpur\0[Ljava.lang.String;V{G\0\0xp\0\0\0t\0margo.hammar@one.verizon.com','SENT','2013-09-24 13:14:59','','2013-09-24 13:14:59','','0'),(4985,'Verizon Smart Accessories Partner Portal: Invitation to Join','lwaleung@vzw.com','\0sr\0*com.netpace.notification.vo.EmailMessageVO/\\}\Z\0Z\0htmlContentL\0contentt\0Ljava/lang/String;L\0fromAddressq\0~\0L\0subjectq\0~\0L\0toAddressest\0Ljava/util/List;xr\0com.netpace.commons.vo.RecordS&8h\0L\0idt\0Ljava/lang/Integer;L\0\rversionNumberq\0~\0xpppt\"<div>\r\n	You have been invited by Laiwah Alice Leung to join the Verizon Smart Accessories Partner Portal. Please click the link below to complete your registration.</div>\r\n<div>\r\n	&nbsp;</div>\r\n<div>\r\n	http://smart.netpace.com/device/admin/invitation.do?authCode=4564ec73-67a7-44c3-b25f-8cd04233e566</div>\r\n<div>\r\n	&nbsp;</div>\r\n<div>\r\n	If clicking the link above does not work, please copy and paste the URL in a new browser window instead.</div>\r\n<div>\r\n	&nbsp;</div>\r\n<div>\r\n	Sincerely,</div>\r\n<div>\r\n	The Verizon Smart Accesories Team</div>\r\nt\0smart.noreply@netpace.comt\0<Verizon Smart Accessories Partner Portal: Invitation to Joinsr\0\Zjava.util.Arrays$ArrayList<\0[\0at\0[Ljava/lang/Object;xpur\0[Ljava.lang.String;V{G\0\0xp\0\0\0t\0lwaleung@vzw.com','SENT','2013-09-24 13:33:50','','2013-09-24 13:33:50','','0'),(4987,'Verizon Smart Accessories Partner Portal: Invitation to Join','laiwah.leung@vzw.com','\0sr\0*com.netpace.notification.vo.EmailMessageVO/\\}\Z\0Z\0htmlContentL\0contentt\0Ljava/lang/String;L\0fromAddressq\0~\0L\0subjectq\0~\0L\0toAddressest\0Ljava/util/List;xr\0com.netpace.commons.vo.RecordS&8h\0L\0idt\0Ljava/lang/Integer;L\0\rversionNumberq\0~\0xpppt\"<div>\r\n	You have been invited by Laiwah Alice Leung to join the Verizon Smart Accessories Partner Portal. Please click the link below to complete your registration.</div>\r\n<div>\r\n	&nbsp;</div>\r\n<div>\r\n	http://smart.netpace.com/device/admin/invitation.do?authCode=e627ba64-e53f-4ade-809c-8ea889d5ee46</div>\r\n<div>\r\n	&nbsp;</div>\r\n<div>\r\n	If clicking the link above does not work, please copy and paste the URL in a new browser window instead.</div>\r\n<div>\r\n	&nbsp;</div>\r\n<div>\r\n	Sincerely,</div>\r\n<div>\r\n	The Verizon Smart Accesories Team</div>\r\nt\0smart.noreply@netpace.comt\0<Verizon Smart Accessories Partner Portal: Invitation to Joinsr\0\Zjava.util.Arrays$ArrayList<\0[\0at\0[Ljava/lang/Object;xpur\0[Ljava.lang.String;V{G\0\0xp\0\0\0t\0laiwah.leung@vzw.com','SENT','2013-09-24 13:34:31','','2013-09-24 13:34:31','','0'),(4989,'Exception email sent','wakram@netpace.com','\0sr\0*com.netpace.notification.vo.EmailMessageVO/\\}\Z\0Z\0htmlContentL\0contentt\0Ljava/lang/String;L\0fromAddressq\0~\0L\0subjectq\0~\0L\0toAddressest\0Ljava/util/List;xr\0com.netpace.commons.vo.RecordS&8h\0L\0idt\0Ljava/lang/Integer;L\0\rversionNumberq\0~\0xpppt<p>org.springframework.web.HttpRequestMethodNotSupportedException: Request method \'HEAD\' not supported\n	at org.springframework.web.servlet.mvc.annotation.AnnotationMethodHandlerAdapter$ServletHandlerMethodResolver.resolveHandlerMethod(AnnotationMethodHandlerAdapter.java:623)\n	at org.springframework.web.servlet.mvc.annotation.AnnotationMethodHandlerAdapter.invokeHandlerMethod(AnnotationMethodHandlerAdapter.java:421)\n	at org.springframework.web.servlet.mvc.annotation.AnnotationMethodHandlerAdapter.handle(AnnotationMethodHandlerAdapter.java:414)\n	at org.springframework.web.servlet.DispatcherServlet.doDispatch(DispatcherServlet.java:790)\n	at org.springframework.web.servlet.DispatcherServlet.doService(DispatcherServlet.java:719)\n	at org.springframework.web.servlet.FrameworkServlet.processRequest(FrameworkServlet.java:644)\n	at org.springframework.web.servlet.FrameworkServlet.doGet(FrameworkServlet.java:549)\n	at javax.servlet.http.HttpServlet.doHead(HttpServlet.java:244)\n	at javax.servlet.http.HttpServlet.service(HttpServlet.java:644)\n	at javax.servlet.http.HttpServlet.service(HttpServlet.java:728)\n	at org.apache.catalina.core.ApplicationFilterChain.internalDoFilter(ApplicationFilterChain.java:305)\n	at org.apache.catalina.core.ApplicationFilterChain.doFilter(ApplicationFilterChain.java:210)\n	at com.opensymphony.sitemesh.webapp.SiteMeshFilter.obtainContent(SiteMeshFilter.java:129)\n	at com.opensymphony.sitemesh.webapp.SiteMeshFilter.doFilter(SiteMeshFilter.java:77)\n	at org.apache.catalina.core.ApplicationFilterChain.internalDoFilter(ApplicationFilterChain.java:243)\n	at org.apache.catalina.core.ApplicationFilterChain.doFilter(ApplicationFilterChain.java:210)\n	at org.springframework.security.web.FilterChainProxy$VirtualFilterChain.doFilter(FilterChainProxy.java:368)\n	at org.springframework.security.web.access.intercept.FilterSecurityInterceptor.invoke(FilterSecurityInterceptor.java:109)\n	at org.springframework.security.web.access.intercept.FilterSecurityInterceptor.doFilter(FilterSecurityInterceptor.java:83)\n	at org.springframework.security.web.FilterChainProxy$VirtualFilterChain.doFilter(FilterChainProxy.java:380)\n	at org.springframework.security.web.access.ExceptionTranslationFilter.doFilter(ExceptionTranslationFilter.java:97)\n	at org.springframework.security.web.FilterChainProxy$VirtualFilterChain.doFilter(FilterChainProxy.java:380)\n	at org.springframework.security.web.session.SessionManagementFilter.doFilter(SessionManagementFilter.java:100)\n	at org.springframework.security.web.FilterChainProxy$VirtualFilterChain.doFilter(FilterChainProxy.java:380)\n	at org.springframework.security.web.authentication.AnonymousAuthenticationFilter.doFilter(AnonymousAuthenticationFilter.java:78)\n	at org.springframework.security.web.FilterChainProxy$VirtualFilterChain.doFilter(FilterChainProxy.java:380)\n	at org.springframework.security.web.servletapi.SecurityContextHolderAwareRequestFilter.doFilter(SecurityContextHolderAwareRequestFilter.java:54)\n	at org.springframework.security.web.FilterChainProxy$VirtualFilterChain.doFilter(FilterChainProxy.java:380)\n	at org.springframework.security.web.savedrequest.RequestCacheAwareFilter.doFilter(RequestCacheAwareFilter.java:35)\n	at org.springframework.security.web.FilterChainProxy$VirtualFilterChain.doFilter(FilterChainProxy.java:380)\n	at org.springframework.security.web.authentication.AbstractAuthenticationProcessingFilter.doFilter(AbstractAuthenticationProcessingFilter.java:187)\n	at org.springframework.security.web.FilterChainProxy$VirtualFilterChain.doFilter(FilterChainProxy.java:380)\n	at org.springframework.security.web.authentication.logout.LogoutFilter.doFilter(LogoutFilter.java:105)\n	at org.springframework.security.web.FilterChainProxy$VirtualFilterChain.doFilter(FilterChainProxy.java:380)\n	at org.springframework.security.web.context.SecurityContextPersistenceFilter.doFilter(SecurityContextPersistenceFilter.java:79)\n	at org.springframework.security.web.FilterChainProxy$VirtualFilterChain.doFilter(FilterChainProxy.java:380)\n	at org.springframework.security.web.FilterChainProxy.doFilter(FilterChainProxy.java:169)\n	at org.springframework.web.filter.DelegatingFilterProxy.invokeDelegate(DelegatingFilterProxy.java:237)\n	at org.springframework.web.filter.DelegatingFilterProxy.doFilter(DelegatingFilterProxy.java:167)\n	at org.apache.catalina.core.ApplicationFilterChain.internalDoFilter(ApplicationFilterChain.java:243)\n	at org.apache.catalina.core.ApplicationFilterChain.doFilter(ApplicationFilterChain.java:210)\n	at org.apache.catalina.core.StandardWrapperValve.invoke(StandardWrapperValve.java:222)\n	at org.apache.catalina.core.StandardContextValve.invoke(StandardContextValve.java:123)\n	at org.apache.catalina.authenticator.AuthenticatorBase.invoke(AuthenticatorBase.java:502)\n	at org.apache.catalina.core.StandardHostValve.invoke(StandardHostValve.java:171)\n	at org.apache.catalina.valves.ErrorReportValve.invoke(ErrorReportValve.java:99)\n	at org.apache.catalina.valves.AccessLogValve.invoke(AccessLogValve.java:953)\n	at org.apache.catalina.core.StandardEngineValve.invoke(StandardEngineValve.java:118)\n	at org.apache.catalina.ha.session.JvmRouteBinderValve.invoke(JvmRouteBinderValve.java:219)\n	at org.apache.catalina.ha.tcp.ReplicationValve.invoke(ReplicationValve.java:335)\n	at org.apache.catalina.connector.CoyoteAdapter.service(CoyoteAdapter.java:408)\n	at org.apache.coyote.http11.AbstractHttp11Processor.process(AbstractHttp11Processor.java:1023)\n	at org.apache.coyote.AbstractProtocol$AbstractConnectionHandler.process(AbstractProtocol.java:589)\n	at org.apache.tomcat.util.net.JIoEndpoint$SocketProcessor.run(JIoEndpoint.java:310)\n	at java.util.concurrent.ThreadPoolExecutor$Worker.runTask(ThreadPoolExecutor.java:886)\n	at java.util.concurrent.ThreadPoolExecutor$Worker.run(ThreadPoolExecutor.java:908)\n	at java.lang.Thread.run(Thread.java:619)\n</p>t\0smart.noreply@netpace.comt\0Exception email sentsr\0\Zjava.util.Arrays$ArrayList<\0[\0at\0[Ljava/lang/Object;xpur\0[Ljava.lang.String;V{G\0\0xp\0\0\0t\0wakram@netpace.com','SENT','2013-09-25 03:41:38','','2013-09-25 03:41:38','','0'),(4991,'Verizon Smart Accessories Partner Portal: Invitation to Join','brian.boudreau2@verizonwireless.com','\0sr\0*com.netpace.notification.vo.EmailMessageVO/\\}\Z\0Z\0htmlContentL\0contentt\0Ljava/lang/String;L\0fromAddressq\0~\0L\0subjectq\0~\0L\0toAddressest\0Ljava/util/List;xr\0com.netpace.commons.vo.RecordS&8h\0L\0idt\0Ljava/lang/Integer;L\0\rversionNumberq\0~\0xpppt<div>\r\n	You have been invited by Eugene Young to join the Verizon Smart Accessories Partner Portal. Please click the link below to complete your registration.</div>\r\n<div>\r\n	&nbsp;</div>\r\n<div>\r\n	http://smart.netpace.com/device/admin/invitation.do?authCode=0945a09e-0a0a-4be5-b1ff-1dffb677c030</div>\r\n<div>\r\n	&nbsp;</div>\r\n<div>\r\n	If clicking the link above does not work, please copy and paste the URL in a new browser window instead.</div>\r\n<div>\r\n	&nbsp;</div>\r\n<div>\r\n	Sincerely,</div>\r\n<div>\r\n	The Verizon Smart Accesories Team</div>\r\nt\0smart.noreply@netpace.comt\0<Verizon Smart Accessories Partner Portal: Invitation to Joinsr\0\Zjava.util.Arrays$ArrayList<\0[\0at\0[Ljava/lang/Object;xpur\0[Ljava.lang.String;V{G\0\0xp\0\0\0t\0#brian.boudreau2@verizonwireless.com','SENT','2013-09-25 06:30:12','','2013-09-25 06:30:12','','0'),(4993,'Verizon Smart Accessories Partner Portal: Request for Information by Device Marketing','frank.larocca@verizonwireless.com,jyothi.keshavdas@verizonwireless.com,jennifer.gibbings@verizonwireless.com,eugene.young@ovi.com','\0sr\0*com.netpace.notification.vo.EmailMessageVO/\\}\Z\0Z\0htmlContentL\0contentt\0Ljava/lang/String;L\0fromAddressq\0~\0L\0subjectq\0~\0L\0toAddressest\0Ljava/util/List;xr\0com.netpace.commons.vo.RecordS&8h\0L\0idt\0Ljava/lang/Integer;L\0\rversionNumberq\0~\0xppptR<div>\r\n	Verizon Device Marketing is currently reviewing your partner registration request for OVI Inc..</div>\r\n<div>\r\n	Please provide additional information for the following:</div>\r\n<div>\r\n	&nbsp;</div>\r\n<div>\r\n	</div>\r\n<div>\r\n	&nbsp;</div>\r\n<div>\r\n	Please email your reply to <email.address> </email.address>smart.support@verizonwireless.com <email.address>at your earliest convenience. Review of your request will resume once we have received the requested information.</email.address></div>\r\n<div>\r\n	&nbsp;</div>\r\n<div>\r\n	Sincerely,</div>\r\n<div>\r\n	The Verizon Smart Accessories Team</div>\r\nt\0smart.noreply@netpace.comt\0UVerizon Smart Accessories Partner Portal: Request for Information by Device Marketingsr\0java.util.ArrayListxa\0I\0sizexp\0\0\0w\0\0\0\nt\0!frank.larocca@verizonwireless.comt\0$jyothi.keshavdas@verizonwireless.comt\0%jennifer.gibbings@verizonwireless.comt\0eugene.young@ovi.comx','SENT','2013-09-25 06:34:05','','2013-09-25 06:34:06','','0'),(4995,'Verizon Smart Accessories Partner Portal: Registration Validation Link','aliceleung@dr.com','\0sr\0*com.netpace.notification.vo.EmailMessageVO/\\}\Z\0Z\0htmlContentL\0contentt\0Ljava/lang/String;L\0fromAddressq\0~\0L\0subjectq\0~\0L\0toAddressest\0Ljava/util/List;xr\0com.netpace.commons.vo.RecordS&8h\0L\0idt\0Ljava/lang/Integer;L\0\rversionNumberq\0~\0xpppt<div>\r\n	Please click the link below to complete your user registration on the Verizon Smart Accessories Partner Portal site:</div>\r\n<div>\r\n	&nbsp;</div>\r\n<div>\r\n	http://smart.netpace.com/device/activation.do?authCode=2e11e2c7-eea9-418d-a3eb-f174bdd9f2e1</div>\r\n<div>\r\n	&nbsp;</div>\r\n<div>\r\n	If clicking the link above does not work, please copy and paste the URL in a new browser window instead.</div>\r\n<div>\r\n	&nbsp;</div>\r\n<div>\r\n	Sincerely,</div>\r\n<div>\r\n	The Verizon Smart Accessories Team</div>\r\nt\0smart.noreply@netpace.comt\0FVerizon Smart Accessories Partner Portal: Registration Validation Linksr\0\Zjava.util.Arrays$ArrayList<\0[\0at\0[Ljava/lang/Object;xpur\0[Ljava.lang.String;V{G\0\0xp\0\0\0t\0aliceleung@dr.com','SENT','2013-09-25 15:42:37','','2013-09-25 15:42:37','','0'),(4997,'Verizon Smart Accessories Partner Portal: Partner Registration Pending Device Marketing Review','frank.larocca@verizonwireless.com,jyothi.keshavdas@verizonwireless.com,brian.boudreau2@verizonwireless.com,jennifer.gibbings@verizonwireless.com','\0sr\0*com.netpace.notification.vo.EmailMessageVO/\\}\Z\0Z\0htmlContentL\0contentt\0Ljava/lang/String;L\0fromAddressq\0~\0L\0subjectq\0~\0L\0toAddressest\0Ljava/util/List;xr\0com.netpace.commons.vo.RecordS&8h\0L\0idt\0Ljava/lang/Integer;L\0\rversionNumberq\0~\0xpppt\0<p>\r\n	The registration request from DR Test Co. to join the Verizon Smart Accessories Partner Portal is now ready for review by Device Marketing.</p>\r\n<p>\r\n	Please log into the portal to review.</p>\r\nt\0smart.noreply@netpace.comt\0^Verizon Smart Accessories Partner Portal: Partner Registration Pending Device Marketing Reviewsr\0java.util.ArrayListxa\0I\0sizexp\0\0\0w\0\0\0\nt\0!frank.larocca@verizonwireless.comt\0$jyothi.keshavdas@verizonwireless.comt\0#brian.boudreau2@verizonwireless.comt\0%jennifer.gibbings@verizonwireless.comx','SENT','2013-09-25 15:46:12','','2013-09-25 15:46:12','','0'),(4999,'Exception email sent','wakram@netpace.com','\0sr\0*com.netpace.notification.vo.EmailMessageVO/\\}\Z\0Z\0htmlContentL\0contentt\0Ljava/lang/String;L\0fromAddressq\0~\0L\0subjectq\0~\0L\0toAddressest\0Ljava/util/List;xr\0com.netpace.commons.vo.RecordS&8h\0L\0idt\0Ljava/lang/Integer;L\0\rversionNumberq\0~\0xpppt<p>org.springframework.web.HttpRequestMethodNotSupportedException: Request method \'HEAD\' not supported\n	at org.springframework.web.servlet.mvc.annotation.AnnotationMethodHandlerAdapter$ServletHandlerMethodResolver.resolveHandlerMethod(AnnotationMethodHandlerAdapter.java:623)\n	at org.springframework.web.servlet.mvc.annotation.AnnotationMethodHandlerAdapter.invokeHandlerMethod(AnnotationMethodHandlerAdapter.java:421)\n	at org.springframework.web.servlet.mvc.annotation.AnnotationMethodHandlerAdapter.handle(AnnotationMethodHandlerAdapter.java:414)\n	at org.springframework.web.servlet.DispatcherServlet.doDispatch(DispatcherServlet.java:790)\n	at org.springframework.web.servlet.DispatcherServlet.doService(DispatcherServlet.java:719)\n	at org.springframework.web.servlet.FrameworkServlet.processRequest(FrameworkServlet.java:644)\n	at org.springframework.web.servlet.FrameworkServlet.doGet(FrameworkServlet.java:549)\n	at javax.servlet.http.HttpServlet.doHead(HttpServlet.java:244)\n	at javax.servlet.http.HttpServlet.service(HttpServlet.java:644)\n	at javax.servlet.http.HttpServlet.service(HttpServlet.java:728)\n	at org.apache.catalina.core.ApplicationFilterChain.internalDoFilter(ApplicationFilterChain.java:305)\n	at org.apache.catalina.core.ApplicationFilterChain.doFilter(ApplicationFilterChain.java:210)\n	at com.opensymphony.sitemesh.webapp.SiteMeshFilter.obtainContent(SiteMeshFilter.java:129)\n	at com.opensymphony.sitemesh.webapp.SiteMeshFilter.doFilter(SiteMeshFilter.java:77)\n	at org.apache.catalina.core.ApplicationFilterChain.internalDoFilter(ApplicationFilterChain.java:243)\n	at org.apache.catalina.core.ApplicationFilterChain.doFilter(ApplicationFilterChain.java:210)\n	at org.springframework.security.web.FilterChainProxy$VirtualFilterChain.doFilter(FilterChainProxy.java:368)\n	at org.springframework.security.web.access.intercept.FilterSecurityInterceptor.invoke(FilterSecurityInterceptor.java:109)\n	at org.springframework.security.web.access.intercept.FilterSecurityInterceptor.doFilter(FilterSecurityInterceptor.java:83)\n	at org.springframework.security.web.FilterChainProxy$VirtualFilterChain.doFilter(FilterChainProxy.java:380)\n	at org.springframework.security.web.access.ExceptionTranslationFilter.doFilter(ExceptionTranslationFilter.java:97)\n	at org.springframework.security.web.FilterChainProxy$VirtualFilterChain.doFilter(FilterChainProxy.java:380)\n	at org.springframework.security.web.session.SessionManagementFilter.doFilter(SessionManagementFilter.java:100)\n	at org.springframework.security.web.FilterChainProxy$VirtualFilterChain.doFilter(FilterChainProxy.java:380)\n	at org.springframework.security.web.authentication.AnonymousAuthenticationFilter.doFilter(AnonymousAuthenticationFilter.java:78)\n	at org.springframework.security.web.FilterChainProxy$VirtualFilterChain.doFilter(FilterChainProxy.java:380)\n	at org.springframework.security.web.servletapi.SecurityContextHolderAwareRequestFilter.doFilter(SecurityContextHolderAwareRequestFilter.java:54)\n	at org.springframework.security.web.FilterChainProxy$VirtualFilterChain.doFilter(FilterChainProxy.java:380)\n	at org.springframework.security.web.savedrequest.RequestCacheAwareFilter.doFilter(RequestCacheAwareFilter.java:35)\n	at org.springframework.security.web.FilterChainProxy$VirtualFilterChain.doFilter(FilterChainProxy.java:380)\n	at org.springframework.security.web.authentication.AbstractAuthenticationProcessingFilter.doFilter(AbstractAuthenticationProcessingFilter.java:187)\n	at org.springframework.security.web.FilterChainProxy$VirtualFilterChain.doFilter(FilterChainProxy.java:380)\n	at org.springframework.security.web.authentication.logout.LogoutFilter.doFilter(LogoutFilter.java:105)\n	at org.springframework.security.web.FilterChainProxy$VirtualFilterChain.doFilter(FilterChainProxy.java:380)\n	at org.springframework.security.web.context.SecurityContextPersistenceFilter.doFilter(SecurityContextPersistenceFilter.java:79)\n	at org.springframework.security.web.FilterChainProxy$VirtualFilterChain.doFilter(FilterChainProxy.java:380)\n	at org.springframework.security.web.FilterChainProxy.doFilter(FilterChainProxy.java:169)\n	at org.springframework.web.filter.DelegatingFilterProxy.invokeDelegate(DelegatingFilterProxy.java:237)\n	at org.springframework.web.filter.DelegatingFilterProxy.doFilter(DelegatingFilterProxy.java:167)\n	at org.apache.catalina.core.ApplicationFilterChain.internalDoFilter(ApplicationFilterChain.java:243)\n	at org.apache.catalina.core.ApplicationFilterChain.doFilter(ApplicationFilterChain.java:210)\n	at org.apache.catalina.core.StandardWrapperValve.invoke(StandardWrapperValve.java:222)\n	at org.apache.catalina.core.StandardContextValve.invoke(StandardContextValve.java:123)\n	at org.apache.catalina.authenticator.AuthenticatorBase.invoke(AuthenticatorBase.java:502)\n	at org.apache.catalina.core.StandardHostValve.invoke(StandardHostValve.java:171)\n	at org.apache.catalina.valves.ErrorReportValve.invoke(ErrorReportValve.java:99)\n	at org.apache.catalina.valves.AccessLogValve.invoke(AccessLogValve.java:953)\n	at org.apache.catalina.core.StandardEngineValve.invoke(StandardEngineValve.java:118)\n	at org.apache.catalina.ha.session.JvmRouteBinderValve.invoke(JvmRouteBinderValve.java:219)\n	at org.apache.catalina.ha.tcp.ReplicationValve.invoke(ReplicationValve.java:335)\n	at org.apache.catalina.connector.CoyoteAdapter.service(CoyoteAdapter.java:408)\n	at org.apache.coyote.http11.AbstractHttp11Processor.process(AbstractHttp11Processor.java:1023)\n	at org.apache.coyote.AbstractProtocol$AbstractConnectionHandler.process(AbstractProtocol.java:589)\n	at org.apache.tomcat.util.net.JIoEndpoint$SocketProcessor.run(JIoEndpoint.java:310)\n	at java.util.concurrent.ThreadPoolExecutor$Worker.runTask(ThreadPoolExecutor.java:886)\n	at java.util.concurrent.ThreadPoolExecutor$Worker.run(ThreadPoolExecutor.java:908)\n	at java.lang.Thread.run(Thread.java:619)\n</p>t\0smart.noreply@netpace.comt\0Exception email sentsr\0\Zjava.util.Arrays$ArrayList<\0[\0at\0[Ljava/lang/Object;xpur\0[Ljava.lang.String;V{G\0\0xp\0\0\0t\0wakram@netpace.com','SENT','2013-09-26 04:41:37','','2013-09-26 04:41:37','','0'),(5001,'Verizon Smart Accessories Partner Portal: Partner Registration Pending OFAC Review','','\0sr\0*com.netpace.notification.vo.EmailMessageVO/\\}\Z\0Z\0htmlContentL\0contentt\0Ljava/lang/String;L\0fromAddressq\0~\0L\0subjectq\0~\0L\0toAddressest\0Ljava/util/List;xr\0com.netpace.commons.vo.RecordS&8h\0L\0idt\0Ljava/lang/Integer;L\0\rversionNumberq\0~\0xpppt\0<p>\r\n	The registration request from DR Test Co. to join the Verizon Smart Accessories Partner Portal is pending OFAC approval. Please log into the portal to review.</p>\r\nt\0smart.noreply@netpace.comt\0RVerizon Smart Accessories Partner Portal: Partner Registration Pending OFAC Reviewsr\0java.util.ArrayListxa\0I\0sizexp\0\0\0\0w\0\0\0\nx','FAILED','2013-09-26 05:18:24','','2013-09-26 05:18:25','','0'),(5003,'Verizon Smart Accessories Partner Portal: Partner Registration Pending Device Marketing Review','frank.larocca@verizonwireless.com,jennifer.gibbings@verizonwireless.com,brian.boudreau2@verizonwireless.com,david.dempski@verizonwireless.com,jyothi.keshavdas@verizonwireless.com','\0sr\0*com.netpace.notification.vo.EmailMessageVO/\\}\Z\0Z\0htmlContentL\0contentt\0Ljava/lang/String;L\0fromAddressq\0~\0L\0subjectq\0~\0L\0toAddressest\0Ljava/util/List;xr\0com.netpace.commons.vo.RecordS&8h\0L\0idt\0Ljava/lang/Integer;L\0\rversionNumberq\0~\0xpppt\0<p>\r\n	The registration request from OVI Inc. to join the Verizon Smart Accessories Partner Portal is now ready for review by Device Marketing.</p>\r\n<p>\r\n	Please log into the portal to review.</p>\r\nt\0smart.noreply@netpace.comt\0^Verizon Smart Accessories Partner Portal: Partner Registration Pending Device Marketing Reviewsr\0java.util.ArrayListxa\0I\0sizexp\0\0\0w\0\0\0\nt\0!frank.larocca@verizonwireless.comt\0%jennifer.gibbings@verizonwireless.comt\0#brian.boudreau2@verizonwireless.comt\0!david.dempski@verizonwireless.comt\0$jyothi.keshavdas@verizonwireless.comx','SENT','2013-09-26 05:19:01','','2013-09-26 05:19:01','','0'),(5005,'Verizon Smart Accessories Partner Portal: Partner Registration Pending OFAC Review','','\0sr\0*com.netpace.notification.vo.EmailMessageVO/\\}\Z\0Z\0htmlContentL\0contentt\0Ljava/lang/String;L\0fromAddressq\0~\0L\0subjectq\0~\0L\0toAddressest\0Ljava/util/List;xr\0com.netpace.commons.vo.RecordS&8h\0L\0idt\0Ljava/lang/Integer;L\0\rversionNumberq\0~\0xpppt\0<p>\r\n	The registration request from OVI Inc. to join the Verizon Smart Accessories Partner Portal is pending OFAC approval. Please log into the portal to review.</p>\r\nt\0smart.noreply@netpace.comt\0RVerizon Smart Accessories Partner Portal: Partner Registration Pending OFAC Reviewsr\0java.util.ArrayListxa\0I\0sizexp\0\0\0\0w\0\0\0\nx','FAILED','2013-09-26 05:19:06','','2013-09-26 05:19:06','','0'),(5007,'Verizon Smart Accessories Partner Portal: OFAC Review Completed','eugene.young@ovi.com','\0sr\0*com.netpace.notification.vo.EmailMessageVO/\\}\Z\0Z\0htmlContentL\0contentt\0Ljava/lang/String;L\0fromAddressq\0~\0L\0subjectq\0~\0L\0toAddressest\0Ljava/util/List;xr\0com.netpace.commons.vo.RecordS&8h\0L\0idt\0Ljava/lang/Integer;L\0\rversionNumberq\0~\0xpppt<p>\r\n	Verizon Legal has completed the OFAC review of your request for OVI Inc. to join the Smart Accessories Partner Portal with the following comments.</p>\r\n<p>\r\n	<br />\r\n	</p>\r\n<p>\r\n	<br />\r\n	To complete the registration process, please log into the portal and go to your Worklist to complete the certification agreement review.</p>\r\n<p>\r\n	<br />\r\n	Sincerely,<br />\r\n	The Verizon Smart Accessories Team</p>\r\nt\0smart.noreply@netpace.comt\0?Verizon Smart Accessories Partner Portal: OFAC Review Completedsr\0java.util.ArrayListxa\0I\0sizexp\0\0\0w\0\0\0\nt\0eugene.young@ovi.comx','SENT','2013-09-26 05:19:08','','2013-09-26 05:19:09','','0'),(5009,'Verizon Smart Accessories Partner Portal: Certification Agreement and NDA Review Pending','dailya@netpace.com,ailyahasan@yahoo.com,eugene.young@ovi.com','\0sr\0*com.netpace.notification.vo.EmailMessageVO/\\}\Z\0Z\0htmlContentL\0contentt\0Ljava/lang/String;L\0fromAddressq\0~\0L\0subjectq\0~\0L\0toAddressest\0Ljava/util/List;xr\0com.netpace.commons.vo.RecordS&8h\0L\0idt\0Ljava/lang/Integer;L\0\rversionNumberq\0~\0xpppt[<div>\r\n	The completion of the registration request for OVI Inc. to join the Verizon Smart Accessories Partner Portal is pending your review and acceptance of the certification agreement. Please log into the portal to complete those sections.</div>\r\n<div>\r\n	&nbsp;</div>\r\n<div>\r\n	Sincerely,</div>\r\n<div>\r\n	The Verizon Smart Accessories Team</div>\r\nt\0smart.noreply@netpace.comt\0XVerizon Smart Accessories Partner Portal: Certification Agreement and NDA Review Pendingsr\0java.util.ArrayListxa\0I\0sizexp\0\0\0w\0\0\0\nt\0dailya@netpace.comt\0ailyahasan@yahoo.comt\0eugene.young@ovi.comx','SENT','2013-09-26 05:19:08','','2013-09-26 05:19:09','','0'),(5011,'Verizon Smart Accessories Partner Portal: OFAC Review Completed','aliceleung@dr.com','\0sr\0*com.netpace.notification.vo.EmailMessageVO/\\}\Z\0Z\0htmlContentL\0contentt\0Ljava/lang/String;L\0fromAddressq\0~\0L\0subjectq\0~\0L\0toAddressest\0Ljava/util/List;xr\0com.netpace.commons.vo.RecordS&8h\0L\0idt\0Ljava/lang/Integer;L\0\rversionNumberq\0~\0xpppt<p>\r\n	Verizon Legal has completed the OFAC review of your request for DR Test Co. to join the Smart Accessories Partner Portal with the following comments.</p>\r\n<p>\r\n	<br />\r\n	</p>\r\n<p>\r\n	<br />\r\n	To complete the registration process, please log into the portal and go to your Worklist to complete the certification agreement review.</p>\r\n<p>\r\n	<br />\r\n	Sincerely,<br />\r\n	The Verizon Smart Accessories Team</p>\r\nt\0smart.noreply@netpace.comt\0?Verizon Smart Accessories Partner Portal: OFAC Review Completedsr\0java.util.ArrayListxa\0I\0sizexp\0\0\0w\0\0\0\nt\0aliceleung@dr.comx','SENT','2013-09-26 05:19:14','','2013-09-26 05:19:14','','0'),(5013,'Verizon Smart Accessories Partner Portal: Certification Agreement and NDA Review Pending','ailyahasan@yahoo.com,dailya@netpace.com,aliceleung@dr.com','\0sr\0*com.netpace.notification.vo.EmailMessageVO/\\}\Z\0Z\0htmlContentL\0contentt\0Ljava/lang/String;L\0fromAddressq\0~\0L\0subjectq\0~\0L\0toAddressest\0Ljava/util/List;xr\0com.netpace.commons.vo.RecordS&8h\0L\0idt\0Ljava/lang/Integer;L\0\rversionNumberq\0~\0xpppt^<div>\r\n	The completion of the registration request for DR Test Co. to join the Verizon Smart Accessories Partner Portal is pending your review and acceptance of the certification agreement. Please log into the portal to complete those sections.</div>\r\n<div>\r\n	&nbsp;</div>\r\n<div>\r\n	Sincerely,</div>\r\n<div>\r\n	The Verizon Smart Accessories Team</div>\r\nt\0smart.noreply@netpace.comt\0XVerizon Smart Accessories Partner Portal: Certification Agreement and NDA Review Pendingsr\0java.util.ArrayListxa\0I\0sizexp\0\0\0w\0\0\0\nt\0ailyahasan@yahoo.comt\0dailya@netpace.comt\0aliceleung@dr.comx','SENT','2013-09-26 05:19:14','','2013-09-26 05:19:14','','0'),(5015,'Products Detail Report is now available','laiwah.leung@verizonwireless.com,eugene.young@verizonwireless.com,vdc.netpace@gmail.com,vsap.uat@gmail.com','\0sr\0*com.netpace.notification.vo.EmailMessageVO/\\}\Z\0Z\0htmlContentL\0contentt\0Ljava/lang/String;L\0fromAddressq\0~\0L\0subjectq\0~\0L\0toAddressest\0Ljava/util/List;xr\0com.netpace.commons.vo.RecordS&8h\0L\0idt\0Ljava/lang/Integer;L\0\rversionNumberq\0~\0xpppt\0<p>\r\n	The Products Detail Report is now available. Please click on the following link and log in to the portal to access the report.</p>\r\n<p>\r\n	http://smart.netpace.com/device/signin.do?goto=%2Fsecure%2Fdownload.do%3Ftype%3Dreport%26id%3D6131</p>\r\nt\0smart.noreply@netpace.comt\0\'Products Detail Report is now availablesr\0java.util.ArrayListxa\0I\0sizexp\0\0\0w\0\0\0\nt\0 laiwah.leung@verizonwireless.comt\0 eugene.young@verizonwireless.comt\0vdc.netpace@gmail.comt\0vsap.uat@gmail.comx','SENT','2013-09-27 00:00:01','','2013-09-27 00:00:01','','0'),(5017,'Product Testing Detail Report is now available','vsap.uat@gmail.com,eugene.young@verizonwireless.com,vdc.netpace@gmail.com,laiwah.leung@verizonwireless.com','\0sr\0*com.netpace.notification.vo.EmailMessageVO/\\}\Z\0Z\0htmlContentL\0contentt\0Ljava/lang/String;L\0fromAddressq\0~\0L\0subjectq\0~\0L\0toAddressest\0Ljava/util/List;xr\0com.netpace.commons.vo.RecordS&8h\0L\0idt\0Ljava/lang/Integer;L\0\rversionNumberq\0~\0xpppt<p>\r\n	The Product Testing Detail Report&nbsp;is now available. Please click on the following link and log in to the portal to access the report.</p>\r\n<p>\r\n	http://smart.netpace.com/device/signin.do?goto=%2Fsecure%2Fdownload.do%3Ftype%3Dreport%26id%3D6133</p>\r\nt\0smart.noreply@netpace.comt\0.Product Testing Detail Report is now availablesr\0java.util.ArrayListxa\0I\0sizexp\0\0\0w\0\0\0\nt\0vsap.uat@gmail.comt\0 eugene.young@verizonwireless.comt\0vdc.netpace@gmail.comt\0 laiwah.leung@verizonwireless.comx','SENT','2013-09-27 00:00:01','','2013-09-27 00:00:01','','0'),(5019,'Company Detail Report is now available','laiwah.leung@verizonwireless.com,vdc.netpace@gmail.com,eugene.young@verizonwireless.com,vsap.uat@gmail.com','\0sr\0*com.netpace.notification.vo.EmailMessageVO/\\}\Z\0Z\0htmlContentL\0contentt\0Ljava/lang/String;L\0fromAddressq\0~\0L\0subjectq\0~\0L\0toAddressest\0Ljava/util/List;xr\0com.netpace.commons.vo.RecordS&8h\0L\0idt\0Ljava/lang/Integer;L\0\rversionNumberq\0~\0xpppt<p>\r\n	The Company Detail Report&nbsp;&nbsp;is now available. Please click on the following link and log in to the portal to access the report.</p>\r\n<p>\r\n	http://smart.netpace.com/device/signin.do?goto=%2Fsecure%2Fdownload.do%3Ftype%3Dreport%26id%3D6135</p>\r\nt\0smart.noreply@netpace.comt\0&Company Detail Report is now availablesr\0java.util.ArrayListxa\0I\0sizexp\0\0\0w\0\0\0\nt\0 laiwah.leung@verizonwireless.comt\0vdc.netpace@gmail.comt\0 eugene.young@verizonwireless.comt\0vsap.uat@gmail.comx','SENT','2013-09-27 00:00:01','','2013-09-27 00:00:01','','0'),(5021,'Developers Weekly Report is now available','vdc.netpace@gmail.com,vsap.uat@gmail.com,laiwah.leung@verizonwireless.com,eugene.young@verizonwireless.com,margo.hammar@verizon.com','\0sr\0*com.netpace.notification.vo.EmailMessageVO/\\}\Z\0Z\0htmlContentL\0contentt\0Ljava/lang/String;L\0fromAddressq\0~\0L\0subjectq\0~\0L\0toAddressest\0Ljava/util/List;xr\0com.netpace.commons.vo.RecordS&8h\0L\0idt\0Ljava/lang/Integer;L\0\rversionNumberq\0~\0xpppt\0<p>\r\n	The Developers Weekly Report is now available. Please click on the following link and log in to the portal to access the report.</p>\r\n<p>\r\n	http://smart.netpace.com/device/signin.do?goto=%2Fsecure%2Fdownload.do%3Ftype%3Dreport%26id%3D6137</p>\r\nt\0smart.noreply@netpace.comt\0)Developers Weekly Report is now availablesr\0java.util.ArrayListxa\0I\0sizexp\0\0\0w\0\0\0\nt\0vdc.netpace@gmail.comt\0vsap.uat@gmail.comt\0 laiwah.leung@verizonwireless.comt\0 eugene.young@verizonwireless.comt\0margo.hammar@verizon.comx','SENT','2013-09-27 00:00:01','','2013-09-27 00:00:01','','0'),(5023,'Exception email sent','wakram@netpace.com','\0sr\0*com.netpace.notification.vo.EmailMessageVO/\\}\Z\0Z\0htmlContentL\0contentt\0Ljava/lang/String;L\0fromAddressq\0~\0L\0subjectq\0~\0L\0toAddressest\0Ljava/util/List;xr\0com.netpace.commons.vo.RecordS&8h\0L\0idt\0Ljava/lang/Integer;L\0\rversionNumberq\0~\0xpppt<p>org.springframework.web.HttpRequestMethodNotSupportedException: Request method \'HEAD\' not supported\n	at org.springframework.web.servlet.mvc.annotation.AnnotationMethodHandlerAdapter$ServletHandlerMethodResolver.resolveHandlerMethod(AnnotationMethodHandlerAdapter.java:623)\n	at org.springframework.web.servlet.mvc.annotation.AnnotationMethodHandlerAdapter.invokeHandlerMethod(AnnotationMethodHandlerAdapter.java:421)\n	at org.springframework.web.servlet.mvc.annotation.AnnotationMethodHandlerAdapter.handle(AnnotationMethodHandlerAdapter.java:414)\n	at org.springframework.web.servlet.DispatcherServlet.doDispatch(DispatcherServlet.java:790)\n	at org.springframework.web.servlet.DispatcherServlet.doService(DispatcherServlet.java:719)\n	at org.springframework.web.servlet.FrameworkServlet.processRequest(FrameworkServlet.java:644)\n	at org.springframework.web.servlet.FrameworkServlet.doGet(FrameworkServlet.java:549)\n	at javax.servlet.http.HttpServlet.doHead(HttpServlet.java:244)\n	at javax.servlet.http.HttpServlet.service(HttpServlet.java:644)\n	at javax.servlet.http.HttpServlet.service(HttpServlet.java:728)\n	at org.apache.catalina.core.ApplicationFilterChain.internalDoFilter(ApplicationFilterChain.java:305)\n	at org.apache.catalina.core.ApplicationFilterChain.doFilter(ApplicationFilterChain.java:210)\n	at com.opensymphony.sitemesh.webapp.SiteMeshFilter.obtainContent(SiteMeshFilter.java:129)\n	at com.opensymphony.sitemesh.webapp.SiteMeshFilter.doFilter(SiteMeshFilter.java:77)\n	at org.apache.catalina.core.ApplicationFilterChain.internalDoFilter(ApplicationFilterChain.java:243)\n	at org.apache.catalina.core.ApplicationFilterChain.doFilter(ApplicationFilterChain.java:210)\n	at org.springframework.security.web.FilterChainProxy$VirtualFilterChain.doFilter(FilterChainProxy.java:368)\n	at org.springframework.security.web.access.intercept.FilterSecurityInterceptor.invoke(FilterSecurityInterceptor.java:109)\n	at org.springframework.security.web.access.intercept.FilterSecurityInterceptor.doFilter(FilterSecurityInterceptor.java:83)\n	at org.springframework.security.web.FilterChainProxy$VirtualFilterChain.doFilter(FilterChainProxy.java:380)\n	at org.springframework.security.web.access.ExceptionTranslationFilter.doFilter(ExceptionTranslationFilter.java:97)\n	at org.springframework.security.web.FilterChainProxy$VirtualFilterChain.doFilter(FilterChainProxy.java:380)\n	at org.springframework.security.web.session.SessionManagementFilter.doFilter(SessionManagementFilter.java:100)\n	at org.springframework.security.web.FilterChainProxy$VirtualFilterChain.doFilter(FilterChainProxy.java:380)\n	at org.springframework.security.web.authentication.AnonymousAuthenticationFilter.doFilter(AnonymousAuthenticationFilter.java:78)\n	at org.springframework.security.web.FilterChainProxy$VirtualFilterChain.doFilter(FilterChainProxy.java:380)\n	at org.springframework.security.web.servletapi.SecurityContextHolderAwareRequestFilter.doFilter(SecurityContextHolderAwareRequestFilter.java:54)\n	at org.springframework.security.web.FilterChainProxy$VirtualFilterChain.doFilter(FilterChainProxy.java:380)\n	at org.springframework.security.web.savedrequest.RequestCacheAwareFilter.doFilter(RequestCacheAwareFilter.java:35)\n	at org.springframework.security.web.FilterChainProxy$VirtualFilterChain.doFilter(FilterChainProxy.java:380)\n	at org.springframework.security.web.authentication.AbstractAuthenticationProcessingFilter.doFilter(AbstractAuthenticationProcessingFilter.java:187)\n	at org.springframework.security.web.FilterChainProxy$VirtualFilterChain.doFilter(FilterChainProxy.java:380)\n	at org.springframework.security.web.authentication.logout.LogoutFilter.doFilter(LogoutFilter.java:105)\n	at org.springframework.security.web.FilterChainProxy$VirtualFilterChain.doFilter(FilterChainProxy.java:380)\n	at org.springframework.security.web.context.SecurityContextPersistenceFilter.doFilter(SecurityContextPersistenceFilter.java:79)\n	at org.springframework.security.web.FilterChainProxy$VirtualFilterChain.doFilter(FilterChainProxy.java:380)\n	at org.springframework.security.web.FilterChainProxy.doFilter(FilterChainProxy.java:169)\n	at org.springframework.web.filter.DelegatingFilterProxy.invokeDelegate(DelegatingFilterProxy.java:237)\n	at org.springframework.web.filter.DelegatingFilterProxy.doFilter(DelegatingFilterProxy.java:167)\n	at org.apache.catalina.core.ApplicationFilterChain.internalDoFilter(ApplicationFilterChain.java:243)\n	at org.apache.catalina.core.ApplicationFilterChain.doFilter(ApplicationFilterChain.java:210)\n	at org.apache.catalina.core.StandardWrapperValve.invoke(StandardWrapperValve.java:222)\n	at org.apache.catalina.core.StandardContextValve.invoke(StandardContextValve.java:123)\n	at org.apache.catalina.authenticator.AuthenticatorBase.invoke(AuthenticatorBase.java:502)\n	at org.apache.catalina.core.StandardHostValve.invoke(StandardHostValve.java:171)\n	at org.apache.catalina.valves.ErrorReportValve.invoke(ErrorReportValve.java:99)\n	at org.apache.catalina.valves.AccessLogValve.invoke(AccessLogValve.java:953)\n	at org.apache.catalina.core.StandardEngineValve.invoke(StandardEngineValve.java:118)\n	at org.apache.catalina.ha.session.JvmRouteBinderValve.invoke(JvmRouteBinderValve.java:219)\n	at org.apache.catalina.ha.tcp.ReplicationValve.invoke(ReplicationValve.java:335)\n	at org.apache.catalina.connector.CoyoteAdapter.service(CoyoteAdapter.java:408)\n	at org.apache.coyote.http11.AbstractHttp11Processor.process(AbstractHttp11Processor.java:1023)\n	at org.apache.coyote.AbstractProtocol$AbstractConnectionHandler.process(AbstractProtocol.java:589)\n	at org.apache.tomcat.util.net.JIoEndpoint$SocketProcessor.run(JIoEndpoint.java:310)\n	at java.util.concurrent.ThreadPoolExecutor$Worker.runTask(ThreadPoolExecutor.java:886)\n	at java.util.concurrent.ThreadPoolExecutor$Worker.run(ThreadPoolExecutor.java:908)\n	at java.lang.Thread.run(Thread.java:619)\n</p>t\0smart.noreply@netpace.comt\0Exception email sentsr\0\Zjava.util.Arrays$ArrayList<\0[\0at\0[Ljava/lang/Object;xpur\0[Ljava.lang.String;V{G\0\0xp\0\0\0t\0wakram@netpace.com','SENT','2013-09-27 05:41:38','','2013-09-27 05:41:38','','0'),(5025,'Verizon Smart Accessories Partner Portal: Invitation to Join','joseph.oconnell@verizonwireless.com','\0sr\0*com.netpace.notification.vo.EmailMessageVO/\\}\Z\0Z\0htmlContentL\0contentt\0Ljava/lang/String;L\0fromAddressq\0~\0L\0subjectq\0~\0L\0toAddressest\0Ljava/util/List;xr\0com.netpace.commons.vo.RecordS&8h\0L\0idt\0Ljava/lang/Integer;L\0\rversionNumberq\0~\0xpppt<div>\r\n	You have been invited by Eugene Young to join the Verizon Smart Accessories Partner Portal. Please click the link below to complete your registration.</div>\r\n<div>\r\n	&nbsp;</div>\r\n<div>\r\n	http://smart.netpace.com/device/admin/invitation.do?authCode=3cda2bf3-31e9-46cd-a6c0-4c9f601aeda1</div>\r\n<div>\r\n	&nbsp;</div>\r\n<div>\r\n	If clicking the link above does not work, please copy and paste the URL in a new browser window instead.</div>\r\n<div>\r\n	&nbsp;</div>\r\n<div>\r\n	Sincerely,</div>\r\n<div>\r\n	The Verizon Smart Accesories Team</div>\r\nt\0smart.noreply@netpace.comt\0<Verizon Smart Accessories Partner Portal: Invitation to Joinsr\0\Zjava.util.Arrays$ArrayList<\0[\0at\0[Ljava/lang/Object;xpur\0[Ljava.lang.String;V{G\0\0xp\0\0\0t\0#joseph.oconnell@verizonwireless.com','SENT','2013-09-27 13:23:33','','2013-09-27 13:23:33','','0'),(5027,'Exception email sent','wakram@netpace.com','\0sr\0*com.netpace.notification.vo.EmailMessageVO/\\}\Z\0Z\0htmlContentL\0contentt\0Ljava/lang/String;L\0fromAddressq\0~\0L\0subjectq\0~\0L\0toAddressest\0Ljava/util/List;xr\0com.netpace.commons.vo.RecordS&8h\0L\0idt\0Ljava/lang/Integer;L\0\rversionNumberq\0~\0xpppt<p>org.springframework.web.HttpRequestMethodNotSupportedException: Request method \'HEAD\' not supported\n	at org.springframework.web.servlet.mvc.annotation.AnnotationMethodHandlerAdapter$ServletHandlerMethodResolver.resolveHandlerMethod(AnnotationMethodHandlerAdapter.java:623)\n	at org.springframework.web.servlet.mvc.annotation.AnnotationMethodHandlerAdapter.invokeHandlerMethod(AnnotationMethodHandlerAdapter.java:421)\n	at org.springframework.web.servlet.mvc.annotation.AnnotationMethodHandlerAdapter.handle(AnnotationMethodHandlerAdapter.java:414)\n	at org.springframework.web.servlet.DispatcherServlet.doDispatch(DispatcherServlet.java:790)\n	at org.springframework.web.servlet.DispatcherServlet.doService(DispatcherServlet.java:719)\n	at org.springframework.web.servlet.FrameworkServlet.processRequest(FrameworkServlet.java:644)\n	at org.springframework.web.servlet.FrameworkServlet.doGet(FrameworkServlet.java:549)\n	at javax.servlet.http.HttpServlet.doHead(HttpServlet.java:244)\n	at javax.servlet.http.HttpServlet.service(HttpServlet.java:644)\n	at javax.servlet.http.HttpServlet.service(HttpServlet.java:728)\n	at org.apache.catalina.core.ApplicationFilterChain.internalDoFilter(ApplicationFilterChain.java:305)\n	at org.apache.catalina.core.ApplicationFilterChain.doFilter(ApplicationFilterChain.java:210)\n	at com.opensymphony.sitemesh.webapp.SiteMeshFilter.obtainContent(SiteMeshFilter.java:129)\n	at com.opensymphony.sitemesh.webapp.SiteMeshFilter.doFilter(SiteMeshFilter.java:77)\n	at org.apache.catalina.core.ApplicationFilterChain.internalDoFilter(ApplicationFilterChain.java:243)\n	at org.apache.catalina.core.ApplicationFilterChain.doFilter(ApplicationFilterChain.java:210)\n	at org.springframework.security.web.FilterChainProxy$VirtualFilterChain.doFilter(FilterChainProxy.java:368)\n	at org.springframework.security.web.access.intercept.FilterSecurityInterceptor.invoke(FilterSecurityInterceptor.java:109)\n	at org.springframework.security.web.access.intercept.FilterSecurityInterceptor.doFilter(FilterSecurityInterceptor.java:83)\n	at org.springframework.security.web.FilterChainProxy$VirtualFilterChain.doFilter(FilterChainProxy.java:380)\n	at org.springframework.security.web.access.ExceptionTranslationFilter.doFilter(ExceptionTranslationFilter.java:97)\n	at org.springframework.security.web.FilterChainProxy$VirtualFilterChain.doFilter(FilterChainProxy.java:380)\n	at org.springframework.security.web.session.SessionManagementFilter.doFilter(SessionManagementFilter.java:100)\n	at org.springframework.security.web.FilterChainProxy$VirtualFilterChain.doFilter(FilterChainProxy.java:380)\n	at org.springframework.security.web.authentication.AnonymousAuthenticationFilter.doFilter(AnonymousAuthenticationFilter.java:78)\n	at org.springframework.security.web.FilterChainProxy$VirtualFilterChain.doFilter(FilterChainProxy.java:380)\n	at org.springframework.security.web.servletapi.SecurityContextHolderAwareRequestFilter.doFilter(SecurityContextHolderAwareRequestFilter.java:54)\n	at org.springframework.security.web.FilterChainProxy$VirtualFilterChain.doFilter(FilterChainProxy.java:380)\n	at org.springframework.security.web.savedrequest.RequestCacheAwareFilter.doFilter(RequestCacheAwareFilter.java:35)\n	at org.springframework.security.web.FilterChainProxy$VirtualFilterChain.doFilter(FilterChainProxy.java:380)\n	at org.springframework.security.web.authentication.AbstractAuthenticationProcessingFilter.doFilter(AbstractAuthenticationProcessingFilter.java:187)\n	at org.springframework.security.web.FilterChainProxy$VirtualFilterChain.doFilter(FilterChainProxy.java:380)\n	at org.springframework.security.web.authentication.logout.LogoutFilter.doFilter(LogoutFilter.java:105)\n	at org.springframework.security.web.FilterChainProxy$VirtualFilterChain.doFilter(FilterChainProxy.java:380)\n	at org.springframework.security.web.context.SecurityContextPersistenceFilter.doFilter(SecurityContextPersistenceFilter.java:79)\n	at org.springframework.security.web.FilterChainProxy$VirtualFilterChain.doFilter(FilterChainProxy.java:380)\n	at org.springframework.security.web.FilterChainProxy.doFilter(FilterChainProxy.java:169)\n	at org.springframework.web.filter.DelegatingFilterProxy.invokeDelegate(DelegatingFilterProxy.java:237)\n	at org.springframework.web.filter.DelegatingFilterProxy.doFilter(DelegatingFilterProxy.java:167)\n	at org.apache.catalina.core.ApplicationFilterChain.internalDoFilter(ApplicationFilterChain.java:243)\n	at org.apache.catalina.core.ApplicationFilterChain.doFilter(ApplicationFilterChain.java:210)\n	at org.apache.catalina.core.StandardWrapperValve.invoke(StandardWrapperValve.java:222)\n	at org.apache.catalina.core.StandardContextValve.invoke(StandardContextValve.java:123)\n	at org.apache.catalina.authenticator.AuthenticatorBase.invoke(AuthenticatorBase.java:502)\n	at org.apache.catalina.core.StandardHostValve.invoke(StandardHostValve.java:171)\n	at org.apache.catalina.valves.ErrorReportValve.invoke(ErrorReportValve.java:99)\n	at org.apache.catalina.valves.AccessLogValve.invoke(AccessLogValve.java:953)\n	at org.apache.catalina.core.StandardEngineValve.invoke(StandardEngineValve.java:118)\n	at org.apache.catalina.ha.session.JvmRouteBinderValve.invoke(JvmRouteBinderValve.java:219)\n	at org.apache.catalina.ha.tcp.ReplicationValve.invoke(ReplicationValve.java:335)\n	at org.apache.catalina.connector.CoyoteAdapter.service(CoyoteAdapter.java:408)\n	at org.apache.coyote.http11.AbstractHttp11Processor.process(AbstractHttp11Processor.java:1023)\n	at org.apache.coyote.AbstractProtocol$AbstractConnectionHandler.process(AbstractProtocol.java:589)\n	at org.apache.tomcat.util.net.JIoEndpoint$SocketProcessor.run(JIoEndpoint.java:310)\n	at java.util.concurrent.ThreadPoolExecutor$Worker.runTask(ThreadPoolExecutor.java:886)\n	at java.util.concurrent.ThreadPoolExecutor$Worker.run(ThreadPoolExecutor.java:908)\n	at java.lang.Thread.run(Thread.java:619)\n</p>t\0smart.noreply@netpace.comt\0Exception email sentsr\0\Zjava.util.Arrays$ArrayList<\0[\0at\0[Ljava/lang/Object;xpur\0[Ljava.lang.String;V{G\0\0xp\0\0\0t\0wakram@netpace.com','SENT','2013-09-28 05:41:38','','2013-09-28 05:41:38','','0'),(5029,'Exception email sent','wakram@netpace.com','\0sr\0*com.netpace.notification.vo.EmailMessageVO/\\}\Z\0Z\0htmlContentL\0contentt\0Ljava/lang/String;L\0fromAddressq\0~\0L\0subjectq\0~\0L\0toAddressest\0Ljava/util/List;xr\0com.netpace.commons.vo.RecordS&8h\0L\0idt\0Ljava/lang/Integer;L\0\rversionNumberq\0~\0xpppt<p>org.springframework.web.HttpRequestMethodNotSupportedException: Request method \'HEAD\' not supported\n	at org.springframework.web.servlet.mvc.annotation.AnnotationMethodHandlerAdapter$ServletHandlerMethodResolver.resolveHandlerMethod(AnnotationMethodHandlerAdapter.java:623)\n	at org.springframework.web.servlet.mvc.annotation.AnnotationMethodHandlerAdapter.invokeHandlerMethod(AnnotationMethodHandlerAdapter.java:421)\n	at org.springframework.web.servlet.mvc.annotation.AnnotationMethodHandlerAdapter.handle(AnnotationMethodHandlerAdapter.java:414)\n	at org.springframework.web.servlet.DispatcherServlet.doDispatch(DispatcherServlet.java:790)\n	at org.springframework.web.servlet.DispatcherServlet.doService(DispatcherServlet.java:719)\n	at org.springframework.web.servlet.FrameworkServlet.processRequest(FrameworkServlet.java:644)\n	at org.springframework.web.servlet.FrameworkServlet.doGet(FrameworkServlet.java:549)\n	at javax.servlet.http.HttpServlet.doHead(HttpServlet.java:244)\n	at javax.servlet.http.HttpServlet.service(HttpServlet.java:644)\n	at javax.servlet.http.HttpServlet.service(HttpServlet.java:728)\n	at org.apache.catalina.core.ApplicationFilterChain.internalDoFilter(ApplicationFilterChain.java:305)\n	at org.apache.catalina.core.ApplicationFilterChain.doFilter(ApplicationFilterChain.java:210)\n	at com.opensymphony.sitemesh.webapp.SiteMeshFilter.obtainContent(SiteMeshFilter.java:129)\n	at com.opensymphony.sitemesh.webapp.SiteMeshFilter.doFilter(SiteMeshFilter.java:77)\n	at org.apache.catalina.core.ApplicationFilterChain.internalDoFilter(ApplicationFilterChain.java:243)\n	at org.apache.catalina.core.ApplicationFilterChain.doFilter(ApplicationFilterChain.java:210)\n	at org.springframework.security.web.FilterChainProxy$VirtualFilterChain.doFilter(FilterChainProxy.java:368)\n	at org.springframework.security.web.access.intercept.FilterSecurityInterceptor.invoke(FilterSecurityInterceptor.java:109)\n	at org.springframework.security.web.access.intercept.FilterSecurityInterceptor.doFilter(FilterSecurityInterceptor.java:83)\n	at org.springframework.security.web.FilterChainProxy$VirtualFilterChain.doFilter(FilterChainProxy.java:380)\n	at org.springframework.security.web.access.ExceptionTranslationFilter.doFilter(ExceptionTranslationFilter.java:97)\n	at org.springframework.security.web.FilterChainProxy$VirtualFilterChain.doFilter(FilterChainProxy.java:380)\n	at org.springframework.security.web.session.SessionManagementFilter.doFilter(SessionManagementFilter.java:100)\n	at org.springframework.security.web.FilterChainProxy$VirtualFilterChain.doFilter(FilterChainProxy.java:380)\n	at org.springframework.security.web.authentication.AnonymousAuthenticationFilter.doFilter(AnonymousAuthenticationFilter.java:78)\n	at org.springframework.security.web.FilterChainProxy$VirtualFilterChain.doFilter(FilterChainProxy.java:380)\n	at org.springframework.security.web.servletapi.SecurityContextHolderAwareRequestFilter.doFilter(SecurityContextHolderAwareRequestFilter.java:54)\n	at org.springframework.security.web.FilterChainProxy$VirtualFilterChain.doFilter(FilterChainProxy.java:380)\n	at org.springframework.security.web.savedrequest.RequestCacheAwareFilter.doFilter(RequestCacheAwareFilter.java:35)\n	at org.springframework.security.web.FilterChainProxy$VirtualFilterChain.doFilter(FilterChainProxy.java:380)\n	at org.springframework.security.web.authentication.AbstractAuthenticationProcessingFilter.doFilter(AbstractAuthenticationProcessingFilter.java:187)\n	at org.springframework.security.web.FilterChainProxy$VirtualFilterChain.doFilter(FilterChainProxy.java:380)\n	at org.springframework.security.web.authentication.logout.LogoutFilter.doFilter(LogoutFilter.java:105)\n	at org.springframework.security.web.FilterChainProxy$VirtualFilterChain.doFilter(FilterChainProxy.java:380)\n	at org.springframework.security.web.context.SecurityContextPersistenceFilter.doFilter(SecurityContextPersistenceFilter.java:79)\n	at org.springframework.security.web.FilterChainProxy$VirtualFilterChain.doFilter(FilterChainProxy.java:380)\n	at org.springframework.security.web.FilterChainProxy.doFilter(FilterChainProxy.java:169)\n	at org.springframework.web.filter.DelegatingFilterProxy.invokeDelegate(DelegatingFilterProxy.java:237)\n	at org.springframework.web.filter.DelegatingFilterProxy.doFilter(DelegatingFilterProxy.java:167)\n	at org.apache.catalina.core.ApplicationFilterChain.internalDoFilter(ApplicationFilterChain.java:243)\n	at org.apache.catalina.core.ApplicationFilterChain.doFilter(ApplicationFilterChain.java:210)\n	at org.apache.catalina.core.StandardWrapperValve.invoke(StandardWrapperValve.java:222)\n	at org.apache.catalina.core.StandardContextValve.invoke(StandardContextValve.java:123)\n	at org.apache.catalina.authenticator.AuthenticatorBase.invoke(AuthenticatorBase.java:502)\n	at org.apache.catalina.core.StandardHostValve.invoke(StandardHostValve.java:171)\n	at org.apache.catalina.valves.ErrorReportValve.invoke(ErrorReportValve.java:99)\n	at org.apache.catalina.valves.AccessLogValve.invoke(AccessLogValve.java:953)\n	at org.apache.catalina.core.StandardEngineValve.invoke(StandardEngineValve.java:118)\n	at org.apache.catalina.ha.session.JvmRouteBinderValve.invoke(JvmRouteBinderValve.java:219)\n	at org.apache.catalina.ha.tcp.ReplicationValve.invoke(ReplicationValve.java:335)\n	at org.apache.catalina.connector.CoyoteAdapter.service(CoyoteAdapter.java:408)\n	at org.apache.coyote.http11.AbstractHttp11Processor.process(AbstractHttp11Processor.java:1023)\n	at org.apache.coyote.AbstractProtocol$AbstractConnectionHandler.process(AbstractProtocol.java:589)\n	at org.apache.tomcat.util.net.JIoEndpoint$SocketProcessor.run(JIoEndpoint.java:310)\n	at java.util.concurrent.ThreadPoolExecutor$Worker.runTask(ThreadPoolExecutor.java:886)\n	at java.util.concurrent.ThreadPoolExecutor$Worker.run(ThreadPoolExecutor.java:908)\n	at java.lang.Thread.run(Thread.java:619)\n</p>t\0smart.noreply@netpace.comt\0Exception email sentsr\0\Zjava.util.Arrays$ArrayList<\0[\0at\0[Ljava/lang/Object;xpur\0[Ljava.lang.String;V{G\0\0xp\0\0\0t\0wakram@netpace.com','SENT','2013-09-29 06:41:47','','2013-09-29 06:41:47','','0'),(5031,'Developers Monthly Report is now available','vdc.netpace@gmail.com,eugene.young@verizonwireless.com,laiwah.leung@verizonwireless.com,margo.hammar@verizon.com','\0sr\0*com.netpace.notification.vo.EmailMessageVO/\\}\Z\0Z\0htmlContentL\0contentt\0Ljava/lang/String;L\0fromAddressq\0~\0L\0subjectq\0~\0L\0toAddressest\0Ljava/util/List;xr\0com.netpace.commons.vo.RecordS&8h\0L\0idt\0Ljava/lang/Integer;L\0\rversionNumberq\0~\0xpppt\0<p>\r\n	The Developers Monthly Report is now available. Please click on the following link and log in to the portal to access the report.</p>\r\n<p>\r\n	http://smart.netpace.com/device/signin.do?goto=%2Fsecure%2Fdownload.do%3Ftype%3Dreport%26id%3D6139</p>\r\nt\0smart.noreply@netpace.comt\0*Developers Monthly Report is now availablesr\0java.util.ArrayListxa\0I\0sizexp\0\0\0w\0\0\0\nt\0vdc.netpace@gmail.comt\0 eugene.young@verizonwireless.comt\0 laiwah.leung@verizonwireless.comt\0margo.hammar@verizon.comx','SENT','2013-10-01 00:00:01','','2013-10-01 00:00:01','','0'),(5033,'Verizon Smart Accessories Partner Portal: Registration Approved','jyothi.keshavdas@verizonwireless.com,david.dempski@verizonwireless.com,brian.boudreau2@verizonwireless.com,frank.larocca@verizonwireless.com,jennifer.gibbings@verizonwireless.com,aliceleung@dr.com','\0sr\0*com.netpace.notification.vo.EmailMessageVO/\\}\Z\0Z\0htmlContentL\0contentt\0Ljava/lang/String;L\0fromAddressq\0~\0L\0subjectq\0~\0L\0toAddressest\0Ljava/util/List;xr\0com.netpace.commons.vo.RecordS&8h\0L\0idt\0Ljava/lang/Integer;L\0\rversionNumberq\0~\0xpppt<p>\r\n	Your request for DR Test Co. to join the Verizon Smart Accessories Partner Portal has been approved on 10/01/2013 .<br />\r\n	<br />\r\n	You can now log into the portal to submit products for review.</p>\r\n<p>\r\n	<br />\r\n	Sincerely,<br />\r\n	The Verizon Smart Accessories Team</p>\r\nt\0smart.noreply@netpace.comt\0?Verizon Smart Accessories Partner Portal: Registration Approvedsr\0java.util.ArrayListxa\0I\0sizexp\0\0\0w\0\0\0\nt\0$jyothi.keshavdas@verizonwireless.comt\0!david.dempski@verizonwireless.comt\0#brian.boudreau2@verizonwireless.comt\0!frank.larocca@verizonwireless.comt\0%jennifer.gibbings@verizonwireless.comt\0aliceleung@dr.comx','SENT','2013-10-01 09:19:37','','2013-10-01 09:19:37','','0'),(5035,'Verizon Smart Accessories Partner Portal: Password Assistance','jyothi.keshavdas@verizonwireless.com','\0sr\0*com.netpace.notification.vo.EmailMessageVO/\\}\Z\0Z\0htmlContentL\0contentt\0Ljava/lang/String;L\0fromAddressq\0~\0L\0subjectq\0~\0L\0toAddressest\0Ljava/util/List;xr\0com.netpace.commons.vo.RecordS&8h\0L\0idt\0Ljava/lang/Integer;L\0\rversionNumberq\0~\0xppptF<div>\r\n	To reset the password for your account, please click the link below:</div>\r\n<div>\r\n	&nbsp;</div>\r\n<div>\r\n	http://smart.netpace.com/device/resetPassword.do?PRT=efbb4613-21a6-4c9b-a7f1-f26e02c7eb4c</div>\r\n<div>\r\n	&nbsp;</div>\r\n<div>\r\n	If clicking the link above does not work, please copy and paste the URL in a new browser window instead.</div>\r\n<div>\r\n	If you had not requested a password reset, you do not need to take any further action and can disregard this email.</div>\r\n<div>\r\n	&nbsp;</div>\r\n<div>\r\n	Sincerely,</div>\r\n<div>\r\n	The Verizon Smart Accessories Team</div>\r\nt\0smart.noreply@netpace.comt\0=Verizon Smart Accessories Partner Portal: Password Assistancesr\0\Zjava.util.Arrays$ArrayList<\0[\0at\0[Ljava/lang/Object;xpur\0[Ljava.lang.String;V{G\0\0xp\0\0\0t\0$jyothi.keshavdas@verizonwireless.com','SENT','2013-10-01 09:45:23','','2013-10-01 09:45:23','','0'),(5037,'Verizon Smart Accessories Partner Portal: Password Change Confirmation','jyothi.keshavdas@verizonwireless.com','\0sr\0*com.netpace.notification.vo.EmailMessageVO/\\}\Z\0Z\0htmlContentL\0contentt\0Ljava/lang/String;L\0fromAddressq\0~\0L\0subjectq\0~\0L\0toAddressest\0Ljava/util/List;xr\0com.netpace.commons.vo.RecordS&8h\0L\0idt\0Ljava/lang/Integer;L\0\rversionNumberq\0~\0xpppt6<div>\r\n	The password for your VSAPP account was recently updated.&nbsp;</div>\r\n<div>\r\n	&nbsp;</div>\r\n<div>\r\n	If you had not requested this change, please log into your account and verify your information.</div>\r\n<div>\r\n	&nbsp;</div>\r\n<div>\r\n	Sincerely,</div>\r\n<div>\r\n	The Verizon Smart Accessories Team</div>\r\nt\0smart.noreply@netpace.comt\0FVerizon Smart Accessories Partner Portal: Password Change Confirmationsr\0\Zjava.util.Arrays$ArrayList<\0[\0at\0[Ljava/lang/Object;xpur\0[Ljava.lang.String;V{G\0\0xp\0\0\0t\0$jyothi.keshavdas@verizonwireless.com','SENT','2013-10-01 09:46:14','','2013-10-01 09:46:14','','0'),(5039,'Products Detail Report is now available','vdc.netpace@gmail.com,aadil@netpace.com,laiwah.leung@verizonwireless.com,eugene.young@verizonwireless.com,vsap.uat@gmail.com,hmehmood@netpace.com','\0sr\0*com.netpace.notification.vo.EmailMessageVO/\\}\Z\0Z\0htmlContentL\0contentt\0Ljava/lang/String;L\0fromAddressq\0~\0L\0subjectq\0~\0L\0toAddressest\0Ljava/util/List;xr\0com.netpace.commons.vo.RecordS&8h\0L\0idt\0Ljava/lang/Integer;L\0\rversionNumberq\0~\0xpppt\0<p>\r\n	The Products Detail Report is now available. Please click on the following link and log in to the portal to access the report.</p>\r\n<p>\r\n	http://smart.netpace.com/device/signin.do?goto=%2Fsecure%2Fdownload.do%3Ftype%3Dreport%26id%3D6141</p>\r\nt\0smart.noreply@netpace.comt\0\'Products Detail Report is now availablesr\0java.util.ArrayListxa\0I\0sizexp\0\0\0w\0\0\0\nt\0vdc.netpace@gmail.comt\0aadil@netpace.comt\0 laiwah.leung@verizonwireless.comt\0 eugene.young@verizonwireless.comt\0vsap.uat@gmail.comt\0hmehmood@netpace.comx','SENT','2013-10-01 12:48:37','','2013-10-01 12:48:38','','0'),(5041,'Product Testing Detail Report is now available','vdc.netpace@gmail.com,vsap.uat@gmail.com,aadil@netpace.com,hmehmood@netpace.com,laiwah.leung@verizonwireless.com,eugene.young@verizonwireless.com','\0sr\0*com.netpace.notification.vo.EmailMessageVO/\\}\Z\0Z\0htmlContentL\0contentt\0Ljava/lang/String;L\0fromAddressq\0~\0L\0subjectq\0~\0L\0toAddressest\0Ljava/util/List;xr\0com.netpace.commons.vo.RecordS&8h\0L\0idt\0Ljava/lang/Integer;L\0\rversionNumberq\0~\0xpppt<p>\r\n	The Product Testing Detail Report&nbsp;is now available. Please click on the following link and log in to the portal to access the report.</p>\r\n<p>\r\n	http://smart.netpace.com/device/signin.do?goto=%2Fsecure%2Fdownload.do%3Ftype%3Dreport%26id%3D6143</p>\r\nt\0smart.noreply@netpace.comt\0.Product Testing Detail Report is now availablesr\0java.util.ArrayListxa\0I\0sizexp\0\0\0w\0\0\0\nt\0vdc.netpace@gmail.comt\0vsap.uat@gmail.comt\0aadil@netpace.comt\0hmehmood@netpace.comt\0 laiwah.leung@verizonwireless.comt\0 eugene.young@verizonwireless.comx','SENT','2013-10-01 12:48:38','','2013-10-01 12:48:38','','0'),(5043,'Company Detail Report is now available','hmehmood@netpace.com,aadil@netpace.com,eugene.young@verizonwireless.com,laiwah.leung@verizonwireless.com,vsap.uat@gmail.com,vdc.netpace@gmail.com','\0sr\0*com.netpace.notification.vo.EmailMessageVO/\\}\Z\0Z\0htmlContentL\0contentt\0Ljava/lang/String;L\0fromAddressq\0~\0L\0subjectq\0~\0L\0toAddressest\0Ljava/util/List;xr\0com.netpace.commons.vo.RecordS&8h\0L\0idt\0Ljava/lang/Integer;L\0\rversionNumberq\0~\0xpppt<p>\r\n	The Company Detail Report&nbsp;&nbsp;is now available. Please click on the following link and log in to the portal to access the report.</p>\r\n<p>\r\n	http://smart.netpace.com/device/signin.do?goto=%2Fsecure%2Fdownload.do%3Ftype%3Dreport%26id%3D6145</p>\r\nt\0smart.noreply@netpace.comt\0&Company Detail Report is now availablesr\0java.util.ArrayListxa\0I\0sizexp\0\0\0w\0\0\0\nt\0hmehmood@netpace.comt\0aadil@netpace.comt\0 eugene.young@verizonwireless.comt\0 laiwah.leung@verizonwireless.comt\0vsap.uat@gmail.comt\0vdc.netpace@gmail.comx','SENT','2013-10-01 12:48:38','','2013-10-01 12:48:38','','0'),(5045,'Developers Weekly Report is now available','vdc.netpace@gmail.com,aadil@netpace.com,margo.hammar@verizon.com,eugene.young@verizonwireless.com,laiwah.leung@verizonwireless.com,vsap.uat@gmail.com,hmehmood@netpace.com','\0sr\0*com.netpace.notification.vo.EmailMessageVO/\\}\Z\0Z\0htmlContentL\0contentt\0Ljava/lang/String;L\0fromAddressq\0~\0L\0subjectq\0~\0L\0toAddressest\0Ljava/util/List;xr\0com.netpace.commons.vo.RecordS&8h\0L\0idt\0Ljava/lang/Integer;L\0\rversionNumberq\0~\0xpppt\0<p>\r\n	The Developers Weekly Report is now available. Please click on the following link and log in to the portal to access the report.</p>\r\n<p>\r\n	http://smart.netpace.com/device/signin.do?goto=%2Fsecure%2Fdownload.do%3Ftype%3Dreport%26id%3D6147</p>\r\nt\0smart.noreply@netpace.comt\0)Developers Weekly Report is now availablesr\0java.util.ArrayListxa\0I\0sizexp\0\0\0w\0\0\0\nt\0vdc.netpace@gmail.comt\0aadil@netpace.comt\0margo.hammar@verizon.comt\0 eugene.young@verizonwireless.comt\0 laiwah.leung@verizonwireless.comt\0vsap.uat@gmail.comt\0hmehmood@netpace.comx','SENT','2013-10-01 12:48:38','','2013-10-01 12:48:38','','0'),(5047,'Developers Monthly Report is now available','hmehmood@netpace.com,vdc.netpace@gmail.com,laiwah.leung@verizonwireless.com,aadil@netpace.com,eugene.young@verizonwireless.com,margo.hammar@verizon.com','\0sr\0*com.netpace.notification.vo.EmailMessageVO/\\}\Z\0Z\0htmlContentL\0contentt\0Ljava/lang/String;L\0fromAddressq\0~\0L\0subjectq\0~\0L\0toAddressest\0Ljava/util/List;xr\0com.netpace.commons.vo.RecordS&8h\0L\0idt\0Ljava/lang/Integer;L\0\rversionNumberq\0~\0xpppt\0<p>\r\n	The Developers Monthly Report is now available. Please click on the following link and log in to the portal to access the report.</p>\r\n<p>\r\n	http://smart.netpace.com/device/signin.do?goto=%2Fsecure%2Fdownload.do%3Ftype%3Dreport%26id%3D6149</p>\r\nt\0smart.noreply@netpace.comt\0*Developers Monthly Report is now availablesr\0java.util.ArrayListxa\0I\0sizexp\0\0\0w\0\0\0\nt\0hmehmood@netpace.comt\0vdc.netpace@gmail.comt\0 laiwah.leung@verizonwireless.comt\0aadil@netpace.comt\0 eugene.young@verizonwireless.comt\0margo.hammar@verizon.comx','SENT','2013-10-01 12:49:15','','2013-10-01 12:49:15','','0'),(5049,'Verizon Smart Accessories Partner Portal: Registration Validation Link','vpocpartner1@partner1.com','\0sr\0*com.netpace.notification.vo.EmailMessageVO/\\}\Z\0Z\0htmlContentL\0contentt\0Ljava/lang/String;L\0fromAddressq\0~\0L\0subjectq\0~\0L\0toAddressest\0Ljava/util/List;xr\0com.netpace.commons.vo.RecordS&8h\0L\0idt\0Ljava/lang/Integer;L\0\rversionNumberq\0~\0xpppt<div>\r\n	Please click the link below to complete your user registration on the Verizon Smart Accessories Partner Portal site:</div>\r\n<div>\r\n	&nbsp;</div>\r\n<div>\r\n	http://smart.netpace.com/device/activation.do?authCode=b81c132e-ca9f-4429-9329-270107df8f71</div>\r\n<div>\r\n	&nbsp;</div>\r\n<div>\r\n	If clicking the link above does not work, please copy and paste the URL in a new browser window instead.</div>\r\n<div>\r\n	&nbsp;</div>\r\n<div>\r\n	Sincerely,</div>\r\n<div>\r\n	The Verizon Smart Accessories Team</div>\r\nt\0smart.noreply@netpace.comt\0FVerizon Smart Accessories Partner Portal: Registration Validation Linksr\0\Zjava.util.Arrays$ArrayList<\0[\0at\0[Ljava/lang/Object;xpur\0[Ljava.lang.String;V{G\0\0xp\0\0\0t\0vpocpartner1@partner1.com','SENT','2013-10-01 13:19:08','','2013-10-01 13:19:08','','0'),(5051,'Products Detail Report is now available','vsap.uat@gmail.com,laiwah.leung@verizonwireless.com,aadil@netpace.com,vdc.netpace@gmail.com,eugene.young@verizonwireless.com,hmehmood@netpace.com','\0sr\0*com.netpace.notification.vo.EmailMessageVO/\\}\Z\0Z\0htmlContentL\0contentt\0Ljava/lang/String;L\0fromAddressq\0~\0L\0subjectq\0~\0L\0toAddressest\0Ljava/util/List;xr\0com.netpace.commons.vo.RecordS&8h\0L\0idt\0Ljava/lang/Integer;L\0\rversionNumberq\0~\0xpppt\0<p>\r\n	The Products Detail Report is now available. Please click on the following link and log in to the portal to access the report.</p>\r\n<p>\r\n	http://smart.netpace.com/device/signin.do?goto=%2Fsecure%2Fdownload.do%3Ftype%3Dreport%26id%3D6151</p>\r\nt\0smart.noreply@netpace.comt\0\'Products Detail Report is now availablesr\0java.util.ArrayListxa\0I\0sizexp\0\0\0w\0\0\0\nt\0vsap.uat@gmail.comt\0 laiwah.leung@verizonwireless.comt\0aadil@netpace.comt\0vdc.netpace@gmail.comt\0 eugene.young@verizonwireless.comt\0hmehmood@netpace.comx','SENT','2013-10-03 11:37:09','','2013-10-03 11:37:09','','0'),(5053,'Products Detail Report is now available','vdc.netpace@gmail.com,vsap.uat@gmail.com,laiwah.leung@verizonwireless.com,hmehmood@netpace.com,aadil@netpace.com,eugene.young@verizonwireless.com','\0sr\0*com.netpace.notification.vo.EmailMessageVO/\\}\Z\0Z\0htmlContentL\0contentt\0Ljava/lang/String;L\0fromAddressq\0~\0L\0subjectq\0~\0L\0toAddressest\0Ljava/util/List;xr\0com.netpace.commons.vo.RecordS&8h\0L\0idt\0Ljava/lang/Integer;L\0\rversionNumberq\0~\0xpppt\0<p>\r\n	The Products Detail Report is now available. Please click on the following link and log in to the portal to access the report.</p>\r\n<p>\r\n	http://smart.netpace.com/device/signin.do?goto=%2Fsecure%2Fdownload.do%3Ftype%3Dreport%26id%3D6153</p>\r\nt\0smart.noreply@netpace.comt\0\'Products Detail Report is now availablesr\0java.util.ArrayListxa\0I\0sizexp\0\0\0w\0\0\0\nt\0vdc.netpace@gmail.comt\0vsap.uat@gmail.comt\0 laiwah.leung@verizonwireless.comt\0hmehmood@netpace.comt\0aadil@netpace.comt\0 eugene.young@verizonwireless.comx','SENT','2013-10-04 00:00:01','','2013-10-04 00:00:01','','0'),(5055,'Product Testing Detail Report is now available','vsap.uat@gmail.com,aadil@netpace.com,vdc.netpace@gmail.com,eugene.young@verizonwireless.com,laiwah.leung@verizonwireless.com,hmehmood@netpace.com','\0sr\0*com.netpace.notification.vo.EmailMessageVO/\\}\Z\0Z\0htmlContentL\0contentt\0Ljava/lang/String;L\0fromAddressq\0~\0L\0subjectq\0~\0L\0toAddressest\0Ljava/util/List;xr\0com.netpace.commons.vo.RecordS&8h\0L\0idt\0Ljava/lang/Integer;L\0\rversionNumberq\0~\0xpppt<p>\r\n	The Product Testing Detail Report&nbsp;is now available. Please click on the following link and log in to the portal to access the report.</p>\r\n<p>\r\n	http://smart.netpace.com/device/signin.do?goto=%2Fsecure%2Fdownload.do%3Ftype%3Dreport%26id%3D6155</p>\r\nt\0smart.noreply@netpace.comt\0.Product Testing Detail Report is now availablesr\0java.util.ArrayListxa\0I\0sizexp\0\0\0w\0\0\0\nt\0vsap.uat@gmail.comt\0aadil@netpace.comt\0vdc.netpace@gmail.comt\0 eugene.young@verizonwireless.comt\0 laiwah.leung@verizonwireless.comt\0hmehmood@netpace.comx','SENT','2013-10-04 00:00:01','','2013-10-04 00:00:01','','0'),(5057,'Company Detail Report is now available','hmehmood@netpace.com,aadil@netpace.com,vdc.netpace@gmail.com,vsap.uat@gmail.com,laiwah.leung@verizonwireless.com,eugene.young@verizonwireless.com','\0sr\0*com.netpace.notification.vo.EmailMessageVO/\\}\Z\0Z\0htmlContentL\0contentt\0Ljava/lang/String;L\0fromAddressq\0~\0L\0subjectq\0~\0L\0toAddressest\0Ljava/util/List;xr\0com.netpace.commons.vo.RecordS&8h\0L\0idt\0Ljava/lang/Integer;L\0\rversionNumberq\0~\0xpppt<p>\r\n	The Company Detail Report&nbsp;&nbsp;is now available. Please click on the following link and log in to the portal to access the report.</p>\r\n<p>\r\n	http://smart.netpace.com/device/signin.do?goto=%2Fsecure%2Fdownload.do%3Ftype%3Dreport%26id%3D6157</p>\r\nt\0smart.noreply@netpace.comt\0&Company Detail Report is now availablesr\0java.util.ArrayListxa\0I\0sizexp\0\0\0w\0\0\0\nt\0hmehmood@netpace.comt\0aadil@netpace.comt\0vdc.netpace@gmail.comt\0vsap.uat@gmail.comt\0 laiwah.leung@verizonwireless.comt\0 eugene.young@verizonwireless.comx','SENT','2013-10-04 00:00:01','','2013-10-04 00:00:01','','0'),(5059,'Developers Weekly Report is now available','vsap.uat@gmail.com,laiwah.leung@verizonwireless.com,eugene.young@verizonwireless.com,hmehmood@netpace.com,margo.hammar@verizon.com,aadil@netpace.com,vdc.netpace@gmail.com','\0sr\0*com.netpace.notification.vo.EmailMessageVO/\\}\Z\0Z\0htmlContentL\0contentt\0Ljava/lang/String;L\0fromAddressq\0~\0L\0subjectq\0~\0L\0toAddressest\0Ljava/util/List;xr\0com.netpace.commons.vo.RecordS&8h\0L\0idt\0Ljava/lang/Integer;L\0\rversionNumberq\0~\0xpppt\0<p>\r\n	The Developers Weekly Report is now available. Please click on the following link and log in to the portal to access the report.</p>\r\n<p>\r\n	http://smart.netpace.com/device/signin.do?goto=%2Fsecure%2Fdownload.do%3Ftype%3Dreport%26id%3D6159</p>\r\nt\0smart.noreply@netpace.comt\0)Developers Weekly Report is now availablesr\0java.util.ArrayListxa\0I\0sizexp\0\0\0w\0\0\0\nt\0vsap.uat@gmail.comt\0 laiwah.leung@verizonwireless.comt\0 eugene.young@verizonwireless.comt\0hmehmood@netpace.comt\0margo.hammar@verizon.comt\0aadil@netpace.comt\0vdc.netpace@gmail.comx','SENT','2013-10-04 00:00:01','','2013-10-04 00:00:01','','0'),(5061,'Verizon Smart Accessories Partner Portal: Invitation to Join','Thomas.Zahn2@VerizonWireless.com','\0sr\0*com.netpace.notification.vo.EmailMessageVO/\\}\Z\0Z\0htmlContentL\0contentt\0Ljava/lang/String;L\0fromAddressq\0~\0L\0subjectq\0~\0L\0toAddressest\0Ljava/util/List;xr\0com.netpace.commons.vo.RecordS&8h\0L\0idt\0Ljava/lang/Integer;L\0\rversionNumberq\0~\0xpppt<div>\r\n	You have been invited by Eugene Young to join the Verizon Smart Accessories Partner Portal. Please click the link below to complete your registration.</div>\r\n<div>\r\n	&nbsp;</div>\r\n<div>\r\n	http://smart.netpace.com/device/admin/invitation.do?authCode=9ae7fcdd-e4c4-47e0-badf-b221e4a220b3</div>\r\n<div>\r\n	&nbsp;</div>\r\n<div>\r\n	If clicking the link above does not work, please copy and paste the URL in a new browser window instead.</div>\r\n<div>\r\n	&nbsp;</div>\r\n<div>\r\n	Sincerely,</div>\r\n<div>\r\n	The Verizon Smart Accesories Team</div>\r\nt\0smart.noreply@netpace.comt\0<Verizon Smart Accessories Partner Portal: Invitation to Joinsr\0\Zjava.util.Arrays$ArrayList<\0[\0at\0[Ljava/lang/Object;xpur\0[Ljava.lang.String;V{G\0\0xp\0\0\0t\0 Thomas.Zahn2@VerizonWireless.com','SENT','2013-10-08 11:52:43','','2013-10-08 11:52:43','','0'),(5063,'Products Detail Report is now available','eugene.young@verizonwireless.com,vdc.netpace@gmail.com,laiwah.leung@verizonwireless.com','\0sr\0*com.netpace.notification.vo.EmailMessageVO/\\}\Z\0Z\0htmlContentL\0contentt\0Ljava/lang/String;L\0fromAddressq\0~\0L\0subjectq\0~\0L\0toAddressest\0Ljava/util/List;xr\0com.netpace.commons.vo.RecordS&8h\0L\0idt\0Ljava/lang/Integer;L\0\rversionNumberq\0~\0xpppt\0<p>\r\n	The Products Detail Report is now available. Please click on the following link and log in to the portal to access the report.</p>\r\n<p>\r\n	http://smart.netpace.com/device/signin.do?goto=%2Fsecure%2Fdownload.do%3Ftype%3Dreport%26id%3D6161</p>\r\nt\0smart.noreply@netpace.comt\0\'Products Detail Report is now availablesr\0java.util.ArrayListxa\0I\0sizexp\0\0\0w\0\0\0\nt\0 eugene.young@verizonwireless.comt\0vdc.netpace@gmail.comt\0 laiwah.leung@verizonwireless.comx','SENT','2013-10-11 00:00:01','','2013-10-11 00:00:01','','0'),(5065,'Product Testing Detail Report is now available','laiwah.leung@verizonwireless.com,eugene.young@verizonwireless.com,vdc.netpace@gmail.com','\0sr\0*com.netpace.notification.vo.EmailMessageVO/\\}\Z\0Z\0htmlContentL\0contentt\0Ljava/lang/String;L\0fromAddressq\0~\0L\0subjectq\0~\0L\0toAddressest\0Ljava/util/List;xr\0com.netpace.commons.vo.RecordS&8h\0L\0idt\0Ljava/lang/Integer;L\0\rversionNumberq\0~\0xpppt<p>\r\n	The Product Testing Detail Report&nbsp;is now available. Please click on the following link and log in to the portal to access the report.</p>\r\n<p>\r\n	http://smart.netpace.com/device/signin.do?goto=%2Fsecure%2Fdownload.do%3Ftype%3Dreport%26id%3D6163</p>\r\nt\0smart.noreply@netpace.comt\0.Product Testing Detail Report is now availablesr\0java.util.ArrayListxa\0I\0sizexp\0\0\0w\0\0\0\nt\0 laiwah.leung@verizonwireless.comt\0 eugene.young@verizonwireless.comt\0vdc.netpace@gmail.comx','SENT','2013-10-11 00:00:01','','2013-10-11 00:00:01','','0'),(5067,'Company Detail Report is now available','vdc.netpace@gmail.com,eugene.young@verizonwireless.com,laiwah.leung@verizonwireless.com','\0sr\0*com.netpace.notification.vo.EmailMessageVO/\\}\Z\0Z\0htmlContentL\0contentt\0Ljava/lang/String;L\0fromAddressq\0~\0L\0subjectq\0~\0L\0toAddressest\0Ljava/util/List;xr\0com.netpace.commons.vo.RecordS&8h\0L\0idt\0Ljava/lang/Integer;L\0\rversionNumberq\0~\0xpppt<p>\r\n	The Company Detail Report&nbsp;&nbsp;is now available. Please click on the following link and log in to the portal to access the report.</p>\r\n<p>\r\n	http://smart.netpace.com/device/signin.do?goto=%2Fsecure%2Fdownload.do%3Ftype%3Dreport%26id%3D6165</p>\r\nt\0smart.noreply@netpace.comt\0&Company Detail Report is now availablesr\0java.util.ArrayListxa\0I\0sizexp\0\0\0w\0\0\0\nt\0vdc.netpace@gmail.comt\0 eugene.young@verizonwireless.comt\0 laiwah.leung@verizonwireless.comx','SENT','2013-10-11 00:00:01','','2013-10-11 00:00:01','','0'),(5069,'Developers Weekly Report is now available','margo.hammar@verizon.com,eugene.young@verizonwireless.com,laiwah.leung@verizonwireless.com,vdc.netpace@gmail.com','\0sr\0*com.netpace.notification.vo.EmailMessageVO/\\}\Z\0Z\0htmlContentL\0contentt\0Ljava/lang/String;L\0fromAddressq\0~\0L\0subjectq\0~\0L\0toAddressest\0Ljava/util/List;xr\0com.netpace.commons.vo.RecordS&8h\0L\0idt\0Ljava/lang/Integer;L\0\rversionNumberq\0~\0xpppt\0<p>\r\n	The Developers Weekly Report is now available. Please click on the following link and log in to the portal to access the report.</p>\r\n<p>\r\n	http://smart.netpace.com/device/signin.do?goto=%2Fsecure%2Fdownload.do%3Ftype%3Dreport%26id%3D6167</p>\r\nt\0smart.noreply@netpace.comt\0)Developers Weekly Report is now availablesr\0java.util.ArrayListxa\0I\0sizexp\0\0\0w\0\0\0\nt\0margo.hammar@verizon.comt\0 eugene.young@verizonwireless.comt\0 laiwah.leung@verizonwireless.comt\0vdc.netpace@gmail.comx','SENT','2013-10-11 00:00:01','','2013-10-11 00:00:01','','0'),(5071,'Verizon Smart Accessories Partner Portal: Username Change Assistance','eugene.young@ovi.com','\0sr\0*com.netpace.notification.vo.EmailMessageVO/\\}\Z\0Z\0htmlContentL\0contentt\0Ljava/lang/String;L\0fromAddressq\0~\0L\0subjectq\0~\0L\0toAddressest\0Ljava/util/List;xr\0com.netpace.commons.vo.RecordS&8h\0L\0idt\0Ljava/lang/Integer;L\0\rversionNumberq\0~\0xpppt<p>\r\n	Your User Name for the VSAPP platform is &quot;eugene.ovi&quot;.</p>\r\n<p>\r\n	<br />\r\n	If you had not requested help with your username, please log into your account and verify your information.</p>\r\n<p>\r\n	<br />\r\n	Sincerely,<br />\r\n	The Verizon Smart Accessories Team</p>\r\nt\0smart.noreply@netpace.comt\0DVerizon Smart Accessories Partner Portal: Username Change Assistancesr\0\Zjava.util.Arrays$ArrayList<\0[\0at\0[Ljava/lang/Object;xpur\0[Ljava.lang.String;V{G\0\0xp\0\0\0t\0eugene.young@ovi.com','SENT','2013-10-11 07:53:41','','2013-10-11 07:53:41','','0'),(5073,'Verizon Smart Accessories Partner Portal: Password Assistance','eugene.young@ovi.com','\0sr\0*com.netpace.notification.vo.EmailMessageVO/\\}\Z\0Z\0htmlContentL\0contentt\0Ljava/lang/String;L\0fromAddressq\0~\0L\0subjectq\0~\0L\0toAddressest\0Ljava/util/List;xr\0com.netpace.commons.vo.RecordS&8h\0L\0idt\0Ljava/lang/Integer;L\0\rversionNumberq\0~\0xppptF<div>\r\n	To reset the password for your account, please click the link below:</div>\r\n<div>\r\n	&nbsp;</div>\r\n<div>\r\n	http://smart.netpace.com/device/resetPassword.do?PRT=479ed30d-8462-4815-9aac-5cad0a2eb12b</div>\r\n<div>\r\n	&nbsp;</div>\r\n<div>\r\n	If clicking the link above does not work, please copy and paste the URL in a new browser window instead.</div>\r\n<div>\r\n	If you had not requested a password reset, you do not need to take any further action and can disregard this email.</div>\r\n<div>\r\n	&nbsp;</div>\r\n<div>\r\n	Sincerely,</div>\r\n<div>\r\n	The Verizon Smart Accessories Team</div>\r\nt\0smart.noreply@netpace.comt\0=Verizon Smart Accessories Partner Portal: Password Assistancesr\0\Zjava.util.Arrays$ArrayList<\0[\0at\0[Ljava/lang/Object;xpur\0[Ljava.lang.String;V{G\0\0xp\0\0\0t\0eugene.young@ovi.com','SENT','2013-10-11 07:54:50','','2013-10-11 07:54:50','','0'),(5075,'Verizon Smart Accessories Partner Portal: Password Change Confirmation','eugene.young@ovi.com','\0sr\0*com.netpace.notification.vo.EmailMessageVO/\\}\Z\0Z\0htmlContentL\0contentt\0Ljava/lang/String;L\0fromAddressq\0~\0L\0subjectq\0~\0L\0toAddressest\0Ljava/util/List;xr\0com.netpace.commons.vo.RecordS&8h\0L\0idt\0Ljava/lang/Integer;L\0\rversionNumberq\0~\0xpppt6<div>\r\n	The password for your VSAPP account was recently updated.&nbsp;</div>\r\n<div>\r\n	&nbsp;</div>\r\n<div>\r\n	If you had not requested this change, please log into your account and verify your information.</div>\r\n<div>\r\n	&nbsp;</div>\r\n<div>\r\n	Sincerely,</div>\r\n<div>\r\n	The Verizon Smart Accessories Team</div>\r\nt\0smart.noreply@netpace.comt\0FVerizon Smart Accessories Partner Portal: Password Change Confirmationsr\0\Zjava.util.Arrays$ArrayList<\0[\0at\0[Ljava/lang/Object;xpur\0[Ljava.lang.String;V{G\0\0xp\0\0\0t\0eugene.young@ovi.com','SENT','2013-10-11 07:55:32','','2013-10-11 07:55:32','','0'),(5077,'Verizon Smart Accessories Partner Portal: Registration Approved','eugene.young@ovi.com,jyothi.keshavdas@verizonwireless.com,david.dempski@verizonwireless.com,frank.larocca@verizonwireless.com,jennifer.gibbings@verizonwireless.com,brian.boudreau2@verizonwireless.com','\0sr\0*com.netpace.notification.vo.EmailMessageVO/\\}\Z\0Z\0htmlContentL\0contentt\0Ljava/lang/String;L\0fromAddressq\0~\0L\0subjectq\0~\0L\0toAddressest\0Ljava/util/List;xr\0com.netpace.commons.vo.RecordS&8h\0L\0idt\0Ljava/lang/Integer;L\0\rversionNumberq\0~\0xpppt<p>\r\n	Your request for OVI Inc. to join the Verizon Smart Accessories Partner Portal has been approved on 10/11/2013 .<br />\r\n	<br />\r\n	You can now log into the portal to submit products for review.</p>\r\n<p>\r\n	<br />\r\n	Sincerely,<br />\r\n	The Verizon Smart Accessories Team</p>\r\nt\0smart.noreply@netpace.comt\0?Verizon Smart Accessories Partner Portal: Registration Approvedsr\0java.util.ArrayListxa\0I\0sizexp\0\0\0w\0\0\0\nt\0eugene.young@ovi.comt\0$jyothi.keshavdas@verizonwireless.comt\0!david.dempski@verizonwireless.comt\0!frank.larocca@verizonwireless.comt\0%jennifer.gibbings@verizonwireless.comt\0#brian.boudreau2@verizonwireless.comx','SENT','2013-10-11 07:58:39','','2013-10-11 07:58:39','','0'),(5079,'Verizon Smart Accessories Partner Portal: Device Marketing Review for Product Pending','jennifer.gibbings@verizonwireless.com,brian.boudreau2@verizonwireless.com,frank.larocca@verizonwireless.com,david.dempski@verizonwireless.com,jyothi.keshavdas@verizonwireless.com','\0sr\0*com.netpace.notification.vo.EmailMessageVO/\\}\Z\0Z\0htmlContentL\0contentt\0Ljava/lang/String;L\0fromAddressq\0~\0L\0subjectq\0~\0L\0toAddressest\0Ljava/util/List;xr\0com.netpace.commons.vo.RecordS&8h\0L\0idt\0Ljava/lang/Integer;L\0\rversionNumberq\0~\0xpppt\0<p>\r\n	Product Wireless Charging unit for iPhone 5 from OVI Inc. is now ready for review by Device Marketing. Please log into the portal to review.</p>\r\nt\0smart.noreply@netpace.comt\0UVerizon Smart Accessories Partner Portal: Device Marketing Review for Product Pendingsr\0java.util.ArrayListxa\0I\0sizexp\0\0\0w\0\0\0\nt\0%jennifer.gibbings@verizonwireless.comt\0#brian.boudreau2@verizonwireless.comt\0!frank.larocca@verizonwireless.comt\0!david.dempski@verizonwireless.comt\0$jyothi.keshavdas@verizonwireless.comx','SENT','2013-10-11 08:12:55','','2013-10-11 08:12:55','','0'),(5081,'Verizon Smart Accessories Partner Portal: Product Export Compliance Information Submission Pending','eugene.young@ovi.com','\0sr\0*com.netpace.notification.vo.EmailMessageVO/\\}\Z\0Z\0htmlContentL\0contentt\0Ljava/lang/String;L\0fromAddressq\0~\0L\0subjectq\0~\0L\0toAddressest\0Ljava/util/List;xr\0com.netpace.commons.vo.RecordS&8h\0L\0idt\0Ljava/lang/Integer;L\0\rversionNumberq\0~\0xpppt<p>\r\n	The review of your submitted product Wireless Charging unit for iPhone 5 is pending the product&#39;s export compliance information. Please log into the portal to provide the information.</p>\r\n<p>\r\n	<br />\r\n	Sincerely,<br />\r\n	The Verizon Smart Accessories Team</p>\r\nt\0smart.noreply@netpace.comt\0bVerizon Smart Accessories Partner Portal: Product Export Compliance Information Submission Pendingsr\0java.util.ArrayListxa\0I\0sizexp\0\0\0w\0\0\0\nt\0eugene.young@ovi.comx','SENT','2013-10-11 08:15:39','','2013-10-11 08:15:39','','0'),(5083,'Verizon Smart Accessories Partner Portal: Product Information Submission Pending','eugene.young@ovi.com','\0sr\0*com.netpace.notification.vo.EmailMessageVO/\\}\Z\0Z\0htmlContentL\0contentt\0Ljava/lang/String;L\0fromAddressq\0~\0L\0subjectq\0~\0L\0toAddressest\0Ljava/util/List;xr\0com.netpace.commons.vo.RecordS&8h\0L\0idt\0Ljava/lang/Integer;L\0\rversionNumberq\0~\0xpppt<p>\r\n	The review of your submitted product Wireless Charging unit for iPhone 5 is pending the upload of additional product information. Please log into the portal to provide the information.</p>\r\n<p>\r\n	<br />\r\n	Sincerely,<br />\r\n	The Verizon Smart Accessories Team</p>\r\nt\0smart.noreply@netpace.comt\0PVerizon Smart Accessories Partner Portal: Product Information Submission Pendingsr\0java.util.ArrayListxa\0I\0sizexp\0\0\0w\0\0\0\nt\0eugene.young@ovi.comx','SENT','2013-10-11 08:15:39','','2013-10-11 08:15:39','','0'),(5085,'Verizon Smart Accessories Partner Portal: Username Change Assistance','Laiwah.Leung@VerizonWireless.com','\0sr\0*com.netpace.notification.vo.EmailMessageVO/\\}\Z\0Z\0htmlContentL\0contentt\0Ljava/lang/String;L\0fromAddressq\0~\0L\0subjectq\0~\0L\0toAddressest\0Ljava/util/List;xr\0com.netpace.commons.vo.RecordS&8h\0L\0idt\0Ljava/lang/Integer;L\0\rversionNumberq\0~\0xpppt<p>\r\n	Your User Name for the VSAPP platform is &quot;leungla&quot;.</p>\r\n<p>\r\n	<br />\r\n	If you had not requested help with your username, please log into your account and verify your information.</p>\r\n<p>\r\n	<br />\r\n	Sincerely,<br />\r\n	The Verizon Smart Accessories Team</p>\r\nt\0smart.noreply@netpace.comt\0DVerizon Smart Accessories Partner Portal: Username Change Assistancesr\0\Zjava.util.Arrays$ArrayList<\0[\0at\0[Ljava/lang/Object;xpur\0[Ljava.lang.String;V{G\0\0xp\0\0\0t\0 Laiwah.Leung@VerizonWireless.com','SENT','2013-10-14 10:16:19','','2013-10-14 10:16:19','','0'),(5087,'Verizon Smart Accessories Partner Portal: Registration Validation Link','aliceleung@abc.com','\0sr\0*com.netpace.notification.vo.EmailMessageVO/\\}\Z\0Z\0htmlContentL\0contentt\0Ljava/lang/String;L\0fromAddressq\0~\0L\0subjectq\0~\0L\0toAddressest\0Ljava/util/List;xr\0com.netpace.commons.vo.RecordS&8h\0L\0idt\0Ljava/lang/Integer;L\0\rversionNumberq\0~\0xpppt<div>\r\n	Please click the link below to complete your user registration on the Verizon Smart Accessories Partner Portal site:</div>\r\n<div>\r\n	&nbsp;</div>\r\n<div>\r\n	http://smart.netpace.com/device/activation.do?authCode=69264d63-ebd7-4701-ad84-47b8ae3ed834</div>\r\n<div>\r\n	&nbsp;</div>\r\n<div>\r\n	If clicking the link above does not work, please copy and paste the URL in a new browser window instead.</div>\r\n<div>\r\n	&nbsp;</div>\r\n<div>\r\n	Sincerely,</div>\r\n<div>\r\n	The Verizon Smart Accessories Team</div>\r\nt\0smart.noreply@netpace.comt\0FVerizon Smart Accessories Partner Portal: Registration Validation Linksr\0\Zjava.util.Arrays$ArrayList<\0[\0at\0[Ljava/lang/Object;xpur\0[Ljava.lang.String;V{G\0\0xp\0\0\0t\0aliceleung@abc.com','SENT','2013-10-15 12:32:09','','2013-10-15 12:32:09','','0'),(5089,'Products Detail Report is now available','laiwah.leung@verizonwireless.com,vdc.netpace@gmail.com,eugene.young@verizonwireless.com','\0sr\0*com.netpace.notification.vo.EmailMessageVO/\\}\Z\0Z\0htmlContentL\0contentt\0Ljava/lang/String;L\0fromAddressq\0~\0L\0subjectq\0~\0L\0toAddressest\0Ljava/util/List;xr\0com.netpace.commons.vo.RecordS&8h\0L\0idt\0Ljava/lang/Integer;L\0\rversionNumberq\0~\0xpppt\0<p>\r\n	The Products Detail Report is now available. Please click on the following link and log in to the portal to access the report.</p>\r\n<p>\r\n	http://smart.netpace.com/device/signin.do?goto=%2Fsecure%2Fdownload.do%3Ftype%3Dreport%26id%3D6183</p>\r\nt\0smart.noreply@netpace.comt\0\'Products Detail Report is now availablesr\0java.util.ArrayListxa\0I\0sizexp\0\0\0w\0\0\0\nt\0 laiwah.leung@verizonwireless.comt\0vdc.netpace@gmail.comt\0 eugene.young@verizonwireless.comx','SENT','2013-10-18 00:00:01','','2013-10-18 00:00:01','','0'),(5091,'Product Testing Detail Report is now available','laiwah.leung@verizonwireless.com,vdc.netpace@gmail.com,eugene.young@verizonwireless.com','\0sr\0*com.netpace.notification.vo.EmailMessageVO/\\}\Z\0Z\0htmlContentL\0contentt\0Ljava/lang/String;L\0fromAddressq\0~\0L\0subjectq\0~\0L\0toAddressest\0Ljava/util/List;xr\0com.netpace.commons.vo.RecordS&8h\0L\0idt\0Ljava/lang/Integer;L\0\rversionNumberq\0~\0xpppt<p>\r\n	The Product Testing Detail Report&nbsp;is now available. Please click on the following link and log in to the portal to access the report.</p>\r\n<p>\r\n	http://smart.netpace.com/device/signin.do?goto=%2Fsecure%2Fdownload.do%3Ftype%3Dreport%26id%3D6185</p>\r\nt\0smart.noreply@netpace.comt\0.Product Testing Detail Report is now availablesr\0java.util.ArrayListxa\0I\0sizexp\0\0\0w\0\0\0\nt\0 laiwah.leung@verizonwireless.comt\0vdc.netpace@gmail.comt\0 eugene.young@verizonwireless.comx','SENT','2013-10-18 00:00:01','','2013-10-18 00:00:01','','0'),(5093,'Company Detail Report is now available','eugene.young@verizonwireless.com,vdc.netpace@gmail.com,laiwah.leung@verizonwireless.com','\0sr\0*com.netpace.notification.vo.EmailMessageVO/\\}\Z\0Z\0htmlContentL\0contentt\0Ljava/lang/String;L\0fromAddressq\0~\0L\0subjectq\0~\0L\0toAddressest\0Ljava/util/List;xr\0com.netpace.commons.vo.RecordS&8h\0L\0idt\0Ljava/lang/Integer;L\0\rversionNumberq\0~\0xpppt<p>\r\n	The Company Detail Report&nbsp;&nbsp;is now available. Please click on the following link and log in to the portal to access the report.</p>\r\n<p>\r\n	http://smart.netpace.com/device/signin.do?goto=%2Fsecure%2Fdownload.do%3Ftype%3Dreport%26id%3D6187</p>\r\nt\0smart.noreply@netpace.comt\0&Company Detail Report is now availablesr\0java.util.ArrayListxa\0I\0sizexp\0\0\0w\0\0\0\nt\0 eugene.young@verizonwireless.comt\0vdc.netpace@gmail.comt\0 laiwah.leung@verizonwireless.comx','SENT','2013-10-18 00:00:01','','2013-10-18 00:00:01','','0'),(5095,'Developers Weekly Report is now available','laiwah.leung@verizonwireless.com,vdc.netpace@gmail.com,margo.hammar@verizon.com,eugene.young@verizonwireless.com','\0sr\0*com.netpace.notification.vo.EmailMessageVO/\\}\Z\0Z\0htmlContentL\0contentt\0Ljava/lang/String;L\0fromAddressq\0~\0L\0subjectq\0~\0L\0toAddressest\0Ljava/util/List;xr\0com.netpace.commons.vo.RecordS&8h\0L\0idt\0Ljava/lang/Integer;L\0\rversionNumberq\0~\0xpppt\0<p>\r\n	The Developers Weekly Report is now available. Please click on the following link and log in to the portal to access the report.</p>\r\n<p>\r\n	http://smart.netpace.com/device/signin.do?goto=%2Fsecure%2Fdownload.do%3Ftype%3Dreport%26id%3D6189</p>\r\nt\0smart.noreply@netpace.comt\0)Developers Weekly Report is now availablesr\0java.util.ArrayListxa\0I\0sizexp\0\0\0w\0\0\0\nt\0 laiwah.leung@verizonwireless.comt\0vdc.netpace@gmail.comt\0margo.hammar@verizon.comt\0 eugene.young@verizonwireless.comx','SENT','2013-10-18 00:00:01','','2013-10-18 00:00:01','','0'),(5097,'Verizon Smart Accessories Partner Portal: Registration Validation Link','christian@phonehalo.com','\0sr\0*com.netpace.notification.vo.EmailMessageVO/\\}\Z\0Z\0htmlContentL\0contentt\0Ljava/lang/String;L\0fromAddressq\0~\0L\0subjectq\0~\0L\0toAddressest\0Ljava/util/List;xr\0com.netpace.commons.vo.RecordS&8h\0L\0idt\0Ljava/lang/Integer;L\0\rversionNumberq\0~\0xpppt<div>\r\n	Please click the link below to complete your user registration on the Verizon Smart Accessories Partner Portal site:</div>\r\n<div>\r\n	&nbsp;</div>\r\n<div>\r\n	http://smart.netpace.com/device/activation.do?authCode=a2606008-fdc0-4cdc-826e-d67ef72900a2</div>\r\n<div>\r\n	&nbsp;</div>\r\n<div>\r\n	If clicking the link above does not work, please copy and paste the URL in a new browser window instead.</div>\r\n<div>\r\n	&nbsp;</div>\r\n<div>\r\n	Sincerely,</div>\r\n<div>\r\n	The Verizon Smart Accessories Team</div>\r\nt\0smart.noreply@netpace.comt\0FVerizon Smart Accessories Partner Portal: Registration Validation Linksr\0\Zjava.util.Arrays$ArrayList<\0[\0at\0[Ljava/lang/Object;xpur\0[Ljava.lang.String;V{G\0\0xp\0\0\0t\0christian@phonehalo.com','SENT','2013-10-18 16:40:57','','2013-10-18 16:40:57','','0'),(5099,'Verizon Smart Accessories Partner Portal: Partner Registration Pending Device Marketing Review','david.dempski@verizonwireless.com,brian.boudreau2@verizonwireless.com,frank.larocca@verizonwireless.com,jennifer.gibbings@verizonwireless.com,jyothi.keshavdas@verizonwireless.com','\0sr\0*com.netpace.notification.vo.EmailMessageVO/\\}\Z\0Z\0htmlContentL\0contentt\0Ljava/lang/String;L\0fromAddressq\0~\0L\0subjectq\0~\0L\0toAddressest\0Ljava/util/List;xr\0com.netpace.commons.vo.RecordS&8h\0L\0idt\0Ljava/lang/Integer;L\0\rversionNumberq\0~\0xpppt\0<p>\r\n	The registration request from Phone Halo to join the Verizon Smart Accessories Partner Portal is now ready for review by Device Marketing.</p>\r\n<p>\r\n	Please log into the portal to review.</p>\r\nt\0smart.noreply@netpace.comt\0^Verizon Smart Accessories Partner Portal: Partner Registration Pending Device Marketing Reviewsr\0java.util.ArrayListxa\0I\0sizexp\0\0\0w\0\0\0\nt\0!david.dempski@verizonwireless.comt\0#brian.boudreau2@verizonwireless.comt\0!frank.larocca@verizonwireless.comt\0%jennifer.gibbings@verizonwireless.comt\0$jyothi.keshavdas@verizonwireless.comx','SENT','2013-10-18 16:42:40','','2013-10-18 16:42:40','','0'),(5101,'Verizon Smart Accessories Partner Portal: Registration Validation Link','soren@devant.com','\0sr\0*com.netpace.notification.vo.EmailMessageVO/\\}\Z\0Z\0htmlContentL\0contentt\0Ljava/lang/String;L\0fromAddressq\0~\0L\0subjectq\0~\0L\0toAddressest\0Ljava/util/List;xr\0com.netpace.commons.vo.RecordS&8h\0L\0idt\0Ljava/lang/Integer;L\0\rversionNumberq\0~\0xpppt<div>\r\n	Please click the link below to complete your user registration on the Verizon Smart Accessories Partner Portal site:</div>\r\n<div>\r\n	&nbsp;</div>\r\n<div>\r\n	http://smart.netpace.com/device/activation.do?authCode=4798c29b-0107-4e71-898c-af523710253f</div>\r\n<div>\r\n	&nbsp;</div>\r\n<div>\r\n	If clicking the link above does not work, please copy and paste the URL in a new browser window instead.</div>\r\n<div>\r\n	&nbsp;</div>\r\n<div>\r\n	Sincerely,</div>\r\n<div>\r\n	The Verizon Smart Accessories Team</div>\r\nt\0smart.noreply@netpace.comt\0FVerizon Smart Accessories Partner Portal: Registration Validation Linksr\0\Zjava.util.Arrays$ArrayList<\0[\0at\0[Ljava/lang/Object;xpur\0[Ljava.lang.String;V{G\0\0xp\0\0\0t\0soren@devant.com','SENT','2013-10-21 10:24:39','','2013-10-21 10:24:39','','0'),(5103,'Verizon Smart Accessories Partner Portal: Partner Registration Pending Device Marketing Review','frank.larocca@verizonwireless.com,jennifer.gibbings@verizonwireless.com,david.dempski@verizonwireless.com,brian.boudreau2@verizonwireless.com,jyothi.keshavdas@verizonwireless.com','\0sr\0*com.netpace.notification.vo.EmailMessageVO/\\}\Z\0Z\0htmlContentL\0contentt\0Ljava/lang/String;L\0fromAddressq\0~\0L\0subjectq\0~\0L\0toAddressest\0Ljava/util/List;xr\0com.netpace.commons.vo.RecordS&8h\0L\0idt\0Ljava/lang/Integer;L\0\rversionNumberq\0~\0xpppt\0<p>\r\n	The registration request from Devant Technologies to join the Verizon Smart Accessories Partner Portal is now ready for review by Device Marketing.</p>\r\n<p>\r\n	Please log into the portal to review.</p>\r\nt\0smart.noreply@netpace.comt\0^Verizon Smart Accessories Partner Portal: Partner Registration Pending Device Marketing Reviewsr\0java.util.ArrayListxa\0I\0sizexp\0\0\0w\0\0\0\nt\0!frank.larocca@verizonwireless.comt\0%jennifer.gibbings@verizonwireless.comt\0!david.dempski@verizonwireless.comt\0#brian.boudreau2@verizonwireless.comt\0$jyothi.keshavdas@verizonwireless.comx','SENT','2013-10-21 10:32:18','','2013-10-21 10:32:18','','0'),(5105,'Verizon Smart Accessories Partner Portal: Partner Registration Pending OFAC Review','aadil@netpace.com','\0sr\0*com.netpace.notification.vo.EmailMessageVO/\\}\Z\0Z\0htmlContentL\0contentt\0Ljava/lang/String;L\0fromAddressq\0~\0L\0subjectq\0~\0L\0toAddressest\0Ljava/util/List;xr\0com.netpace.commons.vo.RecordS&8h\0L\0idt\0Ljava/lang/Integer;L\0\rversionNumberq\0~\0xpppt\0<p>\r\n	The registration request from Phone Halo to join the Verizon Smart Accessories Partner Portal is pending OFAC approval. Please log into the portal to review.</p>\r\nt\0smart.noreply@netpace.comt\0RVerizon Smart Accessories Partner Portal: Partner Registration Pending OFAC Reviewsr\0java.util.ArrayListxa\0I\0sizexp\0\0\0w\0\0\0\nt\0aadil@netpace.comx','SENT','2013-10-21 12:08:18','','2013-10-21 12:08:18','','0'),(5107,'Verizon Smart Accessories Partner Portal: Partner Registration Pending OFAC Review','aadil@netpace.com','\0sr\0*com.netpace.notification.vo.EmailMessageVO/\\}\Z\0Z\0htmlContentL\0contentt\0Ljava/lang/String;L\0fromAddressq\0~\0L\0subjectq\0~\0L\0toAddressest\0Ljava/util/List;xr\0com.netpace.commons.vo.RecordS&8h\0L\0idt\0Ljava/lang/Integer;L\0\rversionNumberq\0~\0xpppt\0<p>\r\n	The registration request from Devant Technologies to join the Verizon Smart Accessories Partner Portal is pending OFAC approval. Please log into the portal to review.</p>\r\nt\0smart.noreply@netpace.comt\0RVerizon Smart Accessories Partner Portal: Partner Registration Pending OFAC Reviewsr\0java.util.ArrayListxa\0I\0sizexp\0\0\0w\0\0\0\nt\0aadil@netpace.comx','SENT','2013-10-21 12:08:32','','2013-10-21 12:08:32','','0'),(5109,'Verizon Smart Accessories Partner Portal: Invitation to Join','margo.hammar@verizon.com','\0sr\0*com.netpace.notification.vo.EmailMessageVO/\\}\Z\0Z\0htmlContentL\0contentt\0Ljava/lang/String;L\0fromAddressq\0~\0L\0subjectq\0~\0L\0toAddressest\0Ljava/util/List;xr\0com.netpace.commons.vo.RecordS&8h\0L\0idt\0Ljava/lang/Integer;L\0\rversionNumberq\0~\0xpppt\"<div>\r\n	You have been invited by Laiwah Alice Leung to join the Verizon Smart Accessories Partner Portal. Please click the link below to complete your registration.</div>\r\n<div>\r\n	&nbsp;</div>\r\n<div>\r\n	http://smart.netpace.com/device/admin/invitation.do?authCode=01424907-d371-459f-976f-803ecb8fd000</div>\r\n<div>\r\n	&nbsp;</div>\r\n<div>\r\n	If clicking the link above does not work, please copy and paste the URL in a new browser window instead.</div>\r\n<div>\r\n	&nbsp;</div>\r\n<div>\r\n	Sincerely,</div>\r\n<div>\r\n	The Verizon Smart Accesories Team</div>\r\nt\0smart.noreply@netpace.comt\0<Verizon Smart Accessories Partner Portal: Invitation to Joinsr\0\Zjava.util.Arrays$ArrayList<\0[\0at\0[Ljava/lang/Object;xpur\0[Ljava.lang.String;V{G\0\0xp\0\0\0t\0margo.hammar@verizon.com','SENT','2013-10-22 09:29:48','','2013-10-22 09:29:48','','0'),(5111,'Products Detail Report is now available','eugene.young@verizonwireless.com,laiwah.leung@verizonwireless.com,vdc.netpace@gmail.com','\0sr\0*com.netpace.notification.vo.EmailMessageVO/\\}\Z\0Z\0htmlContentL\0contentt\0Ljava/lang/String;L\0fromAddressq\0~\0L\0subjectq\0~\0L\0toAddressest\0Ljava/util/List;xr\0com.netpace.commons.vo.RecordS&8h\0L\0idt\0Ljava/lang/Integer;L\0\rversionNumberq\0~\0xpppt\0<p>\r\n	The Products Detail Report is now available. Please click on the following link and log in to the portal to access the report.</p>\r\n<p>\r\n	http://smart.netpace.com/device/signin.do?goto=%2Fsecure%2Fdownload.do%3Ftype%3Dreport%26id%3D6191</p>\r\nt\0smart.noreply@netpace.comt\0\'Products Detail Report is now availablesr\0java.util.ArrayListxa\0I\0sizexp\0\0\0w\0\0\0\nt\0 eugene.young@verizonwireless.comt\0 laiwah.leung@verizonwireless.comt\0vdc.netpace@gmail.comx','SENT','2013-10-25 00:00:01','','2013-10-25 00:00:01','','0'),(5113,'Product Testing Detail Report is now available','laiwah.leung@verizonwireless.com,vdc.netpace@gmail.com,eugene.young@verizonwireless.com','\0sr\0*com.netpace.notification.vo.EmailMessageVO/\\}\Z\0Z\0htmlContentL\0contentt\0Ljava/lang/String;L\0fromAddressq\0~\0L\0subjectq\0~\0L\0toAddressest\0Ljava/util/List;xr\0com.netpace.commons.vo.RecordS&8h\0L\0idt\0Ljava/lang/Integer;L\0\rversionNumberq\0~\0xpppt<p>\r\n	The Product Testing Detail Report&nbsp;is now available. Please click on the following link and log in to the portal to access the report.</p>\r\n<p>\r\n	http://smart.netpace.com/device/signin.do?goto=%2Fsecure%2Fdownload.do%3Ftype%3Dreport%26id%3D6193</p>\r\nt\0smart.noreply@netpace.comt\0.Product Testing Detail Report is now availablesr\0java.util.ArrayListxa\0I\0sizexp\0\0\0w\0\0\0\nt\0 laiwah.leung@verizonwireless.comt\0vdc.netpace@gmail.comt\0 eugene.young@verizonwireless.comx','SENT','2013-10-25 00:00:01','','2013-10-25 00:00:01','','0'),(5115,'Company Detail Report is now available','vdc.netpace@gmail.com,eugene.young@verizonwireless.com,laiwah.leung@verizonwireless.com','\0sr\0*com.netpace.notification.vo.EmailMessageVO/\\}\Z\0Z\0htmlContentL\0contentt\0Ljava/lang/String;L\0fromAddressq\0~\0L\0subjectq\0~\0L\0toAddressest\0Ljava/util/List;xr\0com.netpace.commons.vo.RecordS&8h\0L\0idt\0Ljava/lang/Integer;L\0\rversionNumberq\0~\0xpppt<p>\r\n	The Company Detail Report&nbsp;&nbsp;is now available. Please click on the following link and log in to the portal to access the report.</p>\r\n<p>\r\n	http://smart.netpace.com/device/signin.do?goto=%2Fsecure%2Fdownload.do%3Ftype%3Dreport%26id%3D6195</p>\r\nt\0smart.noreply@netpace.comt\0&Company Detail Report is now availablesr\0java.util.ArrayListxa\0I\0sizexp\0\0\0w\0\0\0\nt\0vdc.netpace@gmail.comt\0 eugene.young@verizonwireless.comt\0 laiwah.leung@verizonwireless.comx','SENT','2013-10-25 00:00:01','','2013-10-25 00:00:01','','0'),(5117,'Developers Weekly Report is now available','margo.hammar@verizon.com,laiwah.leung@verizonwireless.com,eugene.young@verizonwireless.com,vdc.netpace@gmail.com','\0sr\0*com.netpace.notification.vo.EmailMessageVO/\\}\Z\0Z\0htmlContentL\0contentt\0Ljava/lang/String;L\0fromAddressq\0~\0L\0subjectq\0~\0L\0toAddressest\0Ljava/util/List;xr\0com.netpace.commons.vo.RecordS&8h\0L\0idt\0Ljava/lang/Integer;L\0\rversionNumberq\0~\0xpppt\0<p>\r\n	The Developers Weekly Report is now available. Please click on the following link and log in to the portal to access the report.</p>\r\n<p>\r\n	http://smart.netpace.com/device/signin.do?goto=%2Fsecure%2Fdownload.do%3Ftype%3Dreport%26id%3D6197</p>\r\nt\0smart.noreply@netpace.comt\0)Developers Weekly Report is now availablesr\0java.util.ArrayListxa\0I\0sizexp\0\0\0w\0\0\0\nt\0margo.hammar@verizon.comt\0 laiwah.leung@verizonwireless.comt\0 eugene.young@verizonwireless.comt\0vdc.netpace@gmail.comx','SENT','2013-10-25 00:00:01','','2013-10-25 00:00:01','','0'),(5119,'Developers Monthly Report is now available','vdc.netpace@gmail.com,eugene.young@verizonwireless.com,margo.hammar@verizon.com,laiwah.leung@verizonwireless.com','\0sr\0*com.netpace.notification.vo.EmailMessageVO/\\}\Z\0Z\0htmlContentL\0contentt\0Ljava/lang/String;L\0fromAddressq\0~\0L\0subjectq\0~\0L\0toAddressest\0Ljava/util/List;xr\0com.netpace.commons.vo.RecordS&8h\0L\0idt\0Ljava/lang/Integer;L\0\rversionNumberq\0~\0xpppt\0<p>\r\n	The Developers Monthly Report is now available. Please click on the following link and log in to the portal to access the report.</p>\r\n<p>\r\n	http://smart.netpace.com/device/signin.do?goto=%2Fsecure%2Fdownload.do%3Ftype%3Dreport%26id%3D6199</p>\r\nt\0smart.noreply@netpace.comt\0*Developers Monthly Report is now availablesr\0java.util.ArrayListxa\0I\0sizexp\0\0\0w\0\0\0\nt\0vdc.netpace@gmail.comt\0 eugene.young@verizonwireless.comt\0margo.hammar@verizon.comt\0 laiwah.leung@verizonwireless.comx','SENT','2013-11-01 00:00:01','','2013-11-01 00:00:01','','0'),(5121,'Products Detail Report is now available','vdc.netpace@gmail.com,laiwah.leung@verizonwireless.com,eugene.young@verizonwireless.com','\0sr\0*com.netpace.notification.vo.EmailMessageVO/\\}\Z\0Z\0htmlContentL\0contentt\0Ljava/lang/String;L\0fromAddressq\0~\0L\0subjectq\0~\0L\0toAddressest\0Ljava/util/List;xr\0com.netpace.commons.vo.RecordS&8h\0L\0idt\0Ljava/lang/Integer;L\0\rversionNumberq\0~\0xpppt\0<p>\r\n	The Products Detail Report is now available. Please click on the following link and log in to the portal to access the report.</p>\r\n<p>\r\n	http://smart.netpace.com/device/signin.do?goto=%2Fsecure%2Fdownload.do%3Ftype%3Dreport%26id%3D6201</p>\r\nt\0smart.noreply@netpace.comt\0\'Products Detail Report is now availablesr\0java.util.ArrayListxa\0I\0sizexp\0\0\0w\0\0\0\nt\0vdc.netpace@gmail.comt\0 laiwah.leung@verizonwireless.comt\0 eugene.young@verizonwireless.comx','SENT','2013-11-01 00:00:01','','2013-11-01 00:00:01','','0'),(5123,'Product Testing Detail Report is now available','laiwah.leung@verizonwireless.com,eugene.young@verizonwireless.com,vdc.netpace@gmail.com','\0sr\0*com.netpace.notification.vo.EmailMessageVO/\\}\Z\0Z\0htmlContentL\0contentt\0Ljava/lang/String;L\0fromAddressq\0~\0L\0subjectq\0~\0L\0toAddressest\0Ljava/util/List;xr\0com.netpace.commons.vo.RecordS&8h\0L\0idt\0Ljava/lang/Integer;L\0\rversionNumberq\0~\0xpppt<p>\r\n	The Product Testing Detail Report&nbsp;is now available. Please click on the following link and log in to the portal to access the report.</p>\r\n<p>\r\n	http://smart.netpace.com/device/signin.do?goto=%2Fsecure%2Fdownload.do%3Ftype%3Dreport%26id%3D6203</p>\r\nt\0smart.noreply@netpace.comt\0.Product Testing Detail Report is now availablesr\0java.util.ArrayListxa\0I\0sizexp\0\0\0w\0\0\0\nt\0 laiwah.leung@verizonwireless.comt\0 eugene.young@verizonwireless.comt\0vdc.netpace@gmail.comx','SENT','2013-11-01 00:00:01','','2013-11-01 00:00:01','','0'),(5125,'Company Detail Report is now available','vdc.netpace@gmail.com,laiwah.leung@verizonwireless.com,eugene.young@verizonwireless.com','\0sr\0*com.netpace.notification.vo.EmailMessageVO/\\}\Z\0Z\0htmlContentL\0contentt\0Ljava/lang/String;L\0fromAddressq\0~\0L\0subjectq\0~\0L\0toAddressest\0Ljava/util/List;xr\0com.netpace.commons.vo.RecordS&8h\0L\0idt\0Ljava/lang/Integer;L\0\rversionNumberq\0~\0xpppt<p>\r\n	The Company Detail Report&nbsp;&nbsp;is now available. Please click on the following link and log in to the portal to access the report.</p>\r\n<p>\r\n	http://smart.netpace.com/device/signin.do?goto=%2Fsecure%2Fdownload.do%3Ftype%3Dreport%26id%3D6205</p>\r\nt\0smart.noreply@netpace.comt\0&Company Detail Report is now availablesr\0java.util.ArrayListxa\0I\0sizexp\0\0\0w\0\0\0\nt\0vdc.netpace@gmail.comt\0 laiwah.leung@verizonwireless.comt\0 eugene.young@verizonwireless.comx','SENT','2013-11-01 00:00:01','','2013-11-01 00:00:01','','0'),(5127,'Developers Weekly Report is now available','laiwah.leung@verizonwireless.com,margo.hammar@verizon.com,vdc.netpace@gmail.com,eugene.young@verizonwireless.com','\0sr\0*com.netpace.notification.vo.EmailMessageVO/\\}\Z\0Z\0htmlContentL\0contentt\0Ljava/lang/String;L\0fromAddressq\0~\0L\0subjectq\0~\0L\0toAddressest\0Ljava/util/List;xr\0com.netpace.commons.vo.RecordS&8h\0L\0idt\0Ljava/lang/Integer;L\0\rversionNumberq\0~\0xpppt\0<p>\r\n	The Developers Weekly Report is now available. Please click on the following link and log in to the portal to access the report.</p>\r\n<p>\r\n	http://smart.netpace.com/device/signin.do?goto=%2Fsecure%2Fdownload.do%3Ftype%3Dreport%26id%3D6207</p>\r\nt\0smart.noreply@netpace.comt\0)Developers Weekly Report is now availablesr\0java.util.ArrayListxa\0I\0sizexp\0\0\0w\0\0\0\nt\0 laiwah.leung@verizonwireless.comt\0margo.hammar@verizon.comt\0vdc.netpace@gmail.comt\0 eugene.young@verizonwireless.comx','SENT','2013-11-01 00:00:01','','2013-11-01 00:00:01','','0'),(5129,'Products Detail Report is now available','vdc.netpace@gmail.com,laiwah.leung@verizonwireless.com,eugene.young@verizonwireless.com','\0sr\0*com.netpace.notification.vo.EmailMessageVO/\\}\Z\0Z\0htmlContentL\0contentt\0Ljava/lang/String;L\0fromAddressq\0~\0L\0subjectq\0~\0L\0toAddressest\0Ljava/util/List;xr\0com.netpace.commons.vo.RecordS&8h\0L\0idt\0Ljava/lang/Integer;L\0\rversionNumberq\0~\0xpppt\0<p>\r\n	The Products Detail Report is now available. Please click on the following link and log in to the portal to access the report.</p>\r\n<p>\r\n	http://smart.netpace.com/device/signin.do?goto=%2Fsecure%2Fdownload.do%3Ftype%3Dreport%26id%3D6209</p>\r\nt\0smart.noreply@netpace.comt\0\'Products Detail Report is now availablesr\0java.util.ArrayListxa\0I\0sizexp\0\0\0w\0\0\0\nt\0vdc.netpace@gmail.comt\0 laiwah.leung@verizonwireless.comt\0 eugene.young@verizonwireless.comx','SENT','2013-11-05 09:46:22','','2013-11-05 09:46:22','','0'),(5131,'Products Detail Report is now available','vdc.netpace@gmail.com,laiwah.leung@verizonwireless.com,aadil@netpace.com,eugene.young@verizonwireless.com','\0sr\0*com.netpace.notification.vo.EmailMessageVO/\\}\Z\0Z\0htmlContentL\0contentt\0Ljava/lang/String;L\0fromAddressq\0~\0L\0subjectq\0~\0L\0toAddressest\0Ljava/util/List;xr\0com.netpace.commons.vo.RecordS&8h\0L\0idt\0Ljava/lang/Integer;L\0\rversionNumberq\0~\0xpppt\0<p>\r\n	The Products Detail Report is now available. Please click on the following link and log in to the portal to access the report.</p>\r\n<p>\r\n	http://smart.netpace.com/device/signin.do?goto=%2Fsecure%2Fdownload.do%3Ftype%3Dreport%26id%3D6211</p>\r\nt\0smart.noreply@netpace.comt\0\'Products Detail Report is now availablesr\0java.util.ArrayListxa\0I\0sizexp\0\0\0w\0\0\0\nt\0vdc.netpace@gmail.comt\0 laiwah.leung@verizonwireless.comt\0aadil@netpace.comt\0 eugene.young@verizonwireless.comx','SENT','2013-11-05 09:48:54','','2013-11-05 09:48:54','','0'),(5133,'Verizon Smart Accessories Partner Portal: OFAC Review Completed','soren@devant.com','\0sr\0*com.netpace.notification.vo.EmailMessageVO/\\}\Z\0Z\0htmlContentL\0contentt\0Ljava/lang/String;L\0fromAddressq\0~\0L\0subjectq\0~\0L\0toAddressest\0Ljava/util/List;xr\0com.netpace.commons.vo.RecordS&8h\0L\0idt\0Ljava/lang/Integer;L\0\rversionNumberq\0~\0xpppt<p>\r\n	Verizon Legal has completed the OFAC review of your request for Devant Technologies to join the Smart Accessories Partner Portal with the following comments.</p>\r\n<p>\r\n	<br />\r\n	</p>\r\n<p>\r\n	<br />\r\n	To complete the registration process, please log into the portal and go to your Worklist to complete the certification agreement review.</p>\r\n<p>\r\n	<br />\r\n	Sincerely,<br />\r\n	The Verizon Smart Accessories Team</p>\r\nt\0smart.noreply@netpace.comt\0?Verizon Smart Accessories Partner Portal: OFAC Review Completedsr\0java.util.ArrayListxa\0I\0sizexp\0\0\0w\0\0\0\nt\0soren@devant.comx','SENT','2013-11-05 09:57:05','','2013-11-05 09:57:05','','0'),(5135,'Verizon Smart Accessories Partner Portal: Certification Agreement and NDA Review Pending','soren@devant.com','\0sr\0*com.netpace.notification.vo.EmailMessageVO/\\}\Z\0Z\0htmlContentL\0contentt\0Ljava/lang/String;L\0fromAddressq\0~\0L\0subjectq\0~\0L\0toAddressest\0Ljava/util/List;xr\0com.netpace.commons.vo.RecordS&8h\0L\0idt\0Ljava/lang/Integer;L\0\rversionNumberq\0~\0xppptf<div>\r\n	The completion of the registration request for Devant Technologies to join the Verizon Smart Accessories Partner Portal is pending your review and acceptance of the certification agreement. Please log into the portal to complete those sections.</div>\r\n<div>\r\n	&nbsp;</div>\r\n<div>\r\n	Sincerely,</div>\r\n<div>\r\n	The Verizon Smart Accessories Team</div>\r\nt\0smart.noreply@netpace.comt\0XVerizon Smart Accessories Partner Portal: Certification Agreement and NDA Review Pendingsr\0java.util.ArrayListxa\0I\0sizexp\0\0\0w\0\0\0\nt\0soren@devant.comx','SENT','2013-11-05 09:57:05','','2013-11-05 09:57:05','','0'),(5137,'Verizon Smart Accessories Partner Portal: OFAC Review Completed','christian@phonehalo.com','\0sr\0*com.netpace.notification.vo.EmailMessageVO/\\}\Z\0Z\0htmlContentL\0contentt\0Ljava/lang/String;L\0fromAddressq\0~\0L\0subjectq\0~\0L\0toAddressest\0Ljava/util/List;xr\0com.netpace.commons.vo.RecordS&8h\0L\0idt\0Ljava/lang/Integer;L\0\rversionNumberq\0~\0xpppt<p>\r\n	Verizon Legal has completed the OFAC review of your request for Phone Halo to join the Smart Accessories Partner Portal with the following comments.</p>\r\n<p>\r\n	<br />\r\n	</p>\r\n<p>\r\n	<br />\r\n	To complete the registration process, please log into the portal and go to your Worklist to complete the certification agreement review.</p>\r\n<p>\r\n	<br />\r\n	Sincerely,<br />\r\n	The Verizon Smart Accessories Team</p>\r\nt\0smart.noreply@netpace.comt\0?Verizon Smart Accessories Partner Portal: OFAC Review Completedsr\0java.util.ArrayListxa\0I\0sizexp\0\0\0w\0\0\0\nt\0christian@phonehalo.comx','SENT','2013-11-05 09:57:05','','2013-11-05 09:57:05','','0'),(5139,'Verizon Smart Accessories Partner Portal: Certification Agreement and NDA Review Pending','christian@phonehalo.com','\0sr\0*com.netpace.notification.vo.EmailMessageVO/\\}\Z\0Z\0htmlContentL\0contentt\0Ljava/lang/String;L\0fromAddressq\0~\0L\0subjectq\0~\0L\0toAddressest\0Ljava/util/List;xr\0com.netpace.commons.vo.RecordS&8h\0L\0idt\0Ljava/lang/Integer;L\0\rversionNumberq\0~\0xpppt]<div>\r\n	The completion of the registration request for Phone Halo to join the Verizon Smart Accessories Partner Portal is pending your review and acceptance of the certification agreement. Please log into the portal to complete those sections.</div>\r\n<div>\r\n	&nbsp;</div>\r\n<div>\r\n	Sincerely,</div>\r\n<div>\r\n	The Verizon Smart Accessories Team</div>\r\nt\0smart.noreply@netpace.comt\0XVerizon Smart Accessories Partner Portal: Certification Agreement and NDA Review Pendingsr\0java.util.ArrayListxa\0I\0sizexp\0\0\0w\0\0\0\nt\0christian@phonehalo.comx','SENT','2013-11-05 09:57:05','','2013-11-05 09:57:05','','0'),(5141,'Products Detail Report is now available','vdc.netpace@gmail.com,hassanj2@hotmail.com,eyoung.vzw@gmail.com,eugene.young@verizonwireless.com,hmehmood@netpace.com,laiwah.leung@verizonwireless.com,aadil@netpace.com','\0sr\0*com.netpace.notification.vo.EmailMessageVO/\\}\Z\0Z\0htmlContentL\0contentt\0Ljava/lang/String;L\0fromAddressq\0~\0L\0subjectq\0~\0L\0toAddressest\0Ljava/util/List;xr\0com.netpace.commons.vo.RecordS&8h\0L\0idt\0Ljava/lang/Integer;L\0\rversionNumberq\0~\0xpppt\0<p>\r\n	The Products Detail Report is now available. Please click on the following link and log in to the portal to access the report.</p>\r\n<p>\r\n	http://smart.netpace.com/device/signin.do?goto=%2Fsecure%2Fdownload.do%3Ftype%3Dreport%26id%3D6213</p>\r\nt\0smart.noreply@netpace.comt\0\'Products Detail Report is now availablesr\0java.util.ArrayListxa\0I\0sizexp\0\0\0w\0\0\0\nt\0vdc.netpace@gmail.comt\0hassanj2@hotmail.comt\0eyoung.vzw@gmail.comt\0 eugene.young@verizonwireless.comt\0hmehmood@netpace.comt\0 laiwah.leung@verizonwireless.comt\0aadil@netpace.comx','SENT','2013-11-05 14:33:06','','2013-11-05 14:33:06','','0'),(5143,'Product Testing Detail Report is now available','vdc.netpace@gmail.com,laiwah.leung@verizonwireless.com,eyoung.vzw@gmail.com,eugene.young@verizonwireless.com','\0sr\0*com.netpace.notification.vo.EmailMessageVO/\\}\Z\0Z\0htmlContentL\0contentt\0Ljava/lang/String;L\0fromAddressq\0~\0L\0subjectq\0~\0L\0toAddressest\0Ljava/util/List;xr\0com.netpace.commons.vo.RecordS&8h\0L\0idt\0Ljava/lang/Integer;L\0\rversionNumberq\0~\0xpppt<p>\r\n	The Product Testing Detail Report&nbsp;is now available. Please click on the following link and log in to the portal to access the report.</p>\r\n<p>\r\n	http://smart.netpace.com/device/signin.do?goto=%2Fsecure%2Fdownload.do%3Ftype%3Dreport%26id%3D6215</p>\r\nt\0smart.noreply@netpace.comt\0.Product Testing Detail Report is now availablesr\0java.util.ArrayListxa\0I\0sizexp\0\0\0w\0\0\0\nt\0vdc.netpace@gmail.comt\0 laiwah.leung@verizonwireless.comt\0eyoung.vzw@gmail.comt\0 eugene.young@verizonwireless.comx','SENT','2013-11-05 14:33:06','','2013-11-05 14:33:06','','0'),(5145,'Company Detail Report is now available','vdc.netpace@gmail.com,aadil@netpace.com,eyoung.vzw@gmail.com,laiwah.leung@verizonwireless.com,eugene.young@verizonwireless.com','\0sr\0*com.netpace.notification.vo.EmailMessageVO/\\}\Z\0Z\0htmlContentL\0contentt\0Ljava/lang/String;L\0fromAddressq\0~\0L\0subjectq\0~\0L\0toAddressest\0Ljava/util/List;xr\0com.netpace.commons.vo.RecordS&8h\0L\0idt\0Ljava/lang/Integer;L\0\rversionNumberq\0~\0xpppt<p>\r\n	The Company Detail Report&nbsp;&nbsp;is now available. Please click on the following link and log in to the portal to access the report.</p>\r\n<p>\r\n	http://smart.netpace.com/device/signin.do?goto=%2Fsecure%2Fdownload.do%3Ftype%3Dreport%26id%3D6217</p>\r\nt\0smart.noreply@netpace.comt\0&Company Detail Report is now availablesr\0java.util.ArrayListxa\0I\0sizexp\0\0\0w\0\0\0\nt\0vdc.netpace@gmail.comt\0aadil@netpace.comt\0eyoung.vzw@gmail.comt\0 laiwah.leung@verizonwireless.comt\0 eugene.young@verizonwireless.comx','SENT','2013-11-05 14:33:06','','2013-11-05 14:33:06','','0'),(5147,'Developers Weekly Report is now available','eugene.young@verizonwireless.com,margo.hammar@verizon.com,eyoung.vzw@gmail.com,laiwah.leung@verizonwireless.com,vdc.netpace@gmail.com,aadil@netpace.com','\0sr\0*com.netpace.notification.vo.EmailMessageVO/\\}\Z\0Z\0htmlContentL\0contentt\0Ljava/lang/String;L\0fromAddressq\0~\0L\0subjectq\0~\0L\0toAddressest\0Ljava/util/List;xr\0com.netpace.commons.vo.RecordS&8h\0L\0idt\0Ljava/lang/Integer;L\0\rversionNumberq\0~\0xpppt\0<p>\r\n	The Developers Weekly Report is now available. Please click on the following link and log in to the portal to access the report.</p>\r\n<p>\r\n	http://smart.netpace.com/device/signin.do?goto=%2Fsecure%2Fdownload.do%3Ftype%3Dreport%26id%3D6219</p>\r\nt\0smart.noreply@netpace.comt\0)Developers Weekly Report is now availablesr\0java.util.ArrayListxa\0I\0sizexp\0\0\0w\0\0\0\nt\0 eugene.young@verizonwireless.comt\0margo.hammar@verizon.comt\0eyoung.vzw@gmail.comt\0 laiwah.leung@verizonwireless.comt\0vdc.netpace@gmail.comt\0aadil@netpace.comx','SENT','2013-11-05 14:33:06','','2013-11-05 14:33:06','','0'),(5149,'Products Detail Report is now available','aadil@netpace.com,eugene.young@verizonwireless.com,hassanjdev@gmail.com,eyoung.vzw@gmail.com,hmehmood@netpace.com,lwaleung@gmail.com,laiwah.leung@verizonwireless.com,vdc.netpace@gmail.com','\0sr\0*com.netpace.notification.vo.EmailMessageVO/\\}\Z\0Z\0htmlContentL\0contentt\0Ljava/lang/String;L\0fromAddressq\0~\0L\0subjectq\0~\0L\0toAddressest\0Ljava/util/List;xr\0com.netpace.commons.vo.RecordS&8h\0L\0idt\0Ljava/lang/Integer;L\0\rversionNumberq\0~\0xpppt\0<p>\r\n	The Products Detail Report is now available. Please click on the following link and log in to the portal to access the report.</p>\r\n<p>\r\n	http://smart.netpace.com/device/signin.do?goto=%2Fsecure%2Fdownload.do%3Ftype%3Dreport%26id%3D6221</p>\r\nt\0smart.noreply@netpace.comt\0\'Products Detail Report is now availablesr\0java.util.ArrayListxa\0I\0sizexp\0\0\0w\0\0\0\nt\0aadil@netpace.comt\0 eugene.young@verizonwireless.comt\0hassanjdev@gmail.comt\0eyoung.vzw@gmail.comt\0hmehmood@netpace.comt\0lwaleung@gmail.comt\0 laiwah.leung@verizonwireless.comt\0vdc.netpace@gmail.comx','SENT','2013-11-05 14:39:01','','2013-11-05 14:39:01','','0'),(5151,'Product Testing Detail Report is now available','lwaleung@gmail.com,eyoung.vzw@gmail.com,laiwah.leung@verizonwireless.com,eugene.young@verizonwireless.com,vdc.netpace@gmail.com','\0sr\0*com.netpace.notification.vo.EmailMessageVO/\\}\Z\0Z\0htmlContentL\0contentt\0Ljava/lang/String;L\0fromAddressq\0~\0L\0subjectq\0~\0L\0toAddressest\0Ljava/util/List;xr\0com.netpace.commons.vo.RecordS&8h\0L\0idt\0Ljava/lang/Integer;L\0\rversionNumberq\0~\0xpppt<p>\r\n	The Product Testing Detail Report&nbsp;is now available. Please click on the following link and log in to the portal to access the report.</p>\r\n<p>\r\n	http://smart.netpace.com/device/signin.do?goto=%2Fsecure%2Fdownload.do%3Ftype%3Dreport%26id%3D6223</p>\r\nt\0smart.noreply@netpace.comt\0.Product Testing Detail Report is now availablesr\0java.util.ArrayListxa\0I\0sizexp\0\0\0w\0\0\0\nt\0lwaleung@gmail.comt\0eyoung.vzw@gmail.comt\0 laiwah.leung@verizonwireless.comt\0 eugene.young@verizonwireless.comt\0vdc.netpace@gmail.comx','SENT','2013-11-05 14:39:01','','2013-11-05 14:39:01','','0'),(5153,'Company Detail Report is now available','vdc.netpace@gmail.com,laiwah.leung@verizonwireless.com,eugene.young@verizonwireless.com,aadil@netpace.com,eyoung.vzw@gmail.com,lwaleung@gmail.com','\0sr\0*com.netpace.notification.vo.EmailMessageVO/\\}\Z\0Z\0htmlContentL\0contentt\0Ljava/lang/String;L\0fromAddressq\0~\0L\0subjectq\0~\0L\0toAddressest\0Ljava/util/List;xr\0com.netpace.commons.vo.RecordS&8h\0L\0idt\0Ljava/lang/Integer;L\0\rversionNumberq\0~\0xpppt<p>\r\n	The Company Detail Report&nbsp;&nbsp;is now available. Please click on the following link and log in to the portal to access the report.</p>\r\n<p>\r\n	http://smart.netpace.com/device/signin.do?goto=%2Fsecure%2Fdownload.do%3Ftype%3Dreport%26id%3D6225</p>\r\nt\0smart.noreply@netpace.comt\0&Company Detail Report is now availablesr\0java.util.ArrayListxa\0I\0sizexp\0\0\0w\0\0\0\nt\0vdc.netpace@gmail.comt\0 laiwah.leung@verizonwireless.comt\0 eugene.young@verizonwireless.comt\0aadil@netpace.comt\0eyoung.vzw@gmail.comt\0lwaleung@gmail.comx','SENT','2013-11-05 14:39:01','','2013-11-05 14:39:01','','0'),(5155,'Developers Weekly Report is now available','lwaleung@gmail.com,eyoung.vzw@gmail.com,eugene.young@verizonwireless.com,margo.hammar@verizon.com,vdc.netpace@gmail.com,aadil@netpace.com,laiwah.leung@verizonwireless.com','\0sr\0*com.netpace.notification.vo.EmailMessageVO/\\}\Z\0Z\0htmlContentL\0contentt\0Ljava/lang/String;L\0fromAddressq\0~\0L\0subjectq\0~\0L\0toAddressest\0Ljava/util/List;xr\0com.netpace.commons.vo.RecordS&8h\0L\0idt\0Ljava/lang/Integer;L\0\rversionNumberq\0~\0xpppt\0<p>\r\n	The Developers Weekly Report is now available. Please click on the following link and log in to the portal to access the report.</p>\r\n<p>\r\n	http://smart.netpace.com/device/signin.do?goto=%2Fsecure%2Fdownload.do%3Ftype%3Dreport%26id%3D6227</p>\r\nt\0smart.noreply@netpace.comt\0)Developers Weekly Report is now availablesr\0java.util.ArrayListxa\0I\0sizexp\0\0\0w\0\0\0\nt\0lwaleung@gmail.comt\0eyoung.vzw@gmail.comt\0 eugene.young@verizonwireless.comt\0margo.hammar@verizon.comt\0vdc.netpace@gmail.comt\0aadil@netpace.comt\0 laiwah.leung@verizonwireless.comx','SENT','2013-11-05 14:39:01','','2013-11-05 14:39:01','','0'),(5157,'Products Detail Report is now available','laiwah.leung@verizonwireless.com,eyoung.vzw@gmail.com,eugene.young@verizonwireless.com,hmehmood@netpace.com,lwaleung@gmail.com,aadil@netpace.com,hassanjdev@gmail.com,vdc.netpace@gmail.com','\0sr\0*com.netpace.notification.vo.EmailMessageVO/\\}\Z\0Z\0htmlContentL\0contentt\0Ljava/lang/String;L\0fromAddressq\0~\0L\0subjectq\0~\0L\0toAddressest\0Ljava/util/List;xr\0com.netpace.commons.vo.RecordS&8h\0L\0idt\0Ljava/lang/Integer;L\0\rversionNumberq\0~\0xpppt\0<p>\r\n	The Products Detail Report is now available. Please click on the following link and log in to the portal to access the report.</p>\r\n<p>\r\n	&nbsp;</p>\r\nt\0smart.noreply@netpace.comt\0\'Products Detail Report is now availablesr\0java.util.ArrayListxa\0I\0sizexp\0\0\0w\0\0\0\nt\0 laiwah.leung@verizonwireless.comt\0eyoung.vzw@gmail.comt\0 eugene.young@verizonwireless.comt\0hmehmood@netpace.comt\0lwaleung@gmail.comt\0aadil@netpace.comt\0hassanjdev@gmail.comt\0vdc.netpace@gmail.comx','SENT','2013-11-05 15:04:23','','2013-11-05 15:04:23','','0'),(5159,'Product Testing Detail Report is now available','eyoung.vzw@gmail.com,laiwah.leung@verizonwireless.com,lwaleung@gmail.com,vdc.netpace@gmail.com,eugene.young@verizonwireless.com','\0sr\0*com.netpace.notification.vo.EmailMessageVO/\\}\Z\0Z\0htmlContentL\0contentt\0Ljava/lang/String;L\0fromAddressq\0~\0L\0subjectq\0~\0L\0toAddressest\0Ljava/util/List;xr\0com.netpace.commons.vo.RecordS&8h\0L\0idt\0Ljava/lang/Integer;L\0\rversionNumberq\0~\0xpppt<p>\r\n	The Product Testing Detail Report&nbsp;is now available. Please click on the following link and log in to the portal to access the report.</p>\r\n<p>\r\n	http://smart.netpace.com/device/signin.do?goto=%2Fsecure%2Fdownload.do%3Ftype%3Dreport%26id%3D6231</p>\r\nt\0smart.noreply@netpace.comt\0.Product Testing Detail Report is now availablesr\0java.util.ArrayListxa\0I\0sizexp\0\0\0w\0\0\0\nt\0eyoung.vzw@gmail.comt\0 laiwah.leung@verizonwireless.comt\0lwaleung@gmail.comt\0vdc.netpace@gmail.comt\0 eugene.young@verizonwireless.comx','SENT','2013-11-05 15:04:23','','2013-11-05 15:04:23','','0'),(5161,'Company Detail Report is now available','aadil@netpace.com,eugene.young@verizonwireless.com,vdc.netpace@gmail.com,laiwah.leung@verizonwireless.com,eyoung.vzw@gmail.com,lwaleung@gmail.com','\0sr\0*com.netpace.notification.vo.EmailMessageVO/\\}\Z\0Z\0htmlContentL\0contentt\0Ljava/lang/String;L\0fromAddressq\0~\0L\0subjectq\0~\0L\0toAddressest\0Ljava/util/List;xr\0com.netpace.commons.vo.RecordS&8h\0L\0idt\0Ljava/lang/Integer;L\0\rversionNumberq\0~\0xpppt<p>\r\n	The Company Detail Report&nbsp;&nbsp;is now available. Please click on the following link and log in to the portal to access the report.</p>\r\n<p>\r\n	http://smart.netpace.com/device/signin.do?goto=%2Fsecure%2Fdownload.do%3Ftype%3Dreport%26id%3D6233</p>\r\nt\0smart.noreply@netpace.comt\0&Company Detail Report is now availablesr\0java.util.ArrayListxa\0I\0sizexp\0\0\0w\0\0\0\nt\0aadil@netpace.comt\0 eugene.young@verizonwireless.comt\0vdc.netpace@gmail.comt\0 laiwah.leung@verizonwireless.comt\0eyoung.vzw@gmail.comt\0lwaleung@gmail.comx','SENT','2013-11-05 15:04:23','','2013-11-05 15:04:23','','0'),(5163,'Developers Weekly Report is now available','margo.hammar@verizon.com,vdc.netpace@gmail.com,eugene.young@verizonwireless.com,laiwah.leung@verizonwireless.com,aadil@netpace.com,eyoung.vzw@gmail.com,lwaleung@gmail.com','\0sr\0*com.netpace.notification.vo.EmailMessageVO/\\}\Z\0Z\0htmlContentL\0contentt\0Ljava/lang/String;L\0fromAddressq\0~\0L\0subjectq\0~\0L\0toAddressest\0Ljava/util/List;xr\0com.netpace.commons.vo.RecordS&8h\0L\0idt\0Ljava/lang/Integer;L\0\rversionNumberq\0~\0xpppt\0<p>\r\n	The Developers Weekly Report is now available. Please click on the following link and log in to the portal to access the report.</p>\r\n<p>\r\n	http://smart.netpace.com/device/signin.do?goto=%2Fsecure%2Fdownload.do%3Ftype%3Dreport%26id%3D6235</p>\r\nt\0smart.noreply@netpace.comt\0)Developers Weekly Report is now availablesr\0java.util.ArrayListxa\0I\0sizexp\0\0\0w\0\0\0\nt\0margo.hammar@verizon.comt\0vdc.netpace@gmail.comt\0 eugene.young@verizonwireless.comt\0 laiwah.leung@verizonwireless.comt\0aadil@netpace.comt\0eyoung.vzw@gmail.comt\0lwaleung@gmail.comx','SENT','2013-11-05 15:04:23','','2013-11-05 15:04:23','','0'),(5165,'Products Detail Report is now available','aadil@netpace.com,laiwah.leung@verizonwireless.com,hassanjdev@gmail.com,vdc.netpace@gmail.com,lwaleung@gmail.com,eugene.young@verizonwireless.com,eyoung.vzw@gmail.com,hmehmood@netpace.com','\0sr\0*com.netpace.notification.vo.EmailMessageVO/\\}\Z\0Z\0htmlContentL\0contentt\0Ljava/lang/String;L\0fromAddressq\0~\0L\0subjectq\0~\0L\0toAddressest\0Ljava/util/List;xr\0com.netpace.commons.vo.RecordS&8h\0L\0idt\0Ljava/lang/Integer;L\0\rversionNumberq\0~\0xpppt\0<p>\r\n	The Products Detail Report is now available. Please click on the following link and log in to the portal to access the report.</p>\r\n<p>\r\n	&nbsp;</p>\r\nt\0smart.noreply@netpace.comt\0\'Products Detail Report is now availablesr\0java.util.ArrayListxa\0I\0sizexp\0\0\0w\0\0\0\nt\0aadil@netpace.comt\0 laiwah.leung@verizonwireless.comt\0hassanjdev@gmail.comt\0vdc.netpace@gmail.comt\0lwaleung@gmail.comt\0 eugene.young@verizonwireless.comt\0eyoung.vzw@gmail.comt\0hmehmood@netpace.comx','SENT','2013-11-05 15:07:02','','2013-11-05 15:07:02','','0'),(5167,'Product Testing Detail Report is now available','lwaleung@gmail.com,eyoung.vzw@gmail.com,laiwah.leung@verizonwireless.com,vdc.netpace@gmail.com,eugene.young@verizonwireless.com','\0sr\0*com.netpace.notification.vo.EmailMessageVO/\\}\Z\0Z\0htmlContentL\0contentt\0Ljava/lang/String;L\0fromAddressq\0~\0L\0subjectq\0~\0L\0toAddressest\0Ljava/util/List;xr\0com.netpace.commons.vo.RecordS&8h\0L\0idt\0Ljava/lang/Integer;L\0\rversionNumberq\0~\0xpppt<p>\r\n	The Product Testing Detail Report&nbsp;is now available. Please click on the following link and log in to the portal to access the report.</p>\r\n<p>\r\n	http://smart.netpace.com/device/signin.do?goto=%2Fsecure%2Fdownload.do%3Ftype%3Dreport%26id%3D6239</p>\r\nt\0smart.noreply@netpace.comt\0.Product Testing Detail Report is now availablesr\0java.util.ArrayListxa\0I\0sizexp\0\0\0w\0\0\0\nt\0lwaleung@gmail.comt\0eyoung.vzw@gmail.comt\0 laiwah.leung@verizonwireless.comt\0vdc.netpace@gmail.comt\0 eugene.young@verizonwireless.comx','SENT','2013-11-05 15:07:02','','2013-11-05 15:07:03','','0'),(5169,'Company Detail Report is now available','laiwah.leung@verizonwireless.com,lwaleung@gmail.com,eugene.young@verizonwireless.com,eyoung.vzw@gmail.com,aadil@netpace.com,vdc.netpace@gmail.com','\0sr\0*com.netpace.notification.vo.EmailMessageVO/\\}\Z\0Z\0htmlContentL\0contentt\0Ljava/lang/String;L\0fromAddressq\0~\0L\0subjectq\0~\0L\0toAddressest\0Ljava/util/List;xr\0com.netpace.commons.vo.RecordS&8h\0L\0idt\0Ljava/lang/Integer;L\0\rversionNumberq\0~\0xpppt<p>\r\n	The Company Detail Report&nbsp;&nbsp;is now available. Please click on the following link and log in to the portal to access the report.</p>\r\n<p>\r\n	http://smart.netpace.com/device/signin.do?goto=%2Fsecure%2Fdownload.do%3Ftype%3Dreport%26id%3D6241</p>\r\nt\0smart.noreply@netpace.comt\0&Company Detail Report is now availablesr\0java.util.ArrayListxa\0I\0sizexp\0\0\0w\0\0\0\nt\0 laiwah.leung@verizonwireless.comt\0lwaleung@gmail.comt\0 eugene.young@verizonwireless.comt\0eyoung.vzw@gmail.comt\0aadil@netpace.comt\0vdc.netpace@gmail.comx','SENT','2013-11-05 15:07:02','','2013-11-05 15:07:02','','0'),(5171,'Developers Weekly Report is now available','aadil@netpace.com,vdc.netpace@gmail.com,laiwah.leung@verizonwireless.com,eyoung.vzw@gmail.com,lwaleung@gmail.com,eugene.young@verizonwireless.com,margo.hammar@verizon.com','\0sr\0*com.netpace.notification.vo.EmailMessageVO/\\}\Z\0Z\0htmlContentL\0contentt\0Ljava/lang/String;L\0fromAddressq\0~\0L\0subjectq\0~\0L\0toAddressest\0Ljava/util/List;xr\0com.netpace.commons.vo.RecordS&8h\0L\0idt\0Ljava/lang/Integer;L\0\rversionNumberq\0~\0xpppt\0<p>\r\n	The Developers Weekly Report is now available. Please click on the following link and log in to the portal to access the report.</p>\r\n<p>\r\n	http://smart.netpace.com/device/signin.do?goto=%2Fsecure%2Fdownload.do%3Ftype%3Dreport%26id%3D6243</p>\r\nt\0smart.noreply@netpace.comt\0)Developers Weekly Report is now availablesr\0java.util.ArrayListxa\0I\0sizexp\0\0\0w\0\0\0\nt\0aadil@netpace.comt\0vdc.netpace@gmail.comt\0 laiwah.leung@verizonwireless.comt\0eyoung.vzw@gmail.comt\0lwaleung@gmail.comt\0 eugene.young@verizonwireless.comt\0margo.hammar@verizon.comx','SENT','2013-11-05 15:07:02','','2013-11-05 15:07:03','','0'),(5173,'Products Detail Report is now available','eyoung.vzw@gmail.com,laiwah.leung@verizonwireless.com,aadil@netpace.com,lwaleung@gmail.com,hmehmood@netpace.com,hassanjdev@gmail.com,eugene.young@verizonwireless.com,vdc.netpace@gmail.com','\0sr\0*com.netpace.notification.vo.EmailMessageVO/\\}\Z\0Z\0htmlContentL\0contentt\0Ljava/lang/String;L\0fromAddressq\0~\0L\0subjectq\0~\0L\0toAddressest\0Ljava/util/List;xr\0com.netpace.commons.vo.RecordS&8h\0L\0idt\0Ljava/lang/Integer;L\0\rversionNumberq\0~\0xpppt\0<p>\r\n	The Products Detail Report is now available. Please click on the following link and log in to the portal to access the report.</p>\r\nt\0smart.noreply@netpace.comt\0\'Products Detail Report is now availablesr\0java.util.ArrayListxa\0I\0sizexp\0\0\0w\0\0\0\nt\0eyoung.vzw@gmail.comt\0 laiwah.leung@verizonwireless.comt\0aadil@netpace.comt\0lwaleung@gmail.comt\0hmehmood@netpace.comt\0hassanjdev@gmail.comt\0 eugene.young@verizonwireless.comt\0vdc.netpace@gmail.comx','SENT','2013-11-05 15:10:01','','2013-11-05 15:10:02','','0'),(5175,'Product Testing Detail Report is now available','eyoung.vzw@gmail.com,vdc.netpace@gmail.com,eugene.young@verizonwireless.com,lwaleung@gmail.com,laiwah.leung@verizonwireless.com','\0sr\0*com.netpace.notification.vo.EmailMessageVO/\\}\Z\0Z\0htmlContentL\0contentt\0Ljava/lang/String;L\0fromAddressq\0~\0L\0subjectq\0~\0L\0toAddressest\0Ljava/util/List;xr\0com.netpace.commons.vo.RecordS&8h\0L\0idt\0Ljava/lang/Integer;L\0\rversionNumberq\0~\0xpppt<p>\r\n	The Product Testing Detail Report&nbsp;is now available. Please click on the following link and log in to the portal to access the report.</p>\r\n<p>\r\n	http://smart.netpace.com/device/signin.do?goto=%2Fsecure%2Fdownload.do%3Ftype%3Dreport%26id%3D6247</p>\r\nt\0smart.noreply@netpace.comt\0.Product Testing Detail Report is now availablesr\0java.util.ArrayListxa\0I\0sizexp\0\0\0w\0\0\0\nt\0eyoung.vzw@gmail.comt\0vdc.netpace@gmail.comt\0 eugene.young@verizonwireless.comt\0lwaleung@gmail.comt\0 laiwah.leung@verizonwireless.comx','SENT','2013-11-05 15:10:01','','2013-11-05 15:10:13','','0'),(5177,'Company Detail Report is now available','lwaleung@gmail.com,laiwah.leung@verizonwireless.com,eugene.young@verizonwireless.com,vdc.netpace@gmail.com,eyoung.vzw@gmail.com,aadil@netpace.com','\0sr\0*com.netpace.notification.vo.EmailMessageVO/\\}\Z\0Z\0htmlContentL\0contentt\0Ljava/lang/String;L\0fromAddressq\0~\0L\0subjectq\0~\0L\0toAddressest\0Ljava/util/List;xr\0com.netpace.commons.vo.RecordS&8h\0L\0idt\0Ljava/lang/Integer;L\0\rversionNumberq\0~\0xpppt<p>\r\n	The Company Detail Report&nbsp;&nbsp;is now available. Please click on the following link and log in to the portal to access the report.</p>\r\n<p>\r\n	http://smart.netpace.com/device/signin.do?goto=%2Fsecure%2Fdownload.do%3Ftype%3Dreport%26id%3D6249</p>\r\nt\0smart.noreply@netpace.comt\0&Company Detail Report is now availablesr\0java.util.ArrayListxa\0I\0sizexp\0\0\0w\0\0\0\nt\0lwaleung@gmail.comt\0 laiwah.leung@verizonwireless.comt\0 eugene.young@verizonwireless.comt\0vdc.netpace@gmail.comt\0eyoung.vzw@gmail.comt\0aadil@netpace.comx','SENT','2013-11-05 15:10:01','','2013-11-05 15:10:02','','0'),(5179,'Developers Weekly Report is now available','vdc.netpace@gmail.com,eyoung.vzw@gmail.com,aadil@netpace.com,margo.hammar@verizon.com,laiwah.leung@verizonwireless.com,lwaleung@gmail.com,eugene.young@verizonwireless.com','\0sr\0*com.netpace.notification.vo.EmailMessageVO/\\}\Z\0Z\0htmlContentL\0contentt\0Ljava/lang/String;L\0fromAddressq\0~\0L\0subjectq\0~\0L\0toAddressest\0Ljava/util/List;xr\0com.netpace.commons.vo.RecordS&8h\0L\0idt\0Ljava/lang/Integer;L\0\rversionNumberq\0~\0xpppt\0<p>\r\n	The Developers Weekly Report is now available. Please click on the following link and log in to the portal to access the report.</p>\r\n<p>\r\n	http://smart.netpace.com/device/signin.do?goto=%2Fsecure%2Fdownload.do%3Ftype%3Dreport%26id%3D6251</p>\r\nt\0smart.noreply@netpace.comt\0)Developers Weekly Report is now availablesr\0java.util.ArrayListxa\0I\0sizexp\0\0\0w\0\0\0\nt\0vdc.netpace@gmail.comt\0eyoung.vzw@gmail.comt\0aadil@netpace.comt\0margo.hammar@verizon.comt\0 laiwah.leung@verizonwireless.comt\0lwaleung@gmail.comt\0 eugene.young@verizonwireless.comx','SENT','2013-11-05 15:10:01','','2013-11-05 15:10:09','','0'),(5181,'Products Detail Report is now available','hmehmood@netpace.com,lwaleung@gmail.com,eyoung.vzw@gmail.com,aadil@netpace.com,hassanjdev@gmail.com,vdc.netpace@gmail.com,laiwah.leung@verizonwireless.com,eugene.young@verizonwireless.com','\0sr\0*com.netpace.notification.vo.EmailMessageVO/\\}\Z\0Z\0htmlContentL\0contentt\0Ljava/lang/String;L\0fromAddressq\0~\0L\0subjectq\0~\0L\0toAddressest\0Ljava/util/List;xr\0com.netpace.commons.vo.RecordS&8h\0L\0idt\0Ljava/lang/Integer;L\0\rversionNumberq\0~\0xpppt\0<p>\r\n	The Products Detail Report is now available. Please click on the following link and log in to the portal to access the report.</p>\r\n<p>\r\n	http://smart.netpace.com/device/signin.do?goto=%2Fsecure%2Fdownload.do%3Ftype%3Dreport%26id%3D6253</p>\r\nt\0smartnot\0\'Products Detail Report is now availablesr\0java.util.ArrayListxa\0I\0sizexp\0\0\0w\0\0\0\nt\0hmehmood@netpace.comt\0lwaleung@gmail.comt\0eyoung.vzw@gmail.comt\0aadil@netpace.comt\0hassanjdev@gmail.comt\0vdc.netpace@gmail.comt\0 laiwah.leung@verizonwireless.comt\0 eugene.young@verizonwireless.comx','SENT','2013-11-05 15:17:17','','2013-11-05 15:17:22','','0'),(5183,'Product Testing Detail Report is now available','vdc.netpace@gmail.com,eyoung.vzw@gmail.com,laiwah.leung@verizonwireless.com,lwaleung@gmail.com,eugene.young@verizonwireless.com','\0sr\0*com.netpace.notification.vo.EmailMessageVO/\\}\Z\0Z\0htmlContentL\0contentt\0Ljava/lang/String;L\0fromAddressq\0~\0L\0subjectq\0~\0L\0toAddressest\0Ljava/util/List;xr\0com.netpace.commons.vo.RecordS&8h\0L\0idt\0Ljava/lang/Integer;L\0\rversionNumberq\0~\0xpppt<p>\r\n	The Product Testing Detail Report&nbsp;is now available. Please click on the following link and log in to the portal to access the report.</p>\r\n<p>\r\n	http://smart.netpace.com/device/signin.do?goto=%2Fsecure%2Fdownload.do%3Ftype%3Dreport%26id%3D6255</p>\r\nt\0smartnot\0.Product Testing Detail Report is now availablesr\0java.util.ArrayListxa\0I\0sizexp\0\0\0w\0\0\0\nt\0vdc.netpace@gmail.comt\0eyoung.vzw@gmail.comt\0 laiwah.leung@verizonwireless.comt\0lwaleung@gmail.comt\0 eugene.young@verizonwireless.comx','SENT','2013-11-05 15:17:17','','2013-11-05 15:17:22','','0'),(5185,'Company Detail Report is now available','aadil@netpace.com,lwaleung@gmail.com,eyoung.vzw@gmail.com,vdc.netpace@gmail.com,laiwah.leung@verizonwireless.com,eugene.young@verizonwireless.com','\0sr\0*com.netpace.notification.vo.EmailMessageVO/\\}\Z\0Z\0htmlContentL\0contentt\0Ljava/lang/String;L\0fromAddressq\0~\0L\0subjectq\0~\0L\0toAddressest\0Ljava/util/List;xr\0com.netpace.commons.vo.RecordS&8h\0L\0idt\0Ljava/lang/Integer;L\0\rversionNumberq\0~\0xpppt<p>\r\n	The Company Detail Report&nbsp;&nbsp;is now available. Please click on the following link and log in to the portal to access the report.</p>\r\n<p>\r\n	http://smart.netpace.com/device/signin.do?goto=%2Fsecure%2Fdownload.do%3Ftype%3Dreport%26id%3D6257</p>\r\nt\0smartnot\0&Company Detail Report is now availablesr\0java.util.ArrayListxa\0I\0sizexp\0\0\0w\0\0\0\nt\0aadil@netpace.comt\0lwaleung@gmail.comt\0eyoung.vzw@gmail.comt\0vdc.netpace@gmail.comt\0 laiwah.leung@verizonwireless.comt\0 eugene.young@verizonwireless.comx','SENT','2013-11-05 15:17:17','','2013-11-05 15:17:21','','0'),(5187,'Developers Weekly Report is now available','margo.hammar@verizon.com,eyoung.vzw@gmail.com,laiwah.leung@verizonwireless.com,eugene.young@verizonwireless.com,lwaleung@gmail.com,aadil@netpace.com,vdc.netpace@gmail.com','\0sr\0*com.netpace.notification.vo.EmailMessageVO/\\}\Z\0Z\0htmlContentL\0contentt\0Ljava/lang/String;L\0fromAddressq\0~\0L\0subjectq\0~\0L\0toAddressest\0Ljava/util/List;xr\0com.netpace.commons.vo.RecordS&8h\0L\0idt\0Ljava/lang/Integer;L\0\rversionNumberq\0~\0xpppt\0<p>\r\n	The Developers Weekly Report is now available. Please click on the following link and log in to the portal to access the report.</p>\r\n<p>\r\n	http://smart.netpace.com/device/signin.do?goto=%2Fsecure%2Fdownload.do%3Ftype%3Dreport%26id%3D6259</p>\r\nt\0smartnot\0)Developers Weekly Report is now availablesr\0java.util.ArrayListxa\0I\0sizexp\0\0\0w\0\0\0\nt\0margo.hammar@verizon.comt\0eyoung.vzw@gmail.comt\0 laiwah.leung@verizonwireless.comt\0 eugene.young@verizonwireless.comt\0lwaleung@gmail.comt\0aadil@netpace.comt\0vdc.netpace@gmail.comx','SENT','2013-11-05 15:17:18','','2013-11-05 15:17:22','','0'),(5189,'Product Testing Detail Report is now available','lwaleung@gmail.com,eugene.young@verizonwireless.com,laiwah.leung@verizonwireless.com,eyoung.vzw@gmail.com,vdc.netpace@gmail.com','\0sr\0*com.netpace.notification.vo.EmailMessageVO/\\}\Z\0Z\0htmlContentL\0contentt\0Ljava/lang/String;L\0fromAddressq\0~\0L\0subjectq\0~\0L\0toAddressest\0Ljava/util/List;xr\0com.netpace.commons.vo.RecordS&8h\0L\0idt\0Ljava/lang/Integer;L\0\rversionNumberq\0~\0xpppt<p>\r\n	The Product Testing Detail Report&nbsp;is now available. Please click on the following link and log in to the portal to access the report.</p>\r\n<p>\r\n	http://smart.netpace.com/device/signin.do?goto=%2Fsecure%2Fdownload.do%3Ftype%3Dreport%26id%3D6263</p>\r\nt\0smartnoreply@netpace.comt\0.Product Testing Detail Report is now availablesr\0java.util.ArrayListxa\0I\0sizexp\0\0\0w\0\0\0\nt\0lwaleung@gmail.comt\0 eugene.young@verizonwireless.comt\0 laiwah.leung@verizonwireless.comt\0eyoung.vzw@gmail.comt\0vdc.netpace@gmail.comx','SENT','2013-11-05 15:22:43','','2013-11-05 15:22:45','','0'),(5191,'Products Detail Report is now available','vdc.netpace@gmail.com,lwaleung@gmail.com,aadil@netpace.com,hmehmood@netpace.com,eugene.young@verizonwireless.com,laiwah.leung@verizonwireless.com,eyoung.vzw@gmail.com,hassanjdev@gmail.com','\0sr\0*com.netpace.notification.vo.EmailMessageVO/\\}\Z\0Z\0htmlContentL\0contentt\0Ljava/lang/String;L\0fromAddressq\0~\0L\0subjectq\0~\0L\0toAddressest\0Ljava/util/List;xr\0com.netpace.commons.vo.RecordS&8h\0L\0idt\0Ljava/lang/Integer;L\0\rversionNumberq\0~\0xpppt\0<p>\r\n	The Products Detail Report is now available. Please click on the following link and log in to the portal to access the report.</p>\r\n<p>\r\n	http://smart.netpace.com/device/signin.do?goto=%2Fsecure%2Fdownload.do%3Ftype%3Dreport%26id%3D6261</p>\r\nt\0smartnoreply@netpace.comt\0\'Products Detail Report is now availablesr\0java.util.ArrayListxa\0I\0sizexp\0\0\0w\0\0\0\nt\0vdc.netpace@gmail.comt\0lwaleung@gmail.comt\0aadil@netpace.comt\0hmehmood@netpace.comt\0 eugene.young@verizonwireless.comt\0 laiwah.leung@verizonwireless.comt\0eyoung.vzw@gmail.comt\0hassanjdev@gmail.comx','SENT','2013-11-05 15:22:43','','2013-11-05 15:22:45','','0'),(5193,'Company Detail Report is now available','laiwah.leung@verizonwireless.com,eyoung.vzw@gmail.com,aadil@netpace.com,vdc.netpace@gmail.com,lwaleung@gmail.com,eugene.young@verizonwireless.com','\0sr\0*com.netpace.notification.vo.EmailMessageVO/\\}\Z\0Z\0htmlContentL\0contentt\0Ljava/lang/String;L\0fromAddressq\0~\0L\0subjectq\0~\0L\0toAddressest\0Ljava/util/List;xr\0com.netpace.commons.vo.RecordS&8h\0L\0idt\0Ljava/lang/Integer;L\0\rversionNumberq\0~\0xpppt<p>\r\n	The Company Detail Report&nbsp;&nbsp;is now available. Please click on the following link and log in to the portal to access the report.</p>\r\n<p>\r\n	http://smart.netpace.com/device/signin.do?goto=%2Fsecure%2Fdownload.do%3Ftype%3Dreport%26id%3D6265</p>\r\nt\0smartnoreply@netpace.comt\0&Company Detail Report is now availablesr\0java.util.ArrayListxa\0I\0sizexp\0\0\0w\0\0\0\nt\0 laiwah.leung@verizonwireless.comt\0eyoung.vzw@gmail.comt\0aadil@netpace.comt\0vdc.netpace@gmail.comt\0lwaleung@gmail.comt\0 eugene.young@verizonwireless.comx','SENT','2013-11-05 15:22:43','','2013-11-05 15:22:45','','0'),(5195,'Developers Weekly Report is now available','lwaleung@gmail.com,aadil@netpace.com,eugene.young@verizonwireless.com,vdc.netpace@gmail.com,margo.hammar@verizon.com,eyoung.vzw@gmail.com,laiwah.leung@verizonwireless.com','\0sr\0*com.netpace.notification.vo.EmailMessageVO/\\}\Z\0Z\0htmlContentL\0contentt\0Ljava/lang/String;L\0fromAddressq\0~\0L\0subjectq\0~\0L\0toAddressest\0Ljava/util/List;xr\0com.netpace.commons.vo.RecordS&8h\0L\0idt\0Ljava/lang/Integer;L\0\rversionNumberq\0~\0xpppt\0<p>\r\n	The Developers Weekly Report is now available. Please click on the following link and log in to the portal to access the report.</p>\r\n<p>\r\n	http://smart.netpace.com/device/signin.do?goto=%2Fsecure%2Fdownload.do%3Ftype%3Dreport%26id%3D6267</p>\r\nt\0smartnoreply@netpace.comt\0)Developers Weekly Report is now availablesr\0java.util.ArrayListxa\0I\0sizexp\0\0\0w\0\0\0\nt\0lwaleung@gmail.comt\0aadil@netpace.comt\0 eugene.young@verizonwireless.comt\0vdc.netpace@gmail.comt\0margo.hammar@verizon.comt\0eyoung.vzw@gmail.comt\0 laiwah.leung@verizonwireless.comx','SENT','2013-11-05 15:22:43','','2013-11-05 15:22:45','','0'),(5197,'Products Detail Report is now available','lwaleung@gmail.com,eugene.young@verizonwireless.com,eyoung.vzw@gmail.com,hmehmood@netpace.com,vdc.netpace@gmail.com,aadil@netpace.com,hassanjdev@gmail.com,laiwah.leung@verizonwireless.com','\0sr\0*com.netpace.notification.vo.EmailMessageVO/\\}\Z\0Z\0htmlContentL\0contentt\0Ljava/lang/String;L\0fromAddressq\0~\0L\0subjectq\0~\0L\0toAddressest\0Ljava/util/List;xr\0com.netpace.commons.vo.RecordS&8h\0L\0idt\0Ljava/lang/Integer;L\0\rversionNumberq\0~\0xpppt\0<p>\r\n	The Products Detail Report is now available. Please click on the following link and log in to the portal to access the report.</p>\r\n<p>\r\n	http://smart.netpace.com/device/signin.do?goto=%2Fsecure%2Fdownload.do%3Ftype%3Dreport%26id%3D6269</p>\r\nt\0smartnoreply@netpace.comt\0\'Products Detail Report is now availablesr\0java.util.ArrayListxa\0I\0sizexp\0\0\0w\0\0\0\nt\0lwaleung@gmail.comt\0 eugene.young@verizonwireless.comt\0eyoung.vzw@gmail.comt\0hmehmood@netpace.comt\0vdc.netpace@gmail.comt\0aadil@netpace.comt\0hassanjdev@gmail.comt\0 laiwah.leung@verizonwireless.comx','SENT','2013-11-07 10:43:13','','2013-11-07 10:43:26','','0'),(5199,'Products Detail Report is now available','lwaleung@gmail.com,hassanjdev@gmail.com,hmehmood@netpace.com,vdc.netpace@gmail.com,eugene.young@verizonwireless.com,aadil@netpace.com,laiwah.leung@verizonwireless.com,eyoung.vzw@gmail.com','\0sr\0*com.netpace.notification.vo.EmailMessageVO/\\}\Z\0Z\0htmlContentL\0contentt\0Ljava/lang/String;L\0fromAddressq\0~\0L\0subjectq\0~\0L\0toAddressest\0Ljava/util/List;xr\0com.netpace.commons.vo.RecordS&8h\0L\0idt\0Ljava/lang/Integer;L\0\rversionNumberq\0~\0xpppt\0<p>\r\n	The Products Detail Report is now available. Please click on the following link and log in to the portal to access the report.</p>\r\n<p>\r\n	http://smart.netpace.com/device/signin.do?goto=%2Fsecure%2Fdownload.do%3Ftype%3Dreport%26id%3D6271</p>\r\nt\0smartnoreply@netpace.comt\0\'Products Detail Report is now availablesr\0java.util.ArrayListxa\0I\0sizexp\0\0\0w\0\0\0\nt\0lwaleung@gmail.comt\0hassanjdev@gmail.comt\0hmehmood@netpace.comt\0vdc.netpace@gmail.comt\0 eugene.young@verizonwireless.comt\0aadil@netpace.comt\0 laiwah.leung@verizonwireless.comt\0eyoung.vzw@gmail.comx','SENT','2013-11-08 00:00:01','','2013-11-08 00:00:06','','0'),(5201,'Product Testing Detail Report is now available','vdc.netpace@gmail.com,eugene.young@verizonwireless.com,lwaleung@gmail.com,laiwah.leung@verizonwireless.com,eyoung.vzw@gmail.com','\0sr\0*com.netpace.notification.vo.EmailMessageVO/\\}\Z\0Z\0htmlContentL\0contentt\0Ljava/lang/String;L\0fromAddressq\0~\0L\0subjectq\0~\0L\0toAddressest\0Ljava/util/List;xr\0com.netpace.commons.vo.RecordS&8h\0L\0idt\0Ljava/lang/Integer;L\0\rversionNumberq\0~\0xpppt<p>\r\n	The Product Testing Detail Report&nbsp;is now available. Please click on the following link and log in to the portal to access the report.</p>\r\n<p>\r\n	http://smart.netpace.com/device/signin.do?goto=%2Fsecure%2Fdownload.do%3Ftype%3Dreport%26id%3D6273</p>\r\nt\0smartnoreply@netpace.comt\0.Product Testing Detail Report is now availablesr\0java.util.ArrayListxa\0I\0sizexp\0\0\0w\0\0\0\nt\0vdc.netpace@gmail.comt\0 eugene.young@verizonwireless.comt\0lwaleung@gmail.comt\0 laiwah.leung@verizonwireless.comt\0eyoung.vzw@gmail.comx','SENT','2013-11-08 00:00:01','','2013-11-08 00:00:07','','0'),(5203,'Company Detail Report is now available','eugene.young@verizonwireless.com,eyoung.vzw@gmail.com,laiwah.leung@verizonwireless.com,aadil@netpace.com,vdc.netpace@gmail.com,lwaleung@gmail.com','\0sr\0*com.netpace.notification.vo.EmailMessageVO/\\}\Z\0Z\0htmlContentL\0contentt\0Ljava/lang/String;L\0fromAddressq\0~\0L\0subjectq\0~\0L\0toAddressest\0Ljava/util/List;xr\0com.netpace.commons.vo.RecordS&8h\0L\0idt\0Ljava/lang/Integer;L\0\rversionNumberq\0~\0xpppt<p>\r\n	The Company Detail Report&nbsp;&nbsp;is now available. Please click on the following link and log in to the portal to access the report.</p>\r\n<p>\r\n	http://smart.netpace.com/device/signin.do?goto=%2Fsecure%2Fdownload.do%3Ftype%3Dreport%26id%3D6275</p>\r\nt\0smartnoreply@netpace.comt\0&Company Detail Report is now availablesr\0java.util.ArrayListxa\0I\0sizexp\0\0\0w\0\0\0\nt\0 eugene.young@verizonwireless.comt\0eyoung.vzw@gmail.comt\0 laiwah.leung@verizonwireless.comt\0aadil@netpace.comt\0vdc.netpace@gmail.comt\0lwaleung@gmail.comx','SENT','2013-11-08 00:00:01','','2013-11-08 00:00:06','','0'),(5205,'Developers Weekly Report is now available','lwaleung@gmail.com,eyoung.vzw@gmail.com,eugene.young@verizonwireless.com,margo.hammar@verizon.com,vdc.netpace@gmail.com,aadil@netpace.com,laiwah.leung@verizonwireless.com','\0sr\0*com.netpace.notification.vo.EmailMessageVO/\\}\Z\0Z\0htmlContentL\0contentt\0Ljava/lang/String;L\0fromAddressq\0~\0L\0subjectq\0~\0L\0toAddressest\0Ljava/util/List;xr\0com.netpace.commons.vo.RecordS&8h\0L\0idt\0Ljava/lang/Integer;L\0\rversionNumberq\0~\0xpppt\0<p>\r\n	The Developers Weekly Report is now available. Please click on the following link and log in to the portal to access the report.</p>\r\n<p>\r\n	http://smart.netpace.com/device/signin.do?goto=%2Fsecure%2Fdownload.do%3Ftype%3Dreport%26id%3D6277</p>\r\nt\0smartnoreply@netpace.comt\0)Developers Weekly Report is now availablesr\0java.util.ArrayListxa\0I\0sizexp\0\0\0w\0\0\0\nt\0lwaleung@gmail.comt\0eyoung.vzw@gmail.comt\0 eugene.young@verizonwireless.comt\0margo.hammar@verizon.comt\0vdc.netpace@gmail.comt\0aadil@netpace.comt\0 laiwah.leung@verizonwireless.comx','SENT','2013-11-08 00:00:01','','2013-11-08 00:00:07','','0'),(5207,'Products Detail Report is now available','lwaleung@gmail.com,laiwah.leung@verizonwireless.com,hassanjdev@gmail.com,vdc.netpace@gmail.com,smart.support@verizonwireless.com,eyoung.vzw@gmail.com,eugene.young@verizonwireless.com,aadil@netpace.com,hmehmood@netpace.com','\0sr\0*com.netpace.notification.vo.EmailMessageVO/\\}\Z\0Z\0htmlContentL\0contentt\0Ljava/lang/String;L\0fromAddressq\0~\0L\0subjectq\0~\0L\0toAddressest\0Ljava/util/List;xr\0com.netpace.commons.vo.RecordS&8h\0L\0idt\0Ljava/lang/Integer;L\0\rversionNumberq\0~\0xpppt\0<p>\r\n	The Products Detail Report is now available. Please click on the following link and log in to the portal to access the report.</p>\r\n<p>\r\n	http://smart.netpace.com/device/signin.do?goto=%2Fsecure%2Fdownload.do%3Ftype%3Dreport%26id%3D6279</p>\r\nt\0smartnoreply@netpace.comt\0\'Products Detail Report is now availablesr\0java.util.ArrayListxa\0I\0sizexp\0\0\0	w\0\0\0\nt\0lwaleung@gmail.comt\0 laiwah.leung@verizonwireless.comt\0hassanjdev@gmail.comt\0vdc.netpace@gmail.comt\0!smart.support@verizonwireless.comt\0eyoung.vzw@gmail.comt\0 eugene.young@verizonwireless.comt\0aadil@netpace.comt\0hmehmood@netpace.comx','SENT','2013-11-08 11:15:22','','2013-11-08 11:15:23','','0'),(5209,'Product Testing Detail Report is now available','smart.support@verizonwireless.com,eyoung.vzw@gmail.com,aadil@netpace.com,laiwah.leung@verizonwireless.com,vdc.netpace@gmail.com,eugene.young@verizonwireless.com,lwaleung@gmail.com,hassanjdev@gmail.com,hmehmood@netpace.com','\0sr\0*com.netpace.notification.vo.EmailMessageVO/\\}\Z\0Z\0htmlContentL\0contentt\0Ljava/lang/String;L\0fromAddressq\0~\0L\0subjectq\0~\0L\0toAddressest\0Ljava/util/List;xr\0com.netpace.commons.vo.RecordS&8h\0L\0idt\0Ljava/lang/Integer;L\0\rversionNumberq\0~\0xpppt<p>\r\n	The Product Testing Detail Report&nbsp;is now available. Please click on the following link and log in to the portal to access the report.</p>\r\n<p>\r\n	http://smart.netpace.com/device/signin.do?goto=%2Fsecure%2Fdownload.do%3Ftype%3Dreport%26id%3D6281</p>\r\nt\0smartnoreply@netpace.comt\0.Product Testing Detail Report is now availablesr\0java.util.ArrayListxa\0I\0sizexp\0\0\0	w\0\0\0\nt\0!smart.support@verizonwireless.comt\0eyoung.vzw@gmail.comt\0aadil@netpace.comt\0 laiwah.leung@verizonwireless.comt\0vdc.netpace@gmail.comt\0 eugene.young@verizonwireless.comt\0lwaleung@gmail.comt\0hassanjdev@gmail.comt\0hmehmood@netpace.comx','SENT','2013-11-12 11:54:22','','2013-11-12 11:54:31','','0'),(5211,'Products Detail Report is now available','vdc.netpace@gmail.com,hassanjdev@gmail.com,laiwah.leung@verizonwireless.com,smart.support@verizonwireless.com,eugene.young@verizonwireless.com,lwaleung@gmail.com,hmehmood@netpace.com,eyoung.vzw@gmail.com,aadil@netpace.com','\0sr\0*com.netpace.notification.vo.EmailMessageVO/\\}\Z\0Z\0htmlContentL\0contentt\0Ljava/lang/String;L\0fromAddressq\0~\0L\0subjectq\0~\0L\0toAddressest\0Ljava/util/List;xr\0com.netpace.commons.vo.RecordS&8h\0L\0idt\0Ljava/lang/Integer;L\0\rversionNumberq\0~\0xpppt\0<p>\r\n	The Products Detail Report is now available. Please click on the following link and log in to the portal to access the report.</p>\r\n<p>\r\n	http://smart.netpace.com/device/signin.do?goto=%2Fsecure%2Fdownload.do%3Ftype%3Dreport%26id%3D6283</p>\r\nt\0smartnoreply@netpace.comt\0\'Products Detail Report is now availablesr\0java.util.ArrayListxa\0I\0sizexp\0\0\0	w\0\0\0\nt\0vdc.netpace@gmail.comt\0hassanjdev@gmail.comt\0 laiwah.leung@verizonwireless.comt\0!smart.support@verizonwireless.comt\0 eugene.young@verizonwireless.comt\0lwaleung@gmail.comt\0hmehmood@netpace.comt\0eyoung.vzw@gmail.comt\0aadil@netpace.comx','SENT','2013-11-15 00:00:01','','2013-11-15 00:00:07','','0'),(5213,'Product Testing Detail Report is now available','hmehmood@netpace.com,eyoung.vzw@gmail.com,vdc.netpace@gmail.com,lwaleung@gmail.com,smart.support@verizonwireless.com,hassanjdev@gmail.com,eugene.young@verizonwireless.com,laiwah.leung@verizonwireless.com,aadil@netpace.com','\0sr\0*com.netpace.notification.vo.EmailMessageVO/\\}\Z\0Z\0htmlContentL\0contentt\0Ljava/lang/String;L\0fromAddressq\0~\0L\0subjectq\0~\0L\0toAddressest\0Ljava/util/List;xr\0com.netpace.commons.vo.RecordS&8h\0L\0idt\0Ljava/lang/Integer;L\0\rversionNumberq\0~\0xpppt<p>\r\n	The Product Testing Detail Report&nbsp;is now available. Please click on the following link and log in to the portal to access the report.</p>\r\n<p>\r\n	http://smart.netpace.com/device/signin.do?goto=%2Fsecure%2Fdownload.do%3Ftype%3Dreport%26id%3D6285</p>\r\nt\0smartnoreply@netpace.comt\0.Product Testing Detail Report is now availablesr\0java.util.ArrayListxa\0I\0sizexp\0\0\0	w\0\0\0\nt\0hmehmood@netpace.comt\0eyoung.vzw@gmail.comt\0vdc.netpace@gmail.comt\0lwaleung@gmail.comt\0!smart.support@verizonwireless.comt\0hassanjdev@gmail.comt\0 eugene.young@verizonwireless.comt\0 laiwah.leung@verizonwireless.comt\0aadil@netpace.comx','SENT','2013-11-15 00:00:01','','2013-11-15 00:00:07','','0'),(5215,'Company Detail Report is now available','eugene.young@verizonwireless.com,hmehmood@netpace.com,laiwah.leung@verizonwireless.com,hassanjdev@gmail.com,vdc.netpace@gmail.com,aadil@netpace.com,smart.support@verizonwireless.com,lwaleung@gmail.com,eyoung.vzw@gmail.com','\0sr\0*com.netpace.notification.vo.EmailMessageVO/\\}\Z\0Z\0htmlContentL\0contentt\0Ljava/lang/String;L\0fromAddressq\0~\0L\0subjectq\0~\0L\0toAddressest\0Ljava/util/List;xr\0com.netpace.commons.vo.RecordS&8h\0L\0idt\0Ljava/lang/Integer;L\0\rversionNumberq\0~\0xpppt<p>\r\n	The Company Detail Report&nbsp;&nbsp;is now available. Please click on the following link and log in to the portal to access the report.</p>\r\n<p>\r\n	http://smart.netpace.com/device/signin.do?goto=%2Fsecure%2Fdownload.do%3Ftype%3Dreport%26id%3D6287</p>\r\nt\0smartnoreply@netpace.comt\0&Company Detail Report is now availablesr\0java.util.ArrayListxa\0I\0sizexp\0\0\0	w\0\0\0\nt\0 eugene.young@verizonwireless.comt\0hmehmood@netpace.comt\0 laiwah.leung@verizonwireless.comt\0hassanjdev@gmail.comt\0vdc.netpace@gmail.comt\0aadil@netpace.comt\0!smart.support@verizonwireless.comt\0lwaleung@gmail.comt\0eyoung.vzw@gmail.comx','SENT','2013-11-15 00:00:01','','2013-11-15 00:00:07','','0'),(5217,'Developers Weekly Report is now available','eugene.young@verizonwireless.com,smart.support@verizonwireless.com,eyoung.vzw@gmail.com,lwaleung@gmail.com,hmehmood@netpace.com,laiwah.leung@verizonwireless.com,aadil@netpace.com,margo.hammar@verizon.com,vdc.netpace@gmail.com,hassanjdev@gmail.com','\0sr\0*com.netpace.notification.vo.EmailMessageVO/\\}\Z\0Z\0htmlContentL\0contentt\0Ljava/lang/String;L\0fromAddressq\0~\0L\0subjectq\0~\0L\0toAddressest\0Ljava/util/List;xr\0com.netpace.commons.vo.RecordS&8h\0L\0idt\0Ljava/lang/Integer;L\0\rversionNumberq\0~\0xpppt\0<p>\r\n	The Developers Weekly Report is now available. Please click on the following link and log in to the portal to access the report.</p>\r\n<p>\r\n	http://smart.netpace.com/device/signin.do?goto=%2Fsecure%2Fdownload.do%3Ftype%3Dreport%26id%3D6289</p>\r\nt\0smartnoreply@netpace.comt\0)Developers Weekly Report is now availablesr\0java.util.ArrayListxa\0I\0sizexp\0\0\0\nw\0\0\0\nt\0 eugene.young@verizonwireless.comt\0!smart.support@verizonwireless.comt\0eyoung.vzw@gmail.comt\0lwaleung@gmail.comt\0hmehmood@netpace.comt\0 laiwah.leung@verizonwireless.comt\0aadil@netpace.comt\0margo.hammar@verizon.comt\0vdc.netpace@gmail.comt\0hassanjdev@gmail.comx','SENT','2013-11-15 00:00:01','','2013-11-15 00:00:07','','0'),(5219,'Verizon Smart Accessories Partner Portal Pending Work items','super.admin@netpace.com','\0sr\0*com.netpace.notification.vo.EmailMessageVO/\\}\Z\0Z\0htmlContentL\0contentt\0Ljava/lang/String;L\0fromAddressq\0~\0L\0subjectq\0~\0L\0toAddressest\0Ljava/util/List;xr\0com.netpace.commons.vo.RecordS&8h\0L\0idt\0Ljava/lang/Integer;L\0\rversionNumberq\0~\0xpppt<div>\r\n	Verizon Smart Accessories Partner Portal Pending Workitems</div>\r\n<div>\r\n	&nbsp;</div>\r\n<div>\r\n	<table cellpadding=\"5\" cellspacing=\"0\" style=\"border: 1px solid\"><tr> <th style=\"border: 1px solid\"><b>Work Item</b></th> <th style=\"border: 1px solid\"><b>Type</b></th> <th style=\"border: 1px solid\"><b>Company</b></th> <th style=\"border: 1px solid\"><b>Product</b></th> <th style=\"border: 1px solid\"><b>Work Item <br/> Start Date</b></th> <th style=\"border: 1px solid\"><b>Submit Date</b></th> </tr><tr> <td style=\"border: 1px solid\">Export Compliance</td> <td style=\"border: 1px solid\">Product Workflow</td> <td style=\"border: 1px solid\">OVI Inc.</td> <td style=\"border: 1px solid\">Wireless Charging unit for iPhone 5</td> <td style=\"border: 1px solid\">2013-10-11</td> <td style=\"border: 1px solid\">2013-10-11</td> </tr><tr> <td style=\"border: 1px solid\">Product Info Upload</td> <td style=\"border: 1px solid\">Product Workflow</td> <td style=\"border: 1px solid\">OVI Inc.</td> <td style=\"border: 1px solid\">Wireless Charging unit for iPhone 5</td> <td style=\"border: 1px solid\">2013-10-11</td> <td style=\"border: 1px solid\">2013-10-11</td> </tr><tr> <td style=\"border: 1px solid\">Certification Agreement & Non-Disclosure Agreement</td> <td style=\"border: 1px solid\">Partner Workflow</td> <td style=\"border: 1px solid\">Phone Halo</td> <td style=\"border: 1px solid\"></td> <td style=\"border: 1px solid\">2013-11-05</td> <td style=\"border: 1px solid\">2013-10-18</td> </tr><tr> <td style=\"border: 1px solid\">Certification Agreement & Non-Disclosure Agreement</td> <td style=\"border: 1px solid\">Partner Workflow</td> <td style=\"border: 1px solid\">Devant Technologies</td> <td style=\"border: 1px solid\"></td> <td style=\"border: 1px solid\">2013-11-05</td> <td style=\"border: 1px solid\">2013-10-21</td> </tr></table></div>\r\nt\0smartnoreply@netpace.comt\0;Verizon Smart Accessories Partner Portal Pending Work itemssr\0java.util.ArrayListxa\0I\0sizexp\0\0\0w\0\0\0\nt\0super.admin@netpace.comx','FAILED','2013-11-19 10:48:02','','2013-11-19 10:48:03','','0'),(5221,'Verizon Smart Accessories Partner Portal Pending Work items','wakram@netpace.com','\0sr\0*com.netpace.notification.vo.EmailMessageVO/\\}\Z\0Z\0htmlContentL\0contentt\0Ljava/lang/String;L\0fromAddressq\0~\0L\0subjectq\0~\0L\0toAddressest\0Ljava/util/List;xr\0com.netpace.commons.vo.RecordS&8h\0L\0idt\0Ljava/lang/Integer;L\0\rversionNumberq\0~\0xpppt<div>\r\n	Verizon Smart Accessories Partner Portal Pending Workitems</div>\r\n<div>\r\n	&nbsp;</div>\r\n<div>\r\n	<table cellpadding=\"5\" cellspacing=\"0\" style=\"border: 1px solid\"><tr> <th style=\"border: 1px solid\"><b>Work Item</b></th> <th style=\"border: 1px solid\"><b>Type</b></th> <th style=\"border: 1px solid\"><b>Company</b></th> <th style=\"border: 1px solid\"><b>Product</b></th> <th style=\"border: 1px solid\"><b>Work Item <br/> Start Date</b></th> <th style=\"border: 1px solid\"><b>Submit Date</b></th> </tr><tr> <td style=\"border: 1px solid\">Export Compliance</td> <td style=\"border: 1px solid\">Product Workflow</td> <td style=\"border: 1px solid\">OVI Inc.</td> <td style=\"border: 1px solid\">Wireless Charging unit for iPhone 5</td> <td style=\"border: 1px solid\">2013-10-11</td> <td style=\"border: 1px solid\">2013-10-11</td> </tr><tr> <td style=\"border: 1px solid\">Product Info Upload</td> <td style=\"border: 1px solid\">Product Workflow</td> <td style=\"border: 1px solid\">OVI Inc.</td> <td style=\"border: 1px solid\">Wireless Charging unit for iPhone 5</td> <td style=\"border: 1px solid\">2013-10-11</td> <td style=\"border: 1px solid\">2013-10-11</td> </tr><tr> <td style=\"border: 1px solid\">Certification Agreement & Non-Disclosure Agreement</td> <td style=\"border: 1px solid\">Partner Workflow</td> <td style=\"border: 1px solid\">Phone Halo</td> <td style=\"border: 1px solid\"></td> <td style=\"border: 1px solid\">2013-11-05</td> <td style=\"border: 1px solid\">2013-10-18</td> </tr><tr> <td style=\"border: 1px solid\">Certification Agreement & Non-Disclosure Agreement</td> <td style=\"border: 1px solid\">Partner Workflow</td> <td style=\"border: 1px solid\">Devant Technologies</td> <td style=\"border: 1px solid\"></td> <td style=\"border: 1px solid\">2013-11-05</td> <td style=\"border: 1px solid\">2013-10-21</td> </tr></table></div>\r\nt\0smartnoreply@netpace.comt\0;Verizon Smart Accessories Partner Portal Pending Work itemssr\0java.util.ArrayListxa\0I\0sizexp\0\0\0w\0\0\0\nt\0wakram@netpace.comx','SENT','2013-11-19 10:50:07','','2013-11-19 10:50:09','','0'),(5223,'Verizon Smart Accessories Partner Portal Pending Work items','aadil@netpace.com','\0sr\0*com.netpace.notification.vo.EmailMessageVO/\\}\Z\0Z\0htmlContentL\0contentt\0Ljava/lang/String;L\0fromAddressq\0~\0L\0subjectq\0~\0L\0toAddressest\0Ljava/util/List;xr\0com.netpace.commons.vo.RecordS&8h\0L\0idt\0Ljava/lang/Integer;L\0\rversionNumberq\0~\0xpppt<div>\r\n	Verizon Smart Accessories Partner Portal Pending Workitems</div>\r\n<div>\r\n	&nbsp;</div>\r\n<div>\r\n	<table cellpadding=\"5\" cellspacing=\"0\" style=\"border: 1px solid\"><tr> <th style=\"border: 1px solid\"><b>Work Item</b></th> <th style=\"border: 1px solid\"><b>Type</b></th> <th style=\"border: 1px solid\"><b>Company</b></th> <th style=\"border: 1px solid\"><b>Product</b></th> <th style=\"border: 1px solid\"><b>Work Item <br/> Start Date</b></th> <th style=\"border: 1px solid\"><b>Submit Date</b></th> </tr><tr> <td style=\"border: 1px solid\">Export Compliance</td> <td style=\"border: 1px solid\">Product Workflow</td> <td style=\"border: 1px solid\">OVI Inc.</td> <td style=\"border: 1px solid\">Wireless Charging unit for iPhone 5</td> <td style=\"border: 1px solid\">2013-10-11</td> <td style=\"border: 1px solid\">2013-10-11</td> </tr><tr> <td style=\"border: 1px solid\">Product Info Upload</td> <td style=\"border: 1px solid\">Product Workflow</td> <td style=\"border: 1px solid\">OVI Inc.</td> <td style=\"border: 1px solid\">Wireless Charging unit for iPhone 5</td> <td style=\"border: 1px solid\">2013-10-11</td> <td style=\"border: 1px solid\">2013-10-11</td> </tr><tr> <td style=\"border: 1px solid\">Certification Agreement & Non-Disclosure Agreement</td> <td style=\"border: 1px solid\">Partner Workflow</td> <td style=\"border: 1px solid\">Phone Halo</td> <td style=\"border: 1px solid\"></td> <td style=\"border: 1px solid\">2013-11-05</td> <td style=\"border: 1px solid\">2013-10-18</td> </tr><tr> <td style=\"border: 1px solid\">Certification Agreement & Non-Disclosure Agreement</td> <td style=\"border: 1px solid\">Partner Workflow</td> <td style=\"border: 1px solid\">Devant Technologies</td> <td style=\"border: 1px solid\"></td> <td style=\"border: 1px solid\">2013-11-05</td> <td style=\"border: 1px solid\">2013-10-21</td> </tr></table></div>\r\nt\0smartnoreply@netpace.comt\0;Verizon Smart Accessories Partner Portal Pending Work itemssr\0java.util.ArrayListxa\0I\0sizexp\0\0\0w\0\0\0\nt\0aadil@netpace.comx','SENT','2013-11-19 10:51:18','','2013-11-19 10:51:19','','0'),(5225,'Verizon Smart Accessories Partner Portal Pending Work items','aadil@netpace.com','\0sr\0*com.netpace.notification.vo.EmailMessageVO/\\}\Z\0Z\0htmlContentL\0contentt\0Ljava/lang/String;L\0fromAddressq\0~\0L\0subjectq\0~\0L\0toAddressest\0Ljava/util/List;xr\0com.netpace.commons.vo.RecordS&8h\0L\0idt\0Ljava/lang/Integer;L\0\rversionNumberq\0~\0xpppt<div>\r\n	Verizon Smart Accessories Partner Portal Pending Workitems</div>\r\n<div>\r\n	&nbsp;</div>\r\n<div>\r\n	<table cellpadding=\"5\" cellspacing=\"0\" style=\"border: 1px solid\"><tr> <th style=\"border: 1px solid\"><b>Work Item</b></th> <th style=\"border: 1px solid\"><b>Type</b></th> <th style=\"border: 1px solid\"><b>Company</b></th> <th style=\"border: 1px solid\"><b>Product</b></th> <th style=\"border: 1px solid\"><b>Work Item <br/> Start Date</b></th> <th style=\"border: 1px solid\"><b>Submit Date</b></th> </tr><tr> <td style=\"border: 1px solid\">Export Compliance</td> <td style=\"border: 1px solid\">Product Workflow</td> <td style=\"border: 1px solid\">OVI Inc.</td> <td style=\"border: 1px solid\">Wireless Charging unit for iPhone 5</td> <td style=\"border: 1px solid\">2013-10-11</td> <td style=\"border: 1px solid\">2013-10-11</td> </tr><tr> <td style=\"border: 1px solid\">Product Info Upload</td> <td style=\"border: 1px solid\">Product Workflow</td> <td style=\"border: 1px solid\">OVI Inc.</td> <td style=\"border: 1px solid\">Wireless Charging unit for iPhone 5</td> <td style=\"border: 1px solid\">2013-10-11</td> <td style=\"border: 1px solid\">2013-10-11</td> </tr><tr> <td style=\"border: 1px solid\">Certification Agreement & Non-Disclosure Agreement</td> <td style=\"border: 1px solid\">Partner Workflow</td> <td style=\"border: 1px solid\">Phone Halo</td> <td style=\"border: 1px solid\"></td> <td style=\"border: 1px solid\">2013-11-05</td> <td style=\"border: 1px solid\">2013-10-18</td> </tr><tr> <td style=\"border: 1px solid\">Certification Agreement & Non-Disclosure Agreement</td> <td style=\"border: 1px solid\">Partner Workflow</td> <td style=\"border: 1px solid\">Devant Technologies</td> <td style=\"border: 1px solid\"></td> <td style=\"border: 1px solid\">2013-11-05</td> <td style=\"border: 1px solid\">2013-10-21</td> </tr></table></div>\r\nt\0smartnoreply@netpace.comt\0;Verizon Smart Accessories Partner Portal Pending Work itemssr\0java.util.ArrayListxa\0I\0sizexp\0\0\0w\0\0\0\nt\0aadil@netpace.comx','SENT','2013-11-19 10:51:21','','2013-11-19 10:51:22','','0'),(5227,'Verizon Smart Accessories Partner Portal: Password Assistance','Thomas.Zahn2@VerizonWireless.com','\0sr\0*com.netpace.notification.vo.EmailMessageVO/\\}\Z\0Z\0htmlContentL\0contentt\0Ljava/lang/String;L\0fromAddressq\0~\0L\0subjectq\0~\0L\0toAddressest\0Ljava/util/List;xr\0com.netpace.commons.vo.RecordS&8h\0L\0idt\0Ljava/lang/Integer;L\0\rversionNumberq\0~\0xppptF<div>\r\n	To reset the password for your account, please click the link below:</div>\r\n<div>\r\n	&nbsp;</div>\r\n<div>\r\n	http://smart.netpace.com/device/resetPassword.do?PRT=3fb96025-9cf4-4681-b014-51cecb387c02</div>\r\n<div>\r\n	&nbsp;</div>\r\n<div>\r\n	If clicking the link above does not work, please copy and paste the URL in a new browser window instead.</div>\r\n<div>\r\n	If you had not requested a password reset, you do not need to take any further action and can disregard this email.</div>\r\n<div>\r\n	&nbsp;</div>\r\n<div>\r\n	Sincerely,</div>\r\n<div>\r\n	The Verizon Smart Accessories Team</div>\r\nt\0smartnoreply@netpace.comt\0=Verizon Smart Accessories Partner Portal: Password Assistancesr\0\Zjava.util.Arrays$ArrayList<\0[\0at\0[Ljava/lang/Object;xpur\0[Ljava.lang.String;V{G\0\0xp\0\0\0t\0 Thomas.Zahn2@VerizonWireless.com','SENT','2013-11-21 11:50:55','','2013-11-21 11:50:55','','0'),(5229,'Verizon Smart Accessories Partner Portal: Password Change Confirmation','Thomas.Zahn2@VerizonWireless.com','\0sr\0*com.netpace.notification.vo.EmailMessageVO/\\}\Z\0Z\0htmlContentL\0contentt\0Ljava/lang/String;L\0fromAddressq\0~\0L\0subjectq\0~\0L\0toAddressest\0Ljava/util/List;xr\0com.netpace.commons.vo.RecordS&8h\0L\0idt\0Ljava/lang/Integer;L\0\rversionNumberq\0~\0xpppt6<div>\r\n	The password for your VSAPP account was recently updated.&nbsp;</div>\r\n<div>\r\n	&nbsp;</div>\r\n<div>\r\n	If you had not requested this change, please log into your account and verify your information.</div>\r\n<div>\r\n	&nbsp;</div>\r\n<div>\r\n	Sincerely,</div>\r\n<div>\r\n	The Verizon Smart Accessories Team</div>\r\nt\0smartnoreply@netpace.comt\0FVerizon Smart Accessories Partner Portal: Password Change Confirmationsr\0\Zjava.util.Arrays$ArrayList<\0[\0at\0[Ljava/lang/Object;xpur\0[Ljava.lang.String;V{G\0\0xp\0\0\0t\0 Thomas.Zahn2@VerizonWireless.com','SENT','2013-11-21 11:51:34','','2013-11-21 11:51:37','','0'),(5231,'Products Detail Report is now available','vdc.netpace@gmail.com,eugene.young@verizonwireless.com,laiwah.leung@verizonwireless.com,hassanjdev@gmail.com,hmehmood@netpace.com,aadil@netpace.com,smart.support@verizonwireless.com,eyoung.vzw@gmail.com,lwaleung@gmail.com','\0sr\0*com.netpace.notification.vo.EmailMessageVO/\\}\Z\0Z\0htmlContentL\0contentt\0Ljava/lang/String;L\0fromAddressq\0~\0L\0subjectq\0~\0L\0toAddressest\0Ljava/util/List;xr\0com.netpace.commons.vo.RecordS&8h\0L\0idt\0Ljava/lang/Integer;L\0\rversionNumberq\0~\0xpppt\0<p>\r\n	The Products Detail Report is now available. Please click on the following link and log in to the portal to access the report.</p>\r\n<p>\r\n	http://smart.netpace.com/device/signin.do?goto=%2Fsecure%2Fdownload.do%3Ftype%3Dreport%26id%3D6291</p>\r\nt\0smartnoreply@netpace.comt\0\'Products Detail Report is now availablesr\0java.util.ArrayListxa\0I\0sizexp\0\0\0	w\0\0\0\nt\0vdc.netpace@gmail.comt\0 eugene.young@verizonwireless.comt\0 laiwah.leung@verizonwireless.comt\0hassanjdev@gmail.comt\0hmehmood@netpace.comt\0aadil@netpace.comt\0!smart.support@verizonwireless.comt\0eyoung.vzw@gmail.comt\0lwaleung@gmail.comx','SENT','2013-11-22 00:00:01','','2013-11-22 00:00:07','','0'),(5233,'Product Testing Detail Report is now available','eugene.young@verizonwireless.com,eyoung.vzw@gmail.com,aadil@netpace.com,hassanjdev@gmail.com,smart.support@verizonwireless.com,vdc.netpace@gmail.com,lwaleung@gmail.com,laiwah.leung@verizonwireless.com,hmehmood@netpace.com','\0sr\0*com.netpace.notification.vo.EmailMessageVO/\\}\Z\0Z\0htmlContentL\0contentt\0Ljava/lang/String;L\0fromAddressq\0~\0L\0subjectq\0~\0L\0toAddressest\0Ljava/util/List;xr\0com.netpace.commons.vo.RecordS&8h\0L\0idt\0Ljava/lang/Integer;L\0\rversionNumberq\0~\0xpppt<p>\r\n	The Product Testing Detail Report&nbsp;is now available. Please click on the following link and log in to the portal to access the report.</p>\r\n<p>\r\n	http://smart.netpace.com/device/signin.do?goto=%2Fsecure%2Fdownload.do%3Ftype%3Dreport%26id%3D6293</p>\r\nt\0smartnoreply@netpace.comt\0.Product Testing Detail Report is now availablesr\0java.util.ArrayListxa\0I\0sizexp\0\0\0	w\0\0\0\nt\0 eugene.young@verizonwireless.comt\0eyoung.vzw@gmail.comt\0aadil@netpace.comt\0hassanjdev@gmail.comt\0!smart.support@verizonwireless.comt\0vdc.netpace@gmail.comt\0lwaleung@gmail.comt\0 laiwah.leung@verizonwireless.comt\0hmehmood@netpace.comx','SENT','2013-11-22 00:00:01','','2013-11-22 00:00:06','','0'),(5235,'Company Detail Report is now available','smart.support@verizonwireless.com,eyoung.vzw@gmail.com,eugene.young@verizonwireless.com,aadil@netpace.com,hassanjdev@gmail.com,laiwah.leung@verizonwireless.com,vdc.netpace@gmail.com,lwaleung@gmail.com,hmehmood@netpace.com','\0sr\0*com.netpace.notification.vo.EmailMessageVO/\\}\Z\0Z\0htmlContentL\0contentt\0Ljava/lang/String;L\0fromAddressq\0~\0L\0subjectq\0~\0L\0toAddressest\0Ljava/util/List;xr\0com.netpace.commons.vo.RecordS&8h\0L\0idt\0Ljava/lang/Integer;L\0\rversionNumberq\0~\0xpppt<p>\r\n	The Company Detail Report&nbsp;&nbsp;is now available. Please click on the following link and log in to the portal to access the report.</p>\r\n<p>\r\n	http://smart.netpace.com/device/signin.do?goto=%2Fsecure%2Fdownload.do%3Ftype%3Dreport%26id%3D6295</p>\r\nt\0smartnoreply@netpace.comt\0&Company Detail Report is now availablesr\0java.util.ArrayListxa\0I\0sizexp\0\0\0	w\0\0\0\nt\0!smart.support@verizonwireless.comt\0eyoung.vzw@gmail.comt\0 eugene.young@verizonwireless.comt\0aadil@netpace.comt\0hassanjdev@gmail.comt\0 laiwah.leung@verizonwireless.comt\0vdc.netpace@gmail.comt\0lwaleung@gmail.comt\0hmehmood@netpace.comx','SENT','2013-11-22 00:00:01','','2013-11-22 00:00:07','','0'),(5237,'Developers Weekly Report is now available','hassanjdev@gmail.com,vdc.netpace@gmail.com,eugene.young@verizonwireless.com,hmehmood@netpace.com,margo.hammar@verizon.com,smart.support@verizonwireless.com,laiwah.leung@verizonwireless.com,eyoung.vzw@gmail.com,aadil@netpace.com,lwaleung@gmail.com','\0sr\0*com.netpace.notification.vo.EmailMessageVO/\\}\Z\0Z\0htmlContentL\0contentt\0Ljava/lang/String;L\0fromAddressq\0~\0L\0subjectq\0~\0L\0toAddressest\0Ljava/util/List;xr\0com.netpace.commons.vo.RecordS&8h\0L\0idt\0Ljava/lang/Integer;L\0\rversionNumberq\0~\0xpppt\0<p>\r\n	The Developers Weekly Report is now available. Please click on the following link and log in to the portal to access the report.</p>\r\n<p>\r\n	http://smart.netpace.com/device/signin.do?goto=%2Fsecure%2Fdownload.do%3Ftype%3Dreport%26id%3D6297</p>\r\nt\0smartnoreply@netpace.comt\0)Developers Weekly Report is now availablesr\0java.util.ArrayListxa\0I\0sizexp\0\0\0\nw\0\0\0\nt\0hassanjdev@gmail.comt\0vdc.netpace@gmail.comt\0 eugene.young@verizonwireless.comt\0hmehmood@netpace.comt\0margo.hammar@verizon.comt\0!smart.support@verizonwireless.comt\0 laiwah.leung@verizonwireless.comt\0eyoung.vzw@gmail.comt\0aadil@netpace.comt\0lwaleung@gmail.comx','SENT','2013-11-22 00:00:01','','2013-11-22 00:00:07','','0'),(5239,'Verizon Smart Accessories Partner Portal: Invitation to Join','margo.hammar@verizon.com','\0sr\0*com.netpace.notification.vo.EmailMessageVO/\\}\Z\0Z\0htmlContentL\0contentt\0Ljava/lang/String;L\0fromAddressq\0~\0L\0subjectq\0~\0L\0toAddressest\0Ljava/util/List;xr\0com.netpace.commons.vo.RecordS&8h\0L\0idt\0Ljava/lang/Integer;L\0\rversionNumberq\0~\0xpppt\"<div>\r\n	You have been invited by Laiwah Alice Leung to join the Verizon Smart Accessories Partner Portal. Please click the link below to complete your registration.</div>\r\n<div>\r\n	&nbsp;</div>\r\n<div>\r\n	http://smart.netpace.com/device/admin/invitation.do?authCode=5d1610cc-0845-4d3a-91dd-3db040bbb160</div>\r\n<div>\r\n	&nbsp;</div>\r\n<div>\r\n	If clicking the link above does not work, please copy and paste the URL in a new browser window instead.</div>\r\n<div>\r\n	&nbsp;</div>\r\n<div>\r\n	Sincerely,</div>\r\n<div>\r\n	The Verizon Smart Accesories Team</div>\r\nt\0smartnoreply@netpace.comt\0<Verizon Smart Accessories Partner Portal: Invitation to Joinsr\0\Zjava.util.Arrays$ArrayList<\0[\0at\0[Ljava/lang/Object;xpur\0[Ljava.lang.String;V{G\0\0xp\0\0\0t\0margo.hammar@verizon.com','SENT','2013-11-26 11:44:00','','2013-11-26 11:44:06','','0'),(5241,'Products Detail Report is now available','lwaleung@gmail.com,laiwah.leung@verizonwireless.com,eyoung.vzw@gmail.com,hassanjdev@gmail.com,smart.support@verizonwireless.com,eugene.young@verizonwireless.com,hmehmood@netpace.com,vdc.netpace@gmail.com,aadil@netpace.com','\0sr\0*com.netpace.notification.vo.EmailMessageVO/\\}\Z\0Z\0htmlContentL\0contentt\0Ljava/lang/String;L\0fromAddressq\0~\0L\0subjectq\0~\0L\0toAddressest\0Ljava/util/List;xr\0com.netpace.commons.vo.RecordS&8h\0L\0idt\0Ljava/lang/Integer;L\0\rversionNumberq\0~\0xpppt\0<p>\r\n	The Products Detail Report is now available. Please click on the following link and log in to the portal to access the report.</p>\r\n<p>\r\n	http://smart.netpace.com/device/signin.do?goto=%2Fsecure%2Fdownload.do%3Ftype%3Dreport%26id%3D6299</p>\r\nt\0smartnoreply@netpace.comt\0\'Products Detail Report is now availablesr\0java.util.ArrayListxa\0I\0sizexp\0\0\0	w\0\0\0\nt\0lwaleung@gmail.comt\0 laiwah.leung@verizonwireless.comt\0eyoung.vzw@gmail.comt\0hassanjdev@gmail.comt\0!smart.support@verizonwireless.comt\0 eugene.young@verizonwireless.comt\0hmehmood@netpace.comt\0vdc.netpace@gmail.comt\0aadil@netpace.comx','SENT','2013-11-29 00:00:01','','2013-11-29 00:00:02','','0'),(5243,'Product Testing Detail Report is now available','lwaleung@gmail.com,eugene.young@verizonwireless.com,smart.support@verizonwireless.com,vdc.netpace@gmail.com,aadil@netpace.com,laiwah.leung@verizonwireless.com,eyoung.vzw@gmail.com,hassanjdev@gmail.com,hmehmood@netpace.com','\0sr\0*com.netpace.notification.vo.EmailMessageVO/\\}\Z\0Z\0htmlContentL\0contentt\0Ljava/lang/String;L\0fromAddressq\0~\0L\0subjectq\0~\0L\0toAddressest\0Ljava/util/List;xr\0com.netpace.commons.vo.RecordS&8h\0L\0idt\0Ljava/lang/Integer;L\0\rversionNumberq\0~\0xpppt<p>\r\n	The Product Testing Detail Report&nbsp;is now available. Please click on the following link and log in to the portal to access the report.</p>\r\n<p>\r\n	http://smart.netpace.com/device/signin.do?goto=%2Fsecure%2Fdownload.do%3Ftype%3Dreport%26id%3D6301</p>\r\nt\0smartnoreply@netpace.comt\0.Product Testing Detail Report is now availablesr\0java.util.ArrayListxa\0I\0sizexp\0\0\0	w\0\0\0\nt\0lwaleung@gmail.comt\0 eugene.young@verizonwireless.comt\0!smart.support@verizonwireless.comt\0vdc.netpace@gmail.comt\0aadil@netpace.comt\0 laiwah.leung@verizonwireless.comt\0eyoung.vzw@gmail.comt\0hassanjdev@gmail.comt\0hmehmood@netpace.comx','SENT','2013-11-29 00:00:01','','2013-11-29 00:00:02','','0'),(5245,'Company Detail Report is now available','hmehmood@netpace.com,smart.support@verizonwireless.com,aadil@netpace.com,laiwah.leung@verizonwireless.com,hassanjdev@gmail.com,vdc.netpace@gmail.com,lwaleung@gmail.com,eugene.young@verizonwireless.com,eyoung.vzw@gmail.com','\0sr\0*com.netpace.notification.vo.EmailMessageVO/\\}\Z\0Z\0htmlContentL\0contentt\0Ljava/lang/String;L\0fromAddressq\0~\0L\0subjectq\0~\0L\0toAddressest\0Ljava/util/List;xr\0com.netpace.commons.vo.RecordS&8h\0L\0idt\0Ljava/lang/Integer;L\0\rversionNumberq\0~\0xpppt<p>\r\n	The Company Detail Report&nbsp;&nbsp;is now available. Please click on the following link and log in to the portal to access the report.</p>\r\n<p>\r\n	http://smart.netpace.com/device/signin.do?goto=%2Fsecure%2Fdownload.do%3Ftype%3Dreport%26id%3D6303</p>\r\nt\0smartnoreply@netpace.comt\0&Company Detail Report is now availablesr\0java.util.ArrayListxa\0I\0sizexp\0\0\0	w\0\0\0\nt\0hmehmood@netpace.comt\0!smart.support@verizonwireless.comt\0aadil@netpace.comt\0 laiwah.leung@verizonwireless.comt\0hassanjdev@gmail.comt\0vdc.netpace@gmail.comt\0lwaleung@gmail.comt\0 eugene.young@verizonwireless.comt\0eyoung.vzw@gmail.comx','SENT','2013-11-29 00:00:01','','2013-11-29 00:00:02','','0'),(5247,'Developers Weekly Report is now available','laiwah.leung@verizonwireless.com,hmehmood@netpace.com,aadil@netpace.com,hassanjdev@gmail.com,eyoung.vzw@gmail.com,eugene.young@verizonwireless.com,vdc.netpace@gmail.com,smart.support@verizonwireless.com,lwaleung@gmail.com,margo.hammar@verizon.com','\0sr\0*com.netpace.notification.vo.EmailMessageVO/\\}\Z\0Z\0htmlContentL\0contentt\0Ljava/lang/String;L\0fromAddressq\0~\0L\0subjectq\0~\0L\0toAddressest\0Ljava/util/List;xr\0com.netpace.commons.vo.RecordS&8h\0L\0idt\0Ljava/lang/Integer;L\0\rversionNumberq\0~\0xpppt\0<p>\r\n	The Developers Weekly Report is now available. Please click on the following link and log in to the portal to access the report.</p>\r\n<p>\r\n	http://smart.netpace.com/device/signin.do?goto=%2Fsecure%2Fdownload.do%3Ftype%3Dreport%26id%3D6305</p>\r\nt\0smartnoreply@netpace.comt\0)Developers Weekly Report is now availablesr\0java.util.ArrayListxa\0I\0sizexp\0\0\0\nw\0\0\0\nt\0 laiwah.leung@verizonwireless.comt\0hmehmood@netpace.comt\0aadil@netpace.comt\0hassanjdev@gmail.comt\0eyoung.vzw@gmail.comt\0 eugene.young@verizonwireless.comt\0vdc.netpace@gmail.comt\0!smart.support@verizonwireless.comt\0lwaleung@gmail.comt\0margo.hammar@verizon.comx','SENT','2013-11-29 00:00:01','','2013-11-29 00:00:02','','0'),(5249,'Developers Monthly Report is now available','lwaleung@gmail.com,hassanjdev@gmail.com,eugene.young@verizonwireless.com,smart.support@verizonwireless.com,laiwah.leung@verizonwireless.com,aadil@netpace.com,margo.hammar@verizon.com,eyoung.vzw@gmail.com,vdc.netpace@gmail.com,hmehmood@netpace.com','\0sr\0*com.netpace.notification.vo.EmailMessageVO/\\}\Z\0Z\0htmlContentL\0contentt\0Ljava/lang/String;L\0fromAddressq\0~\0L\0subjectq\0~\0L\0toAddressest\0Ljava/util/List;xr\0com.netpace.commons.vo.RecordS&8h\0L\0idt\0Ljava/lang/Integer;L\0\rversionNumberq\0~\0xpppt\0<p>\r\n	The Developers Monthly Report is now available. Please click on the following link and log in to the portal to access the report.</p>\r\n<p>\r\n	http://smart.netpace.com/device/signin.do?goto=%2Fsecure%2Fdownload.do%3Ftype%3Dreport%26id%3D6307</p>\r\nt\0smartnoreply@netpace.comt\0*Developers Monthly Report is now availablesr\0java.util.ArrayListxa\0I\0sizexp\0\0\0\nw\0\0\0\nt\0lwaleung@gmail.comt\0hassanjdev@gmail.comt\0 eugene.young@verizonwireless.comt\0!smart.support@verizonwireless.comt\0 laiwah.leung@verizonwireless.comt\0aadil@netpace.comt\0margo.hammar@verizon.comt\0eyoung.vzw@gmail.comt\0vdc.netpace@gmail.comt\0hmehmood@netpace.comx','SENT','2013-12-01 00:00:01','','2013-12-01 00:00:03','','0'),(5251,'Products Detail Report is now available','hmehmood@netpace.com,smart.support@verizonwireless.com,eyoung.vzw@gmail.com,vdc.netpace@gmail.com,hassanjdev@gmail.com,laiwah.leung@verizonwireless.com,aadil@netpace.com,eugene.young@verizonwireless.com,lwaleung@gmail.com','\0sr\0*com.netpace.notification.vo.EmailMessageVO/\\}\Z\0Z\0htmlContentL\0contentt\0Ljava/lang/String;L\0fromAddressq\0~\0L\0subjectq\0~\0L\0toAddressest\0Ljava/util/List;xr\0com.netpace.commons.vo.RecordS&8h\0L\0idt\0Ljava/lang/Integer;L\0\rversionNumberq\0~\0xpppt\0<p>\r\n	The Products Detail Report is now available. Please click on the following link and log in to the portal to access the report.</p>\r\n<p>\r\n	http://smart.netpace.com/device/signin.do?goto=%2Fsecure%2Fdownload.do%3Ftype%3Dreport%26id%3D6309</p>\r\nt\0smartnoreply@netpace.comt\0\'Products Detail Report is now availablesr\0java.util.ArrayListxa\0I\0sizexp\0\0\0	w\0\0\0\nt\0hmehmood@netpace.comt\0!smart.support@verizonwireless.comt\0eyoung.vzw@gmail.comt\0vdc.netpace@gmail.comt\0hassanjdev@gmail.comt\0 laiwah.leung@verizonwireless.comt\0aadil@netpace.comt\0 eugene.young@verizonwireless.comt\0lwaleung@gmail.comx','SENT','2013-12-06 00:00:01','','2013-12-06 00:00:06','','0'),(5253,'Product Testing Detail Report is now available','smart.support@verizonwireless.com,hmehmood@netpace.com,lwaleung@gmail.com,laiwah.leung@verizonwireless.com,vdc.netpace@gmail.com,eugene.young@verizonwireless.com,aadil@netpace.com,eyoung.vzw@gmail.com,hassanjdev@gmail.com','\0sr\0*com.netpace.notification.vo.EmailMessageVO/\\}\Z\0Z\0htmlContentL\0contentt\0Ljava/lang/String;L\0fromAddressq\0~\0L\0subjectq\0~\0L\0toAddressest\0Ljava/util/List;xr\0com.netpace.commons.vo.RecordS&8h\0L\0idt\0Ljava/lang/Integer;L\0\rversionNumberq\0~\0xpppt<p>\r\n	The Product Testing Detail Report&nbsp;is now available. Please click on the following link and log in to the portal to access the report.</p>\r\n<p>\r\n	http://smart.netpace.com/device/signin.do?goto=%2Fsecure%2Fdownload.do%3Ftype%3Dreport%26id%3D6311</p>\r\nt\0smartnoreply@netpace.comt\0.Product Testing Detail Report is now availablesr\0java.util.ArrayListxa\0I\0sizexp\0\0\0	w\0\0\0\nt\0!smart.support@verizonwireless.comt\0hmehmood@netpace.comt\0lwaleung@gmail.comt\0 laiwah.leung@verizonwireless.comt\0vdc.netpace@gmail.comt\0 eugene.young@verizonwireless.comt\0aadil@netpace.comt\0eyoung.vzw@gmail.comt\0hassanjdev@gmail.comx','SENT','2013-12-06 00:00:01','','2013-12-06 00:00:06','','0'),(5255,'Company Detail Report is now available','vdc.netpace@gmail.com,hmehmood@netpace.com,lwaleung@gmail.com,eugene.young@verizonwireless.com,smart.support@verizonwireless.com,hassanjdev@gmail.com,eyoung.vzw@gmail.com,laiwah.leung@verizonwireless.com,aadil@netpace.com','\0sr\0*com.netpace.notification.vo.EmailMessageVO/\\}\Z\0Z\0htmlContentL\0contentt\0Ljava/lang/String;L\0fromAddressq\0~\0L\0subjectq\0~\0L\0toAddressest\0Ljava/util/List;xr\0com.netpace.commons.vo.RecordS&8h\0L\0idt\0Ljava/lang/Integer;L\0\rversionNumberq\0~\0xpppt<p>\r\n	The Company Detail Report&nbsp;&nbsp;is now available. Please click on the following link and log in to the portal to access the report.</p>\r\n<p>\r\n	http://smart.netpace.com/device/signin.do?goto=%2Fsecure%2Fdownload.do%3Ftype%3Dreport%26id%3D6313</p>\r\nt\0smartnoreply@netpace.comt\0&Company Detail Report is now availablesr\0java.util.ArrayListxa\0I\0sizexp\0\0\0	w\0\0\0\nt\0vdc.netpace@gmail.comt\0hmehmood@netpace.comt\0lwaleung@gmail.comt\0 eugene.young@verizonwireless.comt\0!smart.support@verizonwireless.comt\0hassanjdev@gmail.comt\0eyoung.vzw@gmail.comt\0 laiwah.leung@verizonwireless.comt\0aadil@netpace.comx','SENT','2013-12-06 00:00:01','','2013-12-06 00:00:06','','0'),(5257,'Developers Weekly Report is now available','smart.support@verizonwireless.com,laiwah.leung@verizonwireless.com,hmehmood@netpace.com,lwaleung@gmail.com,vdc.netpace@gmail.com,margo.hammar@verizon.com,eugene.young@verizonwireless.com,aadil@netpace.com,eyoung.vzw@gmail.com,hassanjdev@gmail.com','\0sr\0*com.netpace.notification.vo.EmailMessageVO/\\}\Z\0Z\0htmlContentL\0contentt\0Ljava/lang/String;L\0fromAddressq\0~\0L\0subjectq\0~\0L\0toAddressest\0Ljava/util/List;xr\0com.netpace.commons.vo.RecordS&8h\0L\0idt\0Ljava/lang/Integer;L\0\rversionNumberq\0~\0xpppt\0<p>\r\n	The Developers Weekly Report is now available. Please click on the following link and log in to the portal to access the report.</p>\r\n<p>\r\n	http://smart.netpace.com/device/signin.do?goto=%2Fsecure%2Fdownload.do%3Ftype%3Dreport%26id%3D6315</p>\r\nt\0smartnoreply@netpace.comt\0)Developers Weekly Report is now availablesr\0java.util.ArrayListxa\0I\0sizexp\0\0\0\nw\0\0\0\nt\0!smart.support@verizonwireless.comt\0 laiwah.leung@verizonwireless.comt\0hmehmood@netpace.comt\0lwaleung@gmail.comt\0vdc.netpace@gmail.comt\0margo.hammar@verizon.comt\0 eugene.young@verizonwireless.comt\0aadil@netpace.comt\0eyoung.vzw@gmail.comt\0hassanjdev@gmail.comx','SENT','2013-12-06 00:00:01','','2013-12-06 00:00:06','','0'),(5259,'Verizon Smart Accessories Partner Portal: Registration Validation Link','yannis.tsampalis@live.com','\0sr\0*com.netpace.notification.vo.EmailMessageVO/\\}\Z\0Z\0htmlContentL\0contentt\0Ljava/lang/String;L\0fromAddressq\0~\0L\0subjectq\0~\0L\0toAddressest\0Ljava/util/List;xr\0com.netpace.commons.vo.RecordS&8h\0L\0idt\0Ljava/lang/Integer;L\0\rversionNumberq\0~\0xpppt<div>\r\n	Please click the link below to complete your user registration on the Verizon Smart Accessories Partner Portal site:</div>\r\n<div>\r\n	&nbsp;</div>\r\n<div>\r\n	http://smart.netpace.com/device/activation.do?authCode=c70d1b33-bde8-4770-b933-06f7a8b6248d</div>\r\n<div>\r\n	&nbsp;</div>\r\n<div>\r\n	If clicking the link above does not work, please copy and paste the URL in a new browser window instead.</div>\r\n<div>\r\n	&nbsp;</div>\r\n<div>\r\n	Sincerely,</div>\r\n<div>\r\n	The Verizon Smart Accessories Team</div>\r\nt\0smartnoreply@netpace.comt\0FVerizon Smart Accessories Partner Portal: Registration Validation Linksr\0\Zjava.util.Arrays$ArrayList<\0[\0at\0[Ljava/lang/Object;xpur\0[Ljava.lang.String;V{G\0\0xp\0\0\0t\0yannis.tsampalis@live.com','SENT','2013-12-11 11:45:36','','2013-12-11 11:45:38','','0'),(5261,'Verizon Smart Accessories Partner Portal: Partner Registration Pending Device Marketing Review','Laiwah.Leung@VerizonWireless.com,jyothi.keshavdas@verizonwireless.com,frank.larocca@verizonwireless.com,Eugene.Young@VerizonWireless.com,david.dempski@verizonwireless.com,brian.boudreau2@verizonwireless.com,jennifer.gibbings@verizonwireless.com','\0sr\0*com.netpace.notification.vo.EmailMessageVO/\\}\Z\0Z\0htmlContentL\0contentt\0Ljava/lang/String;L\0fromAddressq\0~\0L\0subjectq\0~\0L\0toAddressest\0Ljava/util/List;xr\0com.netpace.commons.vo.RecordS&8h\0L\0idt\0Ljava/lang/Integer;L\0\rversionNumberq\0~\0xpppt\0<p>\r\n	The registration request from Pinocchio to join the Verizon Smart Accessories Partner Portal is now ready for review by Device Marketing.</p>\r\n<p>\r\n	Please log into the portal to review.</p>\r\nt\0smartnoreply@netpace.comt\0^Verizon Smart Accessories Partner Portal: Partner Registration Pending Device Marketing Reviewsr\0java.util.ArrayListxa\0I\0sizexp\0\0\0w\0\0\0\nt\0 Laiwah.Leung@VerizonWireless.comt\0$jyothi.keshavdas@verizonwireless.comt\0!frank.larocca@verizonwireless.comt\0 Eugene.Young@VerizonWireless.comt\0!david.dempski@verizonwireless.comt\0#brian.boudreau2@verizonwireless.comt\0%jennifer.gibbings@verizonwireless.comx','SENT','2013-12-11 11:52:47','','2013-12-11 11:52:48','','0'),(5263,'Verizon Smart Accessories Partner Portal: Partner Registration Pending OFAC Review','Eugene.Young@VerizonWireless.com,Laiwah.Leung@VerizonWireless.com','\0sr\0*com.netpace.notification.vo.EmailMessageVO/\\}\Z\0Z\0htmlContentL\0contentt\0Ljava/lang/String;L\0fromAddressq\0~\0L\0subjectq\0~\0L\0toAddressest\0Ljava/util/List;xr\0com.netpace.commons.vo.RecordS&8h\0L\0idt\0Ljava/lang/Integer;L\0\rversionNumberq\0~\0xpppt\0<p>\r\n	The registration request from Pinocchio to join the Verizon Smart Accessories Partner Portal is pending OFAC approval. Please log into the portal to review.</p>\r\nt\0smartnoreply@netpace.comt\0RVerizon Smart Accessories Partner Portal: Partner Registration Pending OFAC Reviewsr\0java.util.ArrayListxa\0I\0sizexp\0\0\0w\0\0\0\nt\0 Eugene.Young@VerizonWireless.comt\0 Laiwah.Leung@VerizonWireless.comx','SENT','2013-12-11 11:54:55','','2013-12-11 11:54:55','','0'),(5265,'Verizon Smart Accessories Partner Portal: OFAC Review Completed','yannis.tsampalis@live.com','\0sr\0*com.netpace.notification.vo.EmailMessageVO/\\}\Z\0Z\0htmlContentL\0contentt\0Ljava/lang/String;L\0fromAddressq\0~\0L\0subjectq\0~\0L\0toAddressest\0Ljava/util/List;xr\0com.netpace.commons.vo.RecordS&8h\0L\0idt\0Ljava/lang/Integer;L\0\rversionNumberq\0~\0xpppt<p>\r\n	Verizon Legal has completed the OFAC review of your request for Pinocchio to join the Smart Accessories Partner Portal with the following comments.</p>\r\n<p>\r\n	<br />\r\n	</p>\r\n<p>\r\n	<br />\r\n	To complete the registration process, please log into the portal and go to your Worklist to complete the certification agreement review.</p>\r\n<p>\r\n	<br />\r\n	Sincerely,<br />\r\n	The Verizon Smart Accessories Team</p>\r\nt\0smartnoreply@netpace.comt\0?Verizon Smart Accessories Partner Portal: OFAC Review Completedsr\0java.util.ArrayListxa\0I\0sizexp\0\0\0w\0\0\0\nt\0yannis.tsampalis@live.comx','SENT','2013-12-11 11:55:39','','2013-12-11 11:55:41','','0'),(5267,'Verizon Smart Accessories Partner Portal: Certification Agreement and NDA Review Pending','yannis.tsampalis@live.com','\0sr\0*com.netpace.notification.vo.EmailMessageVO/\\}\Z\0Z\0htmlContentL\0contentt\0Ljava/lang/String;L\0fromAddressq\0~\0L\0subjectq\0~\0L\0toAddressest\0Ljava/util/List;xr\0com.netpace.commons.vo.RecordS&8h\0L\0idt\0Ljava/lang/Integer;L\0\rversionNumberq\0~\0xpppt\\<div>\r\n	The completion of the registration request for Pinocchio to join the Verizon Smart Accessories Partner Portal is pending your review and acceptance of the certification agreement. Please log into the portal to complete those sections.</div>\r\n<div>\r\n	&nbsp;</div>\r\n<div>\r\n	Sincerely,</div>\r\n<div>\r\n	The Verizon Smart Accessories Team</div>\r\nt\0smartnoreply@netpace.comt\0XVerizon Smart Accessories Partner Portal: Certification Agreement and NDA Review Pendingsr\0java.util.ArrayListxa\0I\0sizexp\0\0\0w\0\0\0\nt\0yannis.tsampalis@live.comx','SENT','2013-12-11 11:55:39','','2013-12-11 11:55:41','','0'),(5269,'Verizon Smart Accessories Partner Portal: Registration Approved','yannis.tsampalis@live.com,jyothi.keshavdas@verizonwireless.com,jennifer.gibbings@verizonwireless.com,Eugene.Young@VerizonWireless.com,brian.boudreau2@verizonwireless.com,Laiwah.Leung@VerizonWireless.com,david.dempski@verizonwireless.com,frank.larocca@verizonwireless.com','\0sr\0*com.netpace.notification.vo.EmailMessageVO/\\}\Z\0Z\0htmlContentL\0contentt\0Ljava/lang/String;L\0fromAddressq\0~\0L\0subjectq\0~\0L\0toAddressest\0Ljava/util/List;xr\0com.netpace.commons.vo.RecordS&8h\0L\0idt\0Ljava/lang/Integer;L\0\rversionNumberq\0~\0xpppt<p>\r\n	Your request for Pinocchio to join the Verizon Smart Accessories Partner Portal has been approved on 12/11/2013 .<br />\r\n	<br />\r\n	You can now log into the portal to submit products for review.</p>\r\n<p>\r\n	<br />\r\n	Sincerely,<br />\r\n	The Verizon Smart Accessories Team</p>\r\nt\0smartnoreply@netpace.comt\0?Verizon Smart Accessories Partner Portal: Registration Approvedsr\0java.util.ArrayListxa\0I\0sizexp\0\0\0w\0\0\0\nt\0yannis.tsampalis@live.comt\0$jyothi.keshavdas@verizonwireless.comt\0%jennifer.gibbings@verizonwireless.comt\0 Eugene.Young@VerizonWireless.comt\0#brian.boudreau2@verizonwireless.comt\0 Laiwah.Leung@VerizonWireless.comt\0!david.dempski@verizonwireless.comt\0!frank.larocca@verizonwireless.comx','SENT','2013-12-11 11:57:07','','2013-12-11 11:57:07','','0'),(5271,'Verizon Smart Accessories Partner Portal: Password Assistance','eugene.young@ovi.com','\0sr\0*com.netpace.notification.vo.EmailMessageVO/\\}\Z\0Z\0htmlContentL\0contentt\0Ljava/lang/String;L\0fromAddressq\0~\0L\0subjectq\0~\0L\0toAddressest\0Ljava/util/List;xr\0com.netpace.commons.vo.RecordS&8h\0L\0idt\0Ljava/lang/Integer;L\0\rversionNumberq\0~\0xppptF<div>\r\n	To reset the password for your account, please click the link below:</div>\r\n<div>\r\n	&nbsp;</div>\r\n<div>\r\n	http://smart.netpace.com/device/resetPassword.do?PRT=439cd398-a8ff-4b50-93db-ed08bad22973</div>\r\n<div>\r\n	&nbsp;</div>\r\n<div>\r\n	If clicking the link above does not work, please copy and paste the URL in a new browser window instead.</div>\r\n<div>\r\n	If you had not requested a password reset, you do not need to take any further action and can disregard this email.</div>\r\n<div>\r\n	&nbsp;</div>\r\n<div>\r\n	Sincerely,</div>\r\n<div>\r\n	The Verizon Smart Accessories Team</div>\r\nt\0smartnoreply@netpace.comt\0=Verizon Smart Accessories Partner Portal: Password Assistancesr\0\Zjava.util.Arrays$ArrayList<\0[\0at\0[Ljava/lang/Object;xpur\0[Ljava.lang.String;V{G\0\0xp\0\0\0t\0eugene.young@ovi.com','SENT','2013-12-11 12:00:24','','2013-12-11 12:00:27','','0'),(5273,'Verizon Smart Accessories Partner Portal: Password Change Confirmation','eugene.young@ovi.com','\0sr\0*com.netpace.notification.vo.EmailMessageVO/\\}\Z\0Z\0htmlContentL\0contentt\0Ljava/lang/String;L\0fromAddressq\0~\0L\0subjectq\0~\0L\0toAddressest\0Ljava/util/List;xr\0com.netpace.commons.vo.RecordS&8h\0L\0idt\0Ljava/lang/Integer;L\0\rversionNumberq\0~\0xpppt6<div>\r\n	The password for your VSAPP account was recently updated.&nbsp;</div>\r\n<div>\r\n	&nbsp;</div>\r\n<div>\r\n	If you had not requested this change, please log into your account and verify your information.</div>\r\n<div>\r\n	&nbsp;</div>\r\n<div>\r\n	Sincerely,</div>\r\n<div>\r\n	The Verizon Smart Accessories Team</div>\r\nt\0smartnoreply@netpace.comt\0FVerizon Smart Accessories Partner Portal: Password Change Confirmationsr\0\Zjava.util.Arrays$ArrayList<\0[\0at\0[Ljava/lang/Object;xpur\0[Ljava.lang.String;V{G\0\0xp\0\0\0t\0eugene.young@ovi.com','SENT','2013-12-12 05:47:35','','2013-12-12 05:47:37','','0'),(5275,'Products Detail Report is now available','hmehmood@netpace.com,aadil@netpace.com,eugene.young@verizonwireless.com,smart.support@verizonwireless.com,hassanjdev@gmail.com,eyoung.vzw@gmail.com,vdc.netpace@gmail.com,lwaleung@gmail.com,laiwah.leung@verizonwireless.com','\0sr\0*com.netpace.notification.vo.EmailMessageVO/\\}\Z\0Z\0htmlContentL\0contentt\0Ljava/lang/String;L\0fromAddressq\0~\0L\0subjectq\0~\0L\0toAddressest\0Ljava/util/List;xr\0com.netpace.commons.vo.RecordS&8h\0L\0idt\0Ljava/lang/Integer;L\0\rversionNumberq\0~\0xpppt\0<p>\r\n	The Products Detail Report is now available. Please click on the following link and log in to the portal to access the report.</p>\r\n<p>\r\n	http://smart.netpace.com/device/signin.do?goto=%2Fsecure%2Fdownload.do%3Ftype%3Dreport%26id%3D6317</p>\r\nt\0smartnoreply@netpace.comt\0\'Products Detail Report is now availablesr\0java.util.ArrayListxa\0I\0sizexp\0\0\0	w\0\0\0\nt\0hmehmood@netpace.comt\0aadil@netpace.comt\0 eugene.young@verizonwireless.comt\0!smart.support@verizonwireless.comt\0hassanjdev@gmail.comt\0eyoung.vzw@gmail.comt\0vdc.netpace@gmail.comt\0lwaleung@gmail.comt\0 laiwah.leung@verizonwireless.comx','SENT','2013-12-13 00:00:01','','2013-12-13 00:00:02','','0'),(5277,'Product Testing Detail Report is now available','eyoung.vzw@gmail.com,vdc.netpace@gmail.com,hassanjdev@gmail.com,eugene.young@verizonwireless.com,laiwah.leung@verizonwireless.com,aadil@netpace.com,smart.support@verizonwireless.com,lwaleung@gmail.com,hmehmood@netpace.com','\0sr\0*com.netpace.notification.vo.EmailMessageVO/\\}\Z\0Z\0htmlContentL\0contentt\0Ljava/lang/String;L\0fromAddressq\0~\0L\0subjectq\0~\0L\0toAddressest\0Ljava/util/List;xr\0com.netpace.commons.vo.RecordS&8h\0L\0idt\0Ljava/lang/Integer;L\0\rversionNumberq\0~\0xpppt<p>\r\n	The Product Testing Detail Report&nbsp;is now available. Please click on the following link and log in to the portal to access the report.</p>\r\n<p>\r\n	http://smart.netpace.com/device/signin.do?goto=%2Fsecure%2Fdownload.do%3Ftype%3Dreport%26id%3D6319</p>\r\nt\0smartnoreply@netpace.comt\0.Product Testing Detail Report is now availablesr\0java.util.ArrayListxa\0I\0sizexp\0\0\0	w\0\0\0\nt\0eyoung.vzw@gmail.comt\0vdc.netpace@gmail.comt\0hassanjdev@gmail.comt\0 eugene.young@verizonwireless.comt\0 laiwah.leung@verizonwireless.comt\0aadil@netpace.comt\0!smart.support@verizonwireless.comt\0lwaleung@gmail.comt\0hmehmood@netpace.comx','SENT','2013-12-13 00:00:01','','2013-12-13 00:00:02','','0'),(5279,'Company Detail Report is now available','eyoung.vzw@gmail.com,hassanjdev@gmail.com,smart.support@verizonwireless.com,lwaleung@gmail.com,aadil@netpace.com,laiwah.leung@verizonwireless.com,hmehmood@netpace.com,eugene.young@verizonwireless.com,vdc.netpace@gmail.com','\0sr\0*com.netpace.notification.vo.EmailMessageVO/\\}\Z\0Z\0htmlContentL\0contentt\0Ljava/lang/String;L\0fromAddressq\0~\0L\0subjectq\0~\0L\0toAddressest\0Ljava/util/List;xr\0com.netpace.commons.vo.RecordS&8h\0L\0idt\0Ljava/lang/Integer;L\0\rversionNumberq\0~\0xpppt<p>\r\n	The Company Detail Report&nbsp;&nbsp;is now available. Please click on the following link and log in to the portal to access the report.</p>\r\n<p>\r\n	http://smart.netpace.com/device/signin.do?goto=%2Fsecure%2Fdownload.do%3Ftype%3Dreport%26id%3D6321</p>\r\nt\0smartnoreply@netpace.comt\0&Company Detail Report is now availablesr\0java.util.ArrayListxa\0I\0sizexp\0\0\0	w\0\0\0\nt\0eyoung.vzw@gmail.comt\0hassanjdev@gmail.comt\0!smart.support@verizonwireless.comt\0lwaleung@gmail.comt\0aadil@netpace.comt\0 laiwah.leung@verizonwireless.comt\0hmehmood@netpace.comt\0 eugene.young@verizonwireless.comt\0vdc.netpace@gmail.comx','SENT','2013-12-13 00:00:01','','2013-12-13 00:00:02','','0'),(5281,'Developers Weekly Report is now available','smart.support@verizonwireless.com,lwaleung@gmail.com,aadil@netpace.com,hassanjdev@gmail.com,margo.hammar@verizon.com,eugene.young@verizonwireless.com,hmehmood@netpace.com,eyoung.vzw@gmail.com,laiwah.leung@verizonwireless.com,vdc.netpace@gmail.com','\0sr\0*com.netpace.notification.vo.EmailMessageVO/\\}\Z\0Z\0htmlContentL\0contentt\0Ljava/lang/String;L\0fromAddressq\0~\0L\0subjectq\0~\0L\0toAddressest\0Ljava/util/List;xr\0com.netpace.commons.vo.RecordS&8h\0L\0idt\0Ljava/lang/Integer;L\0\rversionNumberq\0~\0xpppt\0<p>\r\n	The Developers Weekly Report is now available. Please click on the following link and log in to the portal to access the report.</p>\r\n<p>\r\n	http://smart.netpace.com/device/signin.do?goto=%2Fsecure%2Fdownload.do%3Ftype%3Dreport%26id%3D6323</p>\r\nt\0smartnoreply@netpace.comt\0)Developers Weekly Report is now availablesr\0java.util.ArrayListxa\0I\0sizexp\0\0\0\nw\0\0\0\nt\0!smart.support@verizonwireless.comt\0lwaleung@gmail.comt\0aadil@netpace.comt\0hassanjdev@gmail.comt\0margo.hammar@verizon.comt\0 eugene.young@verizonwireless.comt\0hmehmood@netpace.comt\0eyoung.vzw@gmail.comt\0 laiwah.leung@verizonwireless.comt\0vdc.netpace@gmail.comx','SENT','2013-12-13 00:00:01','','2013-12-13 00:00:02','','0'),(5283,'Products Detail Report is now available','hmehmood@netpace.com,hassanjdev@gmail.com,eugene.young@verizonwireless.com,eyoung.vzw@gmail.com,aadil@netpace.com,lwaleung@gmail.com,laiwah.leung@verizonwireless.com,vdc.netpace@gmail.com,smart.support@verizonwireless.com','\0sr\0*com.netpace.notification.vo.EmailMessageVO/\\}\Z\0Z\0htmlContentL\0contentt\0Ljava/lang/String;L\0fromAddressq\0~\0L\0subjectq\0~\0L\0toAddressest\0Ljava/util/List;xr\0com.netpace.commons.vo.RecordS&8h\0L\0idt\0Ljava/lang/Integer;L\0\rversionNumberq\0~\0xpppt\0<p>\r\n	The Products Detail Report is now available. Please click on the following link and log in to the portal to access the report.</p>\r\n<p>\r\n	http://smart.netpace.com/device/signin.do?goto=%2Fsecure%2Fdownload.do%3Ftype%3Dreport%26id%3D6325</p>\r\nt\0smartnoreply@netpace.comt\0\'Products Detail Report is now availablesr\0java.util.ArrayListxa\0I\0sizexp\0\0\0	w\0\0\0\nt\0hmehmood@netpace.comt\0hassanjdev@gmail.comt\0 eugene.young@verizonwireless.comt\0eyoung.vzw@gmail.comt\0aadil@netpace.comt\0lwaleung@gmail.comt\0 laiwah.leung@verizonwireless.comt\0vdc.netpace@gmail.comt\0!smart.support@verizonwireless.comx','SENT','2013-12-20 00:00:01','','2013-12-20 00:00:02','','0'),(5285,'Product Testing Detail Report is now available','vdc.netpace@gmail.com,lwaleung@gmail.com,hassanjdev@gmail.com,smart.support@verizonwireless.com,hmehmood@netpace.com,eugene.young@verizonwireless.com,eyoung.vzw@gmail.com,aadil@netpace.com,laiwah.leung@verizonwireless.com','\0sr\0*com.netpace.notification.vo.EmailMessageVO/\\}\Z\0Z\0htmlContentL\0contentt\0Ljava/lang/String;L\0fromAddressq\0~\0L\0subjectq\0~\0L\0toAddressest\0Ljava/util/List;xr\0com.netpace.commons.vo.RecordS&8h\0L\0idt\0Ljava/lang/Integer;L\0\rversionNumberq\0~\0xpppt<p>\r\n	The Product Testing Detail Report&nbsp;is now available. Please click on the following link and log in to the portal to access the report.</p>\r\n<p>\r\n	http://smart.netpace.com/device/signin.do?goto=%2Fsecure%2Fdownload.do%3Ftype%3Dreport%26id%3D6327</p>\r\nt\0smartnoreply@netpace.comt\0.Product Testing Detail Report is now availablesr\0java.util.ArrayListxa\0I\0sizexp\0\0\0	w\0\0\0\nt\0vdc.netpace@gmail.comt\0lwaleung@gmail.comt\0hassanjdev@gmail.comt\0!smart.support@verizonwireless.comt\0hmehmood@netpace.comt\0 eugene.young@verizonwireless.comt\0eyoung.vzw@gmail.comt\0aadil@netpace.comt\0 laiwah.leung@verizonwireless.comx','SENT','2013-12-20 00:00:01','','2013-12-20 00:00:01','','0'),(5287,'Company Detail Report is now available','vdc.netpace@gmail.com,hmehmood@netpace.com,smart.support@verizonwireless.com,hassanjdev@gmail.com,eugene.young@verizonwireless.com,eyoung.vzw@gmail.com,laiwah.leung@verizonwireless.com,aadil@netpace.com,lwaleung@gmail.com','\0sr\0*com.netpace.notification.vo.EmailMessageVO/\\}\Z\0Z\0htmlContentL\0contentt\0Ljava/lang/String;L\0fromAddressq\0~\0L\0subjectq\0~\0L\0toAddressest\0Ljava/util/List;xr\0com.netpace.commons.vo.RecordS&8h\0L\0idt\0Ljava/lang/Integer;L\0\rversionNumberq\0~\0xpppt<p>\r\n	The Company Detail Report&nbsp;&nbsp;is now available. Please click on the following link and log in to the portal to access the report.</p>\r\n<p>\r\n	http://smart.netpace.com/device/signin.do?goto=%2Fsecure%2Fdownload.do%3Ftype%3Dreport%26id%3D6329</p>\r\nt\0smartnoreply@netpace.comt\0&Company Detail Report is now availablesr\0java.util.ArrayListxa\0I\0sizexp\0\0\0	w\0\0\0\nt\0vdc.netpace@gmail.comt\0hmehmood@netpace.comt\0!smart.support@verizonwireless.comt\0hassanjdev@gmail.comt\0 eugene.young@verizonwireless.comt\0eyoung.vzw@gmail.comt\0 laiwah.leung@verizonwireless.comt\0aadil@netpace.comt\0lwaleung@gmail.comx','SENT','2013-12-20 00:00:01','','2013-12-20 00:00:02','','0'),(5289,'Developers Weekly Report is now available','margo.hammar@verizon.com,laiwah.leung@verizonwireless.com,vdc.netpace@gmail.com,lwaleung@gmail.com,eyoung.vzw@gmail.com,hassanjdev@gmail.com,eugene.young@verizonwireless.com,smart.support@verizonwireless.com,aadil@netpace.com,hmehmood@netpace.com','\0sr\0*com.netpace.notification.vo.EmailMessageVO/\\}\Z\0Z\0htmlContentL\0contentt\0Ljava/lang/String;L\0fromAddressq\0~\0L\0subjectq\0~\0L\0toAddressest\0Ljava/util/List;xr\0com.netpace.commons.vo.RecordS&8h\0L\0idt\0Ljava/lang/Integer;L\0\rversionNumberq\0~\0xpppt\0<p>\r\n	The Developers Weekly Report is now available. Please click on the following link and log in to the portal to access the report.</p>\r\n<p>\r\n	http://smart.netpace.com/device/signin.do?goto=%2Fsecure%2Fdownload.do%3Ftype%3Dreport%26id%3D6331</p>\r\nt\0smartnoreply@netpace.comt\0)Developers Weekly Report is now availablesr\0java.util.ArrayListxa\0I\0sizexp\0\0\0\nw\0\0\0\nt\0margo.hammar@verizon.comt\0 laiwah.leung@verizonwireless.comt\0vdc.netpace@gmail.comt\0lwaleung@gmail.comt\0eyoung.vzw@gmail.comt\0hassanjdev@gmail.comt\0 eugene.young@verizonwireless.comt\0!smart.support@verizonwireless.comt\0aadil@netpace.comt\0hmehmood@netpace.comx','SENT','2013-12-20 00:00:01','','2013-12-20 00:00:02','','0'),(5291,'Products Detail Report is now available','lwaleung@gmail.com,aadil@netpace.com,eugene.young@verizonwireless.com,smart.support@verizonwireless.com,eyoung.vzw@gmail.com,laiwah.leung@verizonwireless.com,hmehmood@netpace.com,vdc.netpace@gmail.com,hassanjdev@gmail.com','\0sr\0*com.netpace.notification.vo.EmailMessageVO/\\}\Z\0Z\0htmlContentL\0contentt\0Ljava/lang/String;L\0fromAddressq\0~\0L\0subjectq\0~\0L\0toAddressest\0Ljava/util/List;xr\0com.netpace.commons.vo.RecordS&8h\0L\0idt\0Ljava/lang/Integer;L\0\rversionNumberq\0~\0xpppt\0<p>\r\n	The Products Detail Report is now available. Please click on the following link and log in to the portal to access the report.</p>\r\n<p>\r\n	http://smart.netpace.com/device/signin.do?goto=%2Fsecure%2Fdownload.do%3Ftype%3Dreport%26id%3D6333</p>\r\nt\0smartnoreply@netpace.comt\0\'Products Detail Report is now availablesr\0java.util.ArrayListxa\0I\0sizexp\0\0\0	w\0\0\0\nt\0lwaleung@gmail.comt\0aadil@netpace.comt\0 eugene.young@verizonwireless.comt\0!smart.support@verizonwireless.comt\0eyoung.vzw@gmail.comt\0 laiwah.leung@verizonwireless.comt\0hmehmood@netpace.comt\0vdc.netpace@gmail.comt\0hassanjdev@gmail.comx','SENT','2013-12-27 00:00:01','','2013-12-27 00:00:02','','0'),(5293,'Product Testing Detail Report is now available','smart.support@verizonwireless.com,hmehmood@netpace.com,laiwah.leung@verizonwireless.com,eyoung.vzw@gmail.com,hassanjdev@gmail.com,vdc.netpace@gmail.com,aadil@netpace.com,eugene.young@verizonwireless.com,lwaleung@gmail.com','\0sr\0*com.netpace.notification.vo.EmailMessageVO/\\}\Z\0Z\0htmlContentL\0contentt\0Ljava/lang/String;L\0fromAddressq\0~\0L\0subjectq\0~\0L\0toAddressest\0Ljava/util/List;xr\0com.netpace.commons.vo.RecordS&8h\0L\0idt\0Ljava/lang/Integer;L\0\rversionNumberq\0~\0xpppt<p>\r\n	The Product Testing Detail Report&nbsp;is now available. Please click on the following link and log in to the portal to access the report.</p>\r\n<p>\r\n	http://smart.netpace.com/device/signin.do?goto=%2Fsecure%2Fdownload.do%3Ftype%3Dreport%26id%3D6335</p>\r\nt\0smartnoreply@netpace.comt\0.Product Testing Detail Report is now availablesr\0java.util.ArrayListxa\0I\0sizexp\0\0\0	w\0\0\0\nt\0!smart.support@verizonwireless.comt\0hmehmood@netpace.comt\0 laiwah.leung@verizonwireless.comt\0eyoung.vzw@gmail.comt\0hassanjdev@gmail.comt\0vdc.netpace@gmail.comt\0aadil@netpace.comt\0 eugene.young@verizonwireless.comt\0lwaleung@gmail.comx','SENT','2013-12-27 00:00:01','','2013-12-27 00:00:02','','0'),(5295,'Company Detail Report is now available','hassanjdev@gmail.com,laiwah.leung@verizonwireless.com,vdc.netpace@gmail.com,smart.support@verizonwireless.com,eugene.young@verizonwireless.com,eyoung.vzw@gmail.com,aadil@netpace.com,lwaleung@gmail.com,hmehmood@netpace.com','\0sr\0*com.netpace.notification.vo.EmailMessageVO/\\}\Z\0Z\0htmlContentL\0contentt\0Ljava/lang/String;L\0fromAddressq\0~\0L\0subjectq\0~\0L\0toAddressest\0Ljava/util/List;xr\0com.netpace.commons.vo.RecordS&8h\0L\0idt\0Ljava/lang/Integer;L\0\rversionNumberq\0~\0xpppt<p>\r\n	The Company Detail Report&nbsp;&nbsp;is now available. Please click on the following link and log in to the portal to access the report.</p>\r\n<p>\r\n	http://smart.netpace.com/device/signin.do?goto=%2Fsecure%2Fdownload.do%3Ftype%3Dreport%26id%3D6337</p>\r\nt\0smartnoreply@netpace.comt\0&Company Detail Report is now availablesr\0java.util.ArrayListxa\0I\0sizexp\0\0\0	w\0\0\0\nt\0hassanjdev@gmail.comt\0 laiwah.leung@verizonwireless.comt\0vdc.netpace@gmail.comt\0!smart.support@verizonwireless.comt\0 eugene.young@verizonwireless.comt\0eyoung.vzw@gmail.comt\0aadil@netpace.comt\0lwaleung@gmail.comt\0hmehmood@netpace.comx','SENT','2013-12-27 00:00:01','','2013-12-27 00:00:02','','0'),(5297,'Developers Weekly Report is now available','laiwah.leung@verizonwireless.com,eugene.young@verizonwireless.com,margo.hammar@verizon.com,eyoung.vzw@gmail.com,vdc.netpace@gmail.com,hassanjdev@gmail.com,hmehmood@netpace.com,smart.support@verizonwireless.com,aadil@netpace.com,lwaleung@gmail.com','\0sr\0*com.netpace.notification.vo.EmailMessageVO/\\}\Z\0Z\0htmlContentL\0contentt\0Ljava/lang/String;L\0fromAddressq\0~\0L\0subjectq\0~\0L\0toAddressest\0Ljava/util/List;xr\0com.netpace.commons.vo.RecordS&8h\0L\0idt\0Ljava/lang/Integer;L\0\rversionNumberq\0~\0xpppt\0<p>\r\n	The Developers Weekly Report is now available. Please click on the following link and log in to the portal to access the report.</p>\r\n<p>\r\n	http://smart.netpace.com/device/signin.do?goto=%2Fsecure%2Fdownload.do%3Ftype%3Dreport%26id%3D6339</p>\r\nt\0smartnoreply@netpace.comt\0)Developers Weekly Report is now availablesr\0java.util.ArrayListxa\0I\0sizexp\0\0\0\nw\0\0\0\nt\0 laiwah.leung@verizonwireless.comt\0 eugene.young@verizonwireless.comt\0margo.hammar@verizon.comt\0eyoung.vzw@gmail.comt\0vdc.netpace@gmail.comt\0hassanjdev@gmail.comt\0hmehmood@netpace.comt\0!smart.support@verizonwireless.comt\0aadil@netpace.comt\0lwaleung@gmail.comx','SENT','2013-12-27 00:00:01','','2013-12-27 00:00:02','','0'),(5299,'Developers Monthly Report is now available','lwaleung@gmail.com,laiwah.leung@verizonwireless.com,smart.support@verizonwireless.com,vdc.netpace@gmail.com,hassanjdev@gmail.com,eyoung.vzw@gmail.com,eugene.young@verizonwireless.com,hmehmood@netpace.com,aadil@netpace.com,margo.hammar@verizon.com','\0sr\0*com.netpace.notification.vo.EmailMessageVO/\\}\Z\0Z\0htmlContentL\0contentt\0Ljava/lang/String;L\0fromAddressq\0~\0L\0subjectq\0~\0L\0toAddressest\0Ljava/util/List;xr\0com.netpace.commons.vo.RecordS&8h\0L\0idt\0Ljava/lang/Integer;L\0\rversionNumberq\0~\0xpppt\0<p>\r\n	The Developers Monthly Report is now available. Please click on the following link and log in to the portal to access the report.</p>\r\n<p>\r\n	http://smart.netpace.com/device/signin.do?goto=%2Fsecure%2Fdownload.do%3Ftype%3Dreport%26id%3D6341</p>\r\nt\0smartnoreply@netpace.comt\0*Developers Monthly Report is now availablesr\0java.util.ArrayListxa\0I\0sizexp\0\0\0\nw\0\0\0\nt\0lwaleung@gmail.comt\0 laiwah.leung@verizonwireless.comt\0!smart.support@verizonwireless.comt\0vdc.netpace@gmail.comt\0hassanjdev@gmail.comt\0eyoung.vzw@gmail.comt\0 eugene.young@verizonwireless.comt\0hmehmood@netpace.comt\0aadil@netpace.comt\0margo.hammar@verizon.comx','SENT','2014-01-01 00:00:01','','2014-01-01 00:00:03','','0'),(5301,'Products Detail Report is now available','lwaleung@gmail.com,hmehmood@netpace.com,hassanjdev@gmail.com,laiwah.leung@verizonwireless.com,smart.support@verizonwireless.com,vdc.netpace@gmail.com,aadil@netpace.com,eyoung.vzw@gmail.com,eugene.young@verizonwireless.com','\0sr\0*com.netpace.notification.vo.EmailMessageVO/\\}\Z\0Z\0htmlContentL\0contentt\0Ljava/lang/String;L\0fromAddressq\0~\0L\0subjectq\0~\0L\0toAddressest\0Ljava/util/List;xr\0com.netpace.commons.vo.RecordS&8h\0L\0idt\0Ljava/lang/Integer;L\0\rversionNumberq\0~\0xpppt\0<p>\r\n	The Products Detail Report is now available. Please click on the following link and log in to the portal to access the report.</p>\r\n<p>\r\n	http://smart.netpace.com/device/signin.do?goto=%2Fsecure%2Fdownload.do%3Ftype%3Dreport%26id%3D6343</p>\r\nt\0smartnoreply@netpace.comt\0\'Products Detail Report is now availablesr\0java.util.ArrayListxa\0I\0sizexp\0\0\0	w\0\0\0\nt\0lwaleung@gmail.comt\0hmehmood@netpace.comt\0hassanjdev@gmail.comt\0 laiwah.leung@verizonwireless.comt\0!smart.support@verizonwireless.comt\0vdc.netpace@gmail.comt\0aadil@netpace.comt\0eyoung.vzw@gmail.comt\0 eugene.young@verizonwireless.comx','SENT','2014-01-03 00:00:01','','2014-01-03 00:00:04','','0'),(5303,'Product Testing Detail Report is now available','vdc.netpace@gmail.com,hmehmood@netpace.com,eyoung.vzw@gmail.com,eugene.young@verizonwireless.com,lwaleung@gmail.com,aadil@netpace.com,hassanjdev@gmail.com,smart.support@verizonwireless.com,laiwah.leung@verizonwireless.com','\0sr\0*com.netpace.notification.vo.EmailMessageVO/\\}\Z\0Z\0htmlContentL\0contentt\0Ljava/lang/String;L\0fromAddressq\0~\0L\0subjectq\0~\0L\0toAddressest\0Ljava/util/List;xr\0com.netpace.commons.vo.RecordS&8h\0L\0idt\0Ljava/lang/Integer;L\0\rversionNumberq\0~\0xpppt<p>\r\n	The Product Testing Detail Report&nbsp;is now available. Please click on the following link and log in to the portal to access the report.</p>\r\n<p>\r\n	http://smart.netpace.com/device/signin.do?goto=%2Fsecure%2Fdownload.do%3Ftype%3Dreport%26id%3D6345</p>\r\nt\0smartnoreply@netpace.comt\0.Product Testing Detail Report is now availablesr\0java.util.ArrayListxa\0I\0sizexp\0\0\0	w\0\0\0\nt\0vdc.netpace@gmail.comt\0hmehmood@netpace.comt\0eyoung.vzw@gmail.comt\0 eugene.young@verizonwireless.comt\0lwaleung@gmail.comt\0aadil@netpace.comt\0hassanjdev@gmail.comt\0!smart.support@verizonwireless.comt\0 laiwah.leung@verizonwireless.comx','SENT','2014-01-03 00:00:01','','2014-01-03 00:00:04','','0'),(5305,'Company Detail Report is now available','vdc.netpace@gmail.com,hmehmood@netpace.com,smart.support@verizonwireless.com,lwaleung@gmail.com,hassanjdev@gmail.com,eugene.young@verizonwireless.com,eyoung.vzw@gmail.com,aadil@netpace.com,laiwah.leung@verizonwireless.com','\0sr\0*com.netpace.notification.vo.EmailMessageVO/\\}\Z\0Z\0htmlContentL\0contentt\0Ljava/lang/String;L\0fromAddressq\0~\0L\0subjectq\0~\0L\0toAddressest\0Ljava/util/List;xr\0com.netpace.commons.vo.RecordS&8h\0L\0idt\0Ljava/lang/Integer;L\0\rversionNumberq\0~\0xpppt<p>\r\n	The Company Detail Report&nbsp;&nbsp;is now available. Please click on the following link and log in to the portal to access the report.</p>\r\n<p>\r\n	http://smart.netpace.com/device/signin.do?goto=%2Fsecure%2Fdownload.do%3Ftype%3Dreport%26id%3D6347</p>\r\nt\0smartnoreply@netpace.comt\0&Company Detail Report is now availablesr\0java.util.ArrayListxa\0I\0sizexp\0\0\0	w\0\0\0\nt\0vdc.netpace@gmail.comt\0hmehmood@netpace.comt\0!smart.support@verizonwireless.comt\0lwaleung@gmail.comt\0hassanjdev@gmail.comt\0 eugene.young@verizonwireless.comt\0eyoung.vzw@gmail.comt\0aadil@netpace.comt\0 laiwah.leung@verizonwireless.comx','SENT','2014-01-03 00:00:01','','2014-01-03 00:00:03','','0'),(5307,'Developers Weekly Report is now available','vdc.netpace@gmail.com,hassanjdev@gmail.com,lwaleung@gmail.com,smart.support@verizonwireless.com,aadil@netpace.com,margo.hammar@verizon.com,hmehmood@netpace.com,eugene.young@verizonwireless.com,laiwah.leung@verizonwireless.com,eyoung.vzw@gmail.com','\0sr\0*com.netpace.notification.vo.EmailMessageVO/\\}\Z\0Z\0htmlContentL\0contentt\0Ljava/lang/String;L\0fromAddressq\0~\0L\0subjectq\0~\0L\0toAddressest\0Ljava/util/List;xr\0com.netpace.commons.vo.RecordS&8h\0L\0idt\0Ljava/lang/Integer;L\0\rversionNumberq\0~\0xpppt\0<p>\r\n	The Developers Weekly Report is now available. Please click on the following link and log in to the portal to access the report.</p>\r\n<p>\r\n	http://smart.netpace.com/device/signin.do?goto=%2Fsecure%2Fdownload.do%3Ftype%3Dreport%26id%3D6349</p>\r\nt\0smartnoreply@netpace.comt\0)Developers Weekly Report is now availablesr\0java.util.ArrayListxa\0I\0sizexp\0\0\0\nw\0\0\0\nt\0vdc.netpace@gmail.comt\0hassanjdev@gmail.comt\0lwaleung@gmail.comt\0!smart.support@verizonwireless.comt\0aadil@netpace.comt\0margo.hammar@verizon.comt\0hmehmood@netpace.comt\0 eugene.young@verizonwireless.comt\0 laiwah.leung@verizonwireless.comt\0eyoung.vzw@gmail.comx','SENT','2014-01-03 00:00:01','','2014-01-03 00:00:03','','0'),(5309,'Verizon Smart Accessories Partner Portal: Invitation to Join','margo.hammar@verizon.com','\0sr\0*com.netpace.notification.vo.EmailMessageVO/\\}\Z\0Z\0htmlContentL\0contentt\0Ljava/lang/String;L\0fromAddressq\0~\0L\0subjectq\0~\0L\0toAddressest\0Ljava/util/List;xr\0com.netpace.commons.vo.RecordS&8h\0L\0idt\0Ljava/lang/Integer;L\0\rversionNumberq\0~\0xpppt\"<div>\r\n	You have been invited by Laiwah Alice Leung to join the Verizon Smart Accessories Partner Portal. Please click the link below to complete your registration.</div>\r\n<div>\r\n	&nbsp;</div>\r\n<div>\r\n	http://smart.netpace.com/device/admin/invitation.do?authCode=cbedf34f-e246-4fff-a55a-6340269dabb3</div>\r\n<div>\r\n	&nbsp;</div>\r\n<div>\r\n	If clicking the link above does not work, please copy and paste the URL in a new browser window instead.</div>\r\n<div>\r\n	&nbsp;</div>\r\n<div>\r\n	Sincerely,</div>\r\n<div>\r\n	The Verizon Smart Accesories Team</div>\r\nt\0smartnoreply@netpace.comt\0<Verizon Smart Accessories Partner Portal: Invitation to Joinsr\0\Zjava.util.Arrays$ArrayList<\0[\0at\0[Ljava/lang/Object;xpur\0[Ljava.lang.String;V{G\0\0xp\0\0\0t\0margo.hammar@verizon.com','SENT','2014-01-08 12:04:02','','2014-01-08 12:04:03','','0');

UNLOCK TABLES;

/*Table structure for table `vap_event_place_holders` */

DROP TABLE IF EXISTS `vap_event_place_holders`;

CREATE TABLE `vap_event_place_holders` (
  `place_holder_id` int(11) unsigned NOT NULL,
  `event_id` int(11) unsigned NOT NULL,
  KEY `fk_event_place_holders_1` (`place_holder_id`),
  KEY `fk_event_place_holders_2` (`event_id`),
  CONSTRAINT `fk_event_place_holders_1` FOREIGN KEY (`place_holder_id`) REFERENCES `vap_place_holders` (`place_holder_id`) ON DELETE NO ACTION ON UPDATE NO ACTION,
  CONSTRAINT `fk_event_place_holders_2` FOREIGN KEY (`event_id`) REFERENCES `vap_events` (`event_id`) ON DELETE NO ACTION ON UPDATE NO ACTION
) ENGINE=InnoDB DEFAULT CHARSET=utf8;

/*Data for the table `vap_event_place_holders` */

LOCK TABLES `vap_event_place_holders` WRITE;

insert  into `vap_event_place_holders`(`place_holder_id`,`event_id`) values (1,1),(2,1),(3,1),(4,1),(5,2),(3,2),(4,2),(6,3),(3,3),(4,3),(7,4),(8,4),(2,4),(3,4),(9,4),(4,4),(7,5),(3,5),(9,5),(4,5),(8,6),(2,6),(4,6),(8,8),(2,8),(4,8),(8,9),(2,9),(4,9),(10,9),(8,10),(2,10),(4,10),(10,10),(8,11),(2,11),(4,11),(10,11),(8,12),(2,12),(10,12),(8,13),(2,13),(4,13),(10,13),(8,14),(2,14),(4,14),(8,15),(2,15),(4,15),(10,15),(8,16),(2,16),(4,16),(10,16),(8,17),(2,17),(4,17),(10,17),(8,18),(2,18),(4,18),(10,18),(8,19),(2,19),(4,19),(10,19),(8,20),(2,20),(4,20),(10,20),(8,22),(2,22),(4,22),(10,22),(8,23),(2,23),(4,23),(10,23),(8,24),(2,24),(4,24),(10,24),(8,27),(2,27),(4,27),(10,27),(3,30),(4,30),(6,31),(3,31),(4,31),(7,32),(8,32),(2,32),(11,32),(4,32),(8,33),(2,33),(13,33),(4,33),(8,34),(2,34),(13,34),(14,34),(4,34),(8,35),(4,35),(8,36),(2,36),(12,36),(4,36),(15,39),(15,40),(15,41),(15,42),(15,43),(16,45),(8,45),(2,45),(4,45),(10,45),(16,46),(8,46),(2,46),(4,46),(10,46),(16,47),(8,47),(2,47),(4,47),(10,47),(16,48),(8,48),(2,48),(4,48),(10,48),(16,49),(8,49),(2,49),(4,49),(10,49),(16,51),(8,51),(2,51),(4,51),(10,51),(16,52),(8,52),(2,52),(4,52),(10,52),(16,53),(8,53),(2,53),(4,53),(10,53),(16,54),(8,54),(2,54),(4,54),(10,54),(16,55),(8,55),(2,55),(4,55),(10,55),(16,57),(8,57),(2,57),(4,57),(10,57),(16,58),(8,58),(2,58),(4,58),(10,58),(16,59),(8,59),(2,59),(4,59),(10,59),(16,60),(8,60),(2,60),(4,60),(10,60),(16,61),(8,61),(2,61),(4,61),(10,61),(16,63),(8,63),(2,63),(4,63),(10,63),(16,64),(8,64),(2,64),(4,64),(10,64),(16,65),(8,65),(2,65),(4,65),(10,65),(16,66),(8,66),(2,66),(4,66),(10,66),(16,67),(8,67),(2,67),(4,67),(10,67),(16,69),(8,69),(2,69),(4,69),(10,69),(16,70),(8,70),(2,70),(4,70),(10,70),(16,71),(8,71),(2,71),(4,71),(10,71),(16,72),(8,72),(2,72),(4,72),(10,72),(16,73),(8,73),(2,73),(4,73),(10,73),(16,75),(8,75),(2,75),(4,75),(10,75),(16,76),(8,76),(2,76),(4,76),(10,76),(16,77),(8,77),(2,77),(4,77),(10,77),(16,78),(8,78),(2,78),(4,78),(10,78),(16,79),(8,79),(2,79),(4,79),(10,79),(16,83),(8,83),(2,83),(4,83),(10,83),(16,85),(8,85),(2,85),(4,85),(10,85),(16,87),(8,87),(2,87),(4,87),(10,87),(16,44),(8,44),(2,44),(4,44),(16,50),(8,50),(2,50),(4,50),(16,56),(8,56),(2,56),(4,56),(16,62),(8,62),(2,62),(4,62),(16,68),(8,68),(2,68),(4,68),(16,74),(8,74),(2,74),(4,74),(16,80),(8,80),(2,80),(4,80),(16,81),(8,81),(2,81),(4,81),(16,82),(8,82),(2,82),(4,82),(16,84),(8,84),(2,84),(4,84),(16,86),(8,86),(2,86),(4,86),(4,12),(8,25),(2,25),(4,25),(10,25),(8,26),(2,26),(4,26),(10,26),(4,38),(8,38),(16,38),(3,29),(4,29),(8,7),(2,7),(3,7),(4,7),(8,88),(2,88),(13,88),(17,88),(4,88),(2,89),(4,89),(8,89),(10,89),(16,89),(18,90),(21,91);

UNLOCK TABLES;

/*Table structure for table `vap_events` */

DROP TABLE IF EXISTS `vap_events`;

CREATE TABLE `vap_events` (
  `event_id` int(11) unsigned NOT NULL auto_increment,
  `event_name` varchar(50) character set latin1 default NULL,
  `event_desc` varchar(200) character set latin1 default NULL,
  `created_date` datetime default NULL,
  `created_by` varchar(50) character set latin1 default NULL,
  `updated_date` datetime default NULL,
  `updated_by` varchar(50) character set latin1 default NULL,
  `is_active` varchar(1) character set latin1 default '1',
  PRIMARY KEY  (`event_id`),
  UNIQUE KEY `event_name` (`event_name`)
) ENGINE=InnoDB AUTO_INCREMENT=92 DEFAULT CHARSET=utf8;

/*Data for the table `vap_events` */

LOCK TABLES `vap_events` WRITE;

insert  into `vap_events`(`event_id`,`event_name`,`event_desc`,`created_date`,`created_by`,`updated_date`,`updated_by`,`is_active`) values (1,'USER_ACCOUNT_VALIDATION_EVENT','USER_ACCOUNT_VALIDATION','2013-06-25 11:02:11','SYSTEM','2013-06-25 11:02:11','SYSTEM','1'),(2,'FORGOT_PASSWORD_EVENT','FORGOT_PASSWORD','2013-06-25 11:02:11','SYSTEM','2013-06-25 11:02:11','SYSTEM','1'),(3,'FORGOT_USERNAME_EVENT','FORGOT_USERNAME','2013-06-25 11:02:11','SYSTEM','2013-06-25 11:02:11','SYSTEM','1'),(4,'PARTNER_USER_INVITED_EVENT','PARTNER_USER_INVITED','2013-06-25 11:02:11','SYSTEM','2013-06-25 11:02:11','SYSTEM','1'),(5,'VERIZON_USER_INVITED_EVENT','VERIZON_USER_INVITED','2013-06-25 11:02:11','SYSTEM','2013-06-25 11:02:11','SYSTEM','1'),(6,'PARTNER_DELETED_EVENT','PARTNER_DELETED','2013-07-08 16:08:48','SYSTEM','2013-07-08 16:08:48','SYSTEM','1'),(7,'PARTNER_REGISTERED','PARTNER_REGISTERED','2013-07-16 13:42:39','SYSTEM','2013-07-16 13:42:47','SYSTEM','1'),(8,'PARTNER_DEVICE_MARKETING_PENDING','PARTNER_DEVICE_MARKETING_PENDING','2013-07-16 13:42:39','SYSTEM','2013-07-16 13:42:47','SYSTEM','1'),(9,'PARTNER_DEVICE_MARKETING_RFI','PARTNER_DEVICE_MARKETING_RFI','2013-07-16 13:42:39','SYSTEM','2013-07-16 13:42:47','SYSTEM','1'),(10,'PARTNER_DEVICE_MARKETING_UNRFI','PARTNER_DEVICE_MARKETING_UNRFI','2013-07-16 13:42:39','SYSTEM','2013-07-16 13:42:47','SYSTEM','1'),(11,'PARTNER_DEVICE_MARKETING_DENIED','PARTNER_DEVICE_MARKETING_DENIED','2013-07-16 13:42:39','SYSTEM','2013-07-16 13:42:47','SYSTEM','1'),(12,'PARTNER_DEVICE_MARKETING_UNDENY','PARTNER_DEVICE_MARKETING_UNDENY','2013-07-16 13:42:39','SYSTEM','2013-07-16 13:42:47','SYSTEM','1'),(13,'PARTNER_DEVICE_MARKETING_APPROVED','PARTNER_DEVICE_MARKETING_APPROVED','2013-07-16 13:42:39','SYSTEM','2013-07-16 13:42:47','SYSTEM','1'),(14,'PARTNER_OFAC_REVIEW_PENDING','PARTNER_OFAC_REVIEW_PENDING','2013-07-16 13:42:39','SYSTEM','2013-07-16 13:42:47','SYSTEM','1'),(15,'PARTNER_OFAC_REVIEW_RFI','PARTNER_OFAC_REVIEW_RFI','2013-07-16 13:42:39','SYSTEM','2013-07-16 13:42:47','SYSTEM','1'),(16,'PARTNER_OFAC_REVIEW_UNRFI','PARTNER_OFAC_REVIEW_UNRFI','2013-07-16 13:42:39','SYSTEM','2013-07-16 13:42:47','SYSTEM','1'),(17,'PARTNER_OFAC_REVIEW_SUSPENDED','PARTNER_OFAC_REVIEW_SUSPENDED','2013-07-16 13:42:39','SYSTEM','2013-07-16 13:42:47','SYSTEM','1'),(18,'PARTNER_OFAC_REVIEW_UNSUSPEND','PARTNER_OFAC_REVIEW_UNSUSPEND','2013-07-16 13:42:39','SYSTEM','2013-07-16 13:42:47','SYSTEM','1'),(19,'PARTNER_OFAC_REVIEW_APPROVED','PARTNER_OFAC_REVIEW_APPROVED','2013-07-16 13:42:39','SYSTEM','2013-07-16 13:42:47','SYSTEM','1'),(20,'PARTNER_CERT_AND_NDA_PENDING','PARTNER_CERT_AND_NDA_PENDING','2013-07-16 13:42:39','SYSTEM','2013-07-16 13:42:47','SYSTEM','1'),(22,'PARTNER_OFFLINE_UNREJECT','PARTNER_OFFLINE_UNREJECT','2013-07-16 13:42:39','SYSTEM','2013-07-16 13:42:47','SYSTEM','1'),(23,'PARTNER_CERT_AND_NDA_ACCEPTED','PARTNER_CERT_AND_NDA_ACCEPTED','2013-07-16 13:42:39','SYSTEM','2013-07-16 13:42:47','SYSTEM','1'),(24,'PARTNER_OFFLINE_PENDING','PARTNER_OFFLINE_PENDING','2013-07-16 13:42:39','SYSTEM','2013-07-16 13:42:47','SYSTEM','1'),(25,'PARTNER_OFFLINE_APPROVED','PARTNER_OFFLINE_APPROVED','2013-07-16 13:42:39','SYSTEM','2013-07-16 13:42:47','SYSTEM','1'),(26,'PARTNER_OFFLINE_REJECTED','PARTNER_OFFLINE_REJECTED','2013-07-16 13:42:39','SYSTEM','2013-07-16 13:42:47','SYSTEM','1'),(27,'PARTNER_APPROVED','PARTNER_APPROVED','2013-07-16 13:42:39','SYSTEM','2013-07-16 13:42:47','SYSTEM','1'),(29,'FORGOT_PASSWORD_UPDATED','FORGOT_PASSWORD_UPDATED','2013-07-16 13:42:39','SYSTEM','2013-07-16 13:42:47','SYSTEM','1'),(30,'PASSWORD_UPDATED','PASSWORD_UPDATED','2013-07-16 13:42:39','SYSTEM','2013-07-16 13:42:47','SYSTEM','1'),(31,'USERNAME_UPDATED','USERNAME_UPDATED','2013-07-16 13:42:39','SYSTEM','2013-07-16 13:42:47','SYSTEM','1'),(32,'PARTNER_USER_INVITATION_ACCEPTED','PARTNER_USER_INVITATION_ACCEPTED','2013-07-16 13:42:39','SYSTEM','2013-07-16 13:42:47','SYSTEM','1'),(33,'PARTNER_USER_REQUESTS_TO_JOIN','PARTNER_USER_REQUESTS_TO_JOIN','2013-07-16 13:42:39','SYSTEM','2013-07-16 13:42:47','SYSTEM','1'),(34,'PARTNER_USER_REQUEST_TO_JOIN_ACCEPTED','PARTNER_USER_REQUEST_TO_JOIN_ACCEPTED','2013-07-16 13:42:39','SYSTEM','2013-07-16 13:42:47','SYSTEM','1'),(35,'VERIZON_USER_INVITATION_ACCEPTED','VERIZON_USER_INVITATION_ACCEPTED','2013-07-16 13:42:39','SYSTEM','2013-07-16 13:42:47','SYSTEM','1'),(36,'PARTNER_UPDATED','PARTNER_UPDATED','2013-07-16 13:42:39','SYSTEM','2013-07-16 13:42:47','SYSTEM','1'),(37,'PRODUCT_UPDATED','PRODUCT_UPDATED','2013-07-16 13:42:39','SYSTEM','2013-07-16 13:42:47','SYSTEM','1'),(38,'PRODUCT_DELETED','PRODUCT DELETED','2013-07-16 13:42:39','SYSTEM','2013-07-16 13:42:47','SYSTEM','1'),(39,'SEND_PRODUCTS_DETAIL_REPORT','SEND_PRODUCT_DETAILS_REPORT','2013-07-30 00:00:00','SYSTEM','2013-07-30 00:00:00','SYSTEM','1'),(40,'SEND_PRODUCTS_TESTING_DETAIL_REPORT','SEND_PRODUCTS_TESTING_DETAIL_REPORT','2013-07-30 00:00:00','SYSTEM','2013-07-30 00:00:00','SYSTEM','1'),(41,'SEND_COMPANY_DETAIL_REPORT','SEND_COMPANY_DETAIL_REPORT','2013-07-30 00:00:00','SYSTEM','2013-07-30 00:00:00','SYSTEM','1'),(42,'SEND_DEVELOPERS_WEEKLY_REPORT','SEND_DEVELOPERS_WEEKLY_REPORT','2013-07-30 00:00:00','SYSTEM','2013-07-30 00:00:00','SYSTEM','1'),(43,'SEND_DEVELOPERS_MONTHLY_REPORT','SEND_DEVELOPERS_MONTHLY_REPORT','2013-07-30 00:00:00','SYSTEM','2013-07-30 00:00:00','SYSTEM','1'),(44,'PRODUCT_DEVICE_MARKETING_REVIEW_PENDING','PRODUCT_DEVICE_MARKETING_REVIEW_PENDING','2013-07-30 00:00:00','SYSTEM','2013-07-30 00:00:00','SYSTEM','1'),(45,'PRODUCT_DEVICE_MARKETING_REVIEW_RFI','PRODUCT_DEVICE_MARKETING_REVIEW_RFI','2013-07-30 00:00:00','SYSTEM','2013-07-30 00:00:00','SYSTEM','1'),(46,'PRODUCT_DEVICE_MARKETING_REVIEW_UNRFI','PRODUCT_DEVICE_MARKETING_REVIEW_UNRFI','2013-07-30 00:00:00','SYSTEM','2013-07-30 00:00:00','SYSTEM','1'),(47,'PRODUCT_DEVICE_MARKETING_REVIEW_DENIED','PRODUCT_DEVICE_MARKETING_REVIEW_DENIED','2013-07-30 00:00:00','SYSTEM','2013-07-30 00:00:00','SYSTEM','1'),(48,'PRODUCT_DEVICE_MARKETING_REVIEW_UNDENY','PRODUCT_DEVICE_MARKETING_REVIEW_UNDENY','2013-07-30 00:00:00','SYSTEM','2013-07-30 00:00:00','SYSTEM','1'),(49,'PRODUCT_DEVICE_MARKETING_REVIEW_APPROVED','PRODUCT_DEVICE_MARKETING_REVIEW_APPROVED','2013-07-30 00:00:00','SYSTEM','2013-07-30 00:00:00','SYSTEM','1'),(50,'PRODUCT_REQUIREMENTS_GROUP_REVIEW_PENDING','PRODUCT_REQUIREMENTS_GROUP_REVIEW_PENDING','2013-07-30 00:00:00','SYSTEM','2013-07-30 00:00:00','SYSTEM','1'),(51,'PRODUCT_REQUIREMENTS_GROUP_REVIEW_RFI','PRODUCT_REQUIREMENTS_GROUP_REVIEW_RFI','2013-07-30 00:00:00','SYSTEM','2013-07-30 00:00:00','SYSTEM','1'),(52,'PRODUCT_REQUIREMENTS_GROUP_REVIEW_UNRFI','PRODUCT_REQUIREMENTS_GROUP_REVIEW_UNRFI','2013-07-30 00:00:00','SYSTEM','2013-07-30 00:00:00','SYSTEM','1'),(53,'PRODUCT_REQUIREMENTS_GROUP_REVIEW_DENIED','PRODUCT_REQUIREMENTS_GROUP_REVIEW_DENIED','2013-07-30 00:00:00','SYSTEM','2013-07-30 00:00:00','SYSTEM','1'),(54,'PRODUCT_REQUIREMENTS_GROUP_REVIEW_UNDENY','PRODUCT_REQUIREMENTS_GROUP_REVIEW_UNDENY','2013-07-30 00:00:00','SYSTEM','2013-07-30 00:00:00','SYSTEM','1'),(55,'PRODUCT_REQUIREMENTS_GROUP_REVIEW_APPROVED','PRODUCT_REQUIREMENTS_GROUP_REVIEW_APPROVED','2013-07-30 00:00:00','SYSTEM','2013-07-30 00:00:00','SYSTEM','1'),(56,'PRODUCT_DEVICE_COMPLIANCE_REVIEW_PENDING','PRODUCT_DEVICE_COMPLIANCE_REVIEW_PENDING','2013-07-30 00:00:00','SYSTEM','2013-07-30 00:00:00','SYSTEM','1'),(57,'PRODUCT_DEVICE_COMPLIANCE_REVIEW_RFI','PRODUCT_DEVICE_COMPLIANCE_REVIEW_RFI','2013-07-30 00:00:00','SYSTEM','2013-07-30 00:00:00','SYSTEM','1'),(58,'PRODUCT_DEVICE_COMPLIANCE_REVIEW_UNRFI','PRODUCT_DEVICE_COMPLIANCE_REVIEW_UNRFI','2013-07-30 00:00:00','SYSTEM','2013-07-30 00:00:00','SYSTEM','1'),(59,'PRODUCT_DEVICE_COMPLIANCE_REVIEW_DENIED','PRODUCT_DEVICE_COMPLIANCE_REVIEW_DENIED','2013-07-30 00:00:00','SYSTEM','2013-07-30 00:00:00','SYSTEM','1'),(60,'PRODUCT_DEVICE_COMPLIANCE_REVIEW_UNDENY','PRODUCT_DEVICE_COMPLIANCE_REVIEW_UNDENY','2013-07-30 00:00:00','SYSTEM','2013-07-30 00:00:00','SYSTEM','1'),(61,'PRODUCT_DEVICE_COMPLIANCE_REVIEW_START_TESTING','PRODUCT_DEVICE_COMPLIANCE_REVIEW_START_TESTING','2013-07-30 00:00:00','SYSTEM','2013-07-30 00:00:00','SYSTEM','1'),(62,'PRODUCT_DEVICE_COMPLIANCE_EOT_PENDING','PRODUCT_DEVICE_COMPLIANCE_EOT_PENDING','2013-07-30 00:00:00','SYSTEM','2013-07-30 00:00:00','SYSTEM','1'),(63,'PRODUCT_DEVICE_COMPLIANCE_EOT_RFI','PRODUCT_DEVICE_COMPLIANCE_EOT_RFI','2013-07-30 00:00:00','SYSTEM','2013-07-30 00:00:00','SYSTEM','1'),(64,'PRODUCT_DEVICE_COMPLIANCE_EOT_UNRFI','PRODUCT_DEVICE_COMPLIANCE_EOT_UNRFI','2013-07-30 00:00:00','SYSTEM','2013-07-30 00:00:00','SYSTEM','1'),(65,'PRODUCT_DEVICE_COMPLIANCE_EOT_DENIED','PRODUCT_DEVICE_COMPLIANCE_EOT_DENIED','2013-07-30 00:00:00','SYSTEM','2013-07-30 00:00:00','SYSTEM','1'),(66,'PRODUCT_DEVICE_COMPLIANCE_EOT_UNDENY','PRODUCT_DEVICE_COMPLIANCE_EOT_UNDENY','2013-07-30 00:00:00','SYSTEM','2013-07-30 00:00:00','SYSTEM','1'),(67,'PRODUCT_DEVICE_COMPLIANCE_EOT_END_TESTING','PRODUCT_DEVICE_COMPLIANCE_EOT_END_TESTING','2013-07-30 00:00:00','SYSTEM','2013-07-30 00:00:00','SYSTEM','1'),(68,'PRODUCT_EXPORT_COMPLIANCE_REVIEW_PENDING','PRODUCT_EXPORT_COMPLIANCE_REVIEW_PENDING','2013-07-30 00:00:00','SYSTEM','2013-07-30 00:00:00','SYSTEM','1'),(69,'PRODUCT_EXPORT_COMPLIANCE_REVIEW_RFI','PRODUCT_EXPORT_COMPLIANCE_REVIEW_RFI','2013-07-30 00:00:00','SYSTEM','2013-07-30 00:00:00','SYSTEM','1'),(70,'PRODUCT_EXPORT_COMPLIANCE_REVIEW_UNRFI','PRODUCT_EXPORT_COMPLIANCE_REVIEW_UNRFI','2013-07-30 00:00:00','SYSTEM','2013-07-30 00:00:00','SYSTEM','1'),(71,'PRODUCT_EXPORT_COMPLIANCE_REVIEW_DENIED','PRODUCT_EXPORT_COMPLIANCE_REVIEW_DENIED','2013-07-30 00:00:00','SYSTEM','2013-07-30 00:00:00','SYSTEM','1'),(72,'PRODUCT_EXPORT_COMPLIANCE_REVIEW_UNDENY','PRODUCT_EXPORT_COMPLIANCE_REVIEW_UNDENY','2013-07-30 00:00:00','SYSTEM','2013-07-30 00:00:00','SYSTEM','1'),(73,'PRODUCT_EXPORT_COMPLIANCE_REVIEW_APPROVED','PRODUCT_EXPORT_COMPLIANCE_REVIEW_APPROVED','2013-07-30 00:00:00','SYSTEM','2013-07-30 00:00:00','SYSTEM','1'),(74,'PRODUCT_DEVICE_MARKETING_FINAL_REVIEW_PENDING','PRODUCT_DEVICE_MARKETING_FINAL_REVIEW_PENDING','2013-07-30 00:00:00','SYSTEM','2013-07-30 00:00:00','SYSTEM','1'),(75,'PRODUCT_DEVICE_MARKETING_FINAL_REVIEW_RFI','PRODUCT_DEVICE_MARKETING_FINAL_REVIEW_RFI','2013-07-30 00:00:00','SYSTEM','2013-07-30 00:00:00','SYSTEM','1'),(76,'PRODUCT_DEVICE_MARKETING_FINAL_REVIEW_UNRFI','PRODUCT_DEVICE_MARKETING_FINAL_REVIEW_UNRFI','2013-07-30 00:00:00','SYSTEM','2013-07-30 00:00:00','SYSTEM','1'),(77,'PRODUCT_DEVICE_MARKETING_FINAL_REVIEW_DENIED','PRODUCT_DEVICE_MARKETING_FINAL_REVIEW_DENIED','2013-07-30 00:00:00','SYSTEM','2013-07-30 00:00:00','SYSTEM','1'),(78,'PRODUCT_DEVICE_MARKETING_FINAL_REVIEW_UNDENY','PRODUCT_DEVICE_MARKETING_FINAL_REVIEW_UNDENY','2013-07-30 00:00:00','SYSTEM','2013-07-30 00:00:00','SYSTEM','1'),(79,'PRODUCT_DEVICE_MARKETING_FINAL_REVIEW_APPROVED','PRODUCT_DEVICE_MARKETING_FINAL_REVIEW_APPROVED','2013-07-30 00:00:00','SYSTEM','2013-07-30 00:00:00','SYSTEM','1'),(80,'PRODUCT_TYPE_CONCEPT_APPROVED_PENDING','PRODUCT_TYPE_CONCEPT_APPROVED_PENDING','2013-07-30 00:00:00','SYSTEM','2013-07-30 00:00:00','SYSTEM','1'),(81,'PRODUCT_TYPE_CONCEPT_CHANGED','PRODUCT_TYPE_CONCEPT_CHANGED','2013-07-30 00:00:00','SYSTEM','2013-07-30 00:00:00','SYSTEM','1'),(82,'PRODUCT_INFO_UPLOAD_PENDING','PRODUCT_INFO_UPLOAD_PENDING','2013-07-30 00:00:00','SYSTEM','2013-07-30 00:00:00','SYSTEM','1'),(83,'PRODUCT_INFO_UPLOAD_SUBMITTED','PRODUCT_INFO_UPLOAD_SUBMITTED','2013-07-30 00:00:00','SYSTEM','2013-07-30 00:00:00','SYSTEM','1'),(84,'PRODUCT_EXPORT_COMPLIANCE_PENDING','PRODUCT_EXPORT_COMPLIANCE_PENDING','2013-07-30 00:00:00','SYSTEM','2013-07-30 00:00:00','SYSTEM','1'),(85,'PRODUCT_EXPORT_COMPLIANCE_SUBMITTED','PRODUCT_EXPORT_COMPLIANCE_SUBMITTED','2013-07-30 00:00:00','SYSTEM','2013-07-30 00:00:00','SYSTEM','1'),(86,'PRODUCT_UPLOAD_PDF_OF_SAMPLE_PRODUCT_PENDING','PRODUCT_UPLOAD_PDF_OF_SAMPLE_PRODUCT_PENDING','2013-07-30 00:00:00','SYSTEM','2013-07-30 00:00:00','SYSTEM','1'),(87,'PRODUCT_UPLOAD_PDF_OF_SAMPLE_PRODUCT_SUBMITTED','PRODUCT_UPLOAD_PDF_OF_SAMPLE_PRODUCT_SUBMITTED','2013-07-30 00:00:00','SYSTEM','2013-07-30 00:00:00','SYSTEM','1'),(88,'PARTNER_USER_REQUEST_TO_JOIN_REJECTED','PARTNER_USER_REQUEST_TO_JOIN_REJECTED','2013-08-16 16:48:36','SYSTEM','2013-08-16 16:48:36','SYSTEM','1'),(89,'PRODUCT_APPROVED','PRODUCT_APPROVED','2013-08-16 16:49:54','SYSTEM','2013-08-16 16:49:54','SYSTEM','1'),(90,'EXCEPTION_EMAIL','EXCEPTION_EMAIL','2013-09-17 15:10:54','SYSTEM','2013-09-17 15:10:54','SYSTEM','1'),(91,'WORKITEM_DELAYED','WORKITEM_DELAYED','2013-09-17 15:10:48','SYSTEM','2013-09-17 15:10:48','SYSTEM','1');

UNLOCK TABLES;

/*Table structure for table `vap_main_menu` */

DROP TABLE IF EXISTS `vap_main_menu`;

CREATE TABLE `vap_main_menu` (
  `id` int(11) unsigned NOT NULL auto_increment,
  `name` varchar(15) character set latin1 NOT NULL,
  `sort_order` int(11) default NULL,
  PRIMARY KEY  (`id`)
) ENGINE=InnoDB AUTO_INCREMENT=2 DEFAULT CHARSET=utf8;

/*Data for the table `vap_main_menu` */

LOCK TABLES `vap_main_menu` WRITE;

insert  into `vap_main_menu`(`id`,`name`,`sort_order`) values (1,'Menu',1);

UNLOCK TABLES;

/*Table structure for table `vap_media` */

DROP TABLE IF EXISTS `vap_media`;

CREATE TABLE `vap_media` (
  `media_id` int(11) unsigned NOT NULL auto_increment,
  `file_name` varchar(500) character set latin1 default NULL,
  `file_length` int(11) default NULL,
  `file_type` varbinary(255) default NULL,
  `created_date` datetime default NULL,
  `created_by` varchar(50) character set latin1 default NULL,
  `updated_date` datetime default NULL,
  `updated_by` varchar(50) character set latin1 default NULL,
  `is_active` varchar(1) character set latin1 default '1',
  PRIMARY KEY  (`media_id`)
) ENGINE=InnoDB AUTO_INCREMENT=6350 DEFAULT CHARSET=utf8;

/*Data for the table `vap_media` */

LOCK TABLES `vap_media` WRITE;

insert  into `vap_media`(`media_id`,`file_name`,`file_length`,`file_type`,`created_date`,`created_by`,`updated_date`,`updated_by`,`is_active`) values (6131,'Product_Details_SA.csv',0,'text/csv','2013-09-27 00:00:01','curl-job','2013-09-27 00:00:01','curl-job','1'),(6133,'Testing_Details_SA.csv',0,'text/csv','2013-09-27 00:00:01','curl-job','2013-09-27 00:00:01','curl-job','1'),(6135,'Company_Details_SA.csv',784,'text/csv','2013-09-27 00:00:01','curl-job','2013-09-27 00:00:01','curl-job','1'),(6137,'Registered_Partner_Report_Weekly.csv',700,'text/csv','2013-09-27 00:00:01','curl-job','2013-09-27 00:00:01','curl-job','1'),(6139,'Registered_Partner_Report_Monthly.csv',700,'text/csv','2013-10-01 00:00:01','curl-job','2013-10-01 00:00:01','curl-job','1'),(6141,'Product_Details_SA.csv',0,'text/csv','2013-10-01 12:48:37','curl-job','2013-10-01 12:48:37','curl-job','1'),(6143,'Testing_Details_SA.csv',0,'text/csv','2013-10-01 12:48:38','curl-job','2013-10-01 12:48:38','curl-job','1'),(6145,'Company_Details_SA.csv',702,'text/csv','2013-10-01 12:48:38','curl-job','2013-10-01 12:48:38','curl-job','1'),(6147,'Registered_Partner_Report_Weekly.csv',700,'text/csv','2013-10-01 12:48:38','curl-job','2013-10-01 12:48:38','curl-job','1'),(6149,'Registered_Partner_Report_Monthly.csv',700,'text/csv','2013-10-01 12:49:15','curl-job','2013-10-01 12:49:15','curl-job','1'),(6151,'Product_Details_SA.csv',0,'text/csv','2013-10-03 11:37:09','curl-job','2013-10-03 11:37:09','curl-job','1'),(6153,'Product_Details_SA.csv',0,'text/csv','2013-10-04 00:00:01','curl-job','2013-10-04 00:00:01','curl-job','1'),(6155,'Testing_Details_SA.csv',0,'text/csv','2013-10-04 00:00:01','curl-job','2013-10-04 00:00:01','curl-job','1'),(6157,'Company_Details_SA.csv',702,'text/csv','2013-10-04 00:00:01','curl-job','2013-10-04 00:00:01','curl-job','1'),(6159,'Registered_Partner_Report_Weekly.csv',0,'text/csv','2013-10-04 00:00:01','curl-job','2013-10-04 00:00:01','curl-job','1'),(6161,'Product_Details_SA.csv',0,'text/csv','2013-10-11 00:00:01','curl-job','2013-10-11 00:00:01','curl-job','1'),(6163,'Testing_Details_SA.csv',0,'text/csv','2013-10-11 00:00:01','curl-job','2013-10-11 00:00:01','curl-job','1'),(6165,'Company_Details_SA.csv',702,'text/csv','2013-10-11 00:00:01','curl-job','2013-10-11 00:00:01','curl-job','1'),(6167,'Registered_Partner_Report_Weekly.csv',0,'text/csv','2013-10-11 00:00:01','curl-job','2013-10-11 00:00:01','curl-job','1'),(6169,'SAPP Partner Benefits.PNG',26632,'image/png','2013-10-11 08:05:23','eugene.ovi','2013-10-11 08:05:23','eugene.ovi','1'),(6171,'SAPP Key Values.PNG',34091,'image/png','2013-10-11 08:05:38','eugene.ovi','2013-10-11 08:05:38','eugene.ovi','1'),(6173,'SAPP Key Values.PNG',34091,'image/png','2013-10-11 08:05:58','eugene.ovi','2013-10-11 08:05:58','eugene.ovi','1'),(6175,'Capture3.PNG',36727,'image/png','2013-10-11 08:06:17','eugene.ovi','2013-10-11 08:06:17','eugene.ovi','1'),(6177,'SAPP Partner Benefits.PNG',26632,'image/png','2013-10-11 08:06:52','eugene.ovi','2013-10-11 08:06:52','eugene.ovi','1'),(6179,'SAPP Key Values.PNG',34091,'image/png','2013-10-11 08:07:08','eugene.ovi','2013-10-11 08:07:08','eugene.ovi','1'),(6181,'20131009_112300.mp4',1520432,'video/mp4','2013-10-11 08:12:47','eugene.ovi','2013-10-11 08:12:47','eugene.ovi','1'),(6183,'Product_Details_SA.csv',650,'text/csv','2013-10-18 00:00:01','curl-job','2013-10-18 00:00:01','curl-job','1'),(6185,'Testing_Details_SA.csv',0,'text/csv','2013-10-18 00:00:01','curl-job','2013-10-18 00:00:01','curl-job','1'),(6187,'Company_Details_SA.csv',620,'text/csv','2013-10-18 00:00:01','curl-job','2013-10-18 00:00:01','curl-job','1'),(6189,'Registered_Partner_Report_Weekly.csv',0,'text/csv','2013-10-18 00:00:01','curl-job','2013-10-18 00:00:01','curl-job','1'),(6191,'Product_Details_SA.csv',650,'text/csv','2013-10-25 00:00:01','curl-job','2013-10-25 00:00:01','curl-job','1'),(6193,'Testing_Details_SA.csv',0,'text/csv','2013-10-25 00:00:01','curl-job','2013-10-25 00:00:01','curl-job','1'),(6195,'Company_Details_SA.csv',1042,'text/csv','2013-10-25 00:00:01','curl-job','2013-10-25 00:00:01','curl-job','1'),(6197,'Registered_Partner_Report_Weekly.csv',714,'text/csv','2013-10-25 00:00:01','curl-job','2013-10-25 00:00:01','curl-job','1'),(6199,'Registered_Partner_Report_Monthly.csv',1087,'text/csv','2013-11-01 00:00:01','curl-job','2013-11-01 00:00:01','curl-job','1'),(6201,'Product_Details_SA.csv',650,'text/csv','2013-11-01 00:00:01','curl-job','2013-11-01 00:00:01','curl-job','1'),(6203,'Testing_Details_SA.csv',0,'text/csv','2013-11-01 00:00:01','curl-job','2013-11-01 00:00:01','curl-job','1'),(6205,'Company_Details_SA.csv',1042,'text/csv','2013-11-01 00:00:01','curl-job','2013-11-01 00:00:01','curl-job','1'),(6207,'Registered_Partner_Report_Weekly.csv',0,'text/csv','2013-11-01 00:00:01','curl-job','2013-11-01 00:00:01','curl-job','1'),(6209,'Product_Details_SA.csv',650,'text/csv','2013-11-05 09:46:22','curl-job','2013-11-05 09:46:22','curl-job','1'),(6211,'Product_Details_SA.csv',650,'text/csv','2013-11-05 09:48:54','curl-job','2013-11-05 09:48:54','curl-job','1'),(6213,'Product_Details_SA.csv',650,'text/csv','2013-11-05 14:33:06','curl-job','2013-11-05 14:33:06','curl-job','1'),(6215,'Testing_Details_SA.csv',0,'text/csv','2013-11-05 14:33:06','curl-job','2013-11-05 14:33:06','curl-job','1'),(6217,'Company_Details_SA.csv',1184,'text/csv','2013-11-05 14:33:06','curl-job','2013-11-05 14:33:06','curl-job','1'),(6219,'Registered_Partner_Report_Weekly.csv',0,'text/csv','2013-11-05 14:33:06','curl-job','2013-11-05 14:33:06','curl-job','1'),(6221,'Product_Details_SA.csv',650,'text/csv','2013-11-05 14:39:01','curl-job','2013-11-05 14:39:01','curl-job','1'),(6223,'Testing_Details_SA.csv',0,'text/csv','2013-11-05 14:39:01','curl-job','2013-11-05 14:39:01','curl-job','1'),(6225,'Company_Details_SA.csv',1184,'text/csv','2013-11-05 14:39:01','curl-job','2013-11-05 14:39:01','curl-job','1'),(6227,'Registered_Partner_Report_Weekly.csv',0,'text/csv','2013-11-05 14:39:01','curl-job','2013-11-05 14:39:01','curl-job','1'),(6229,'Product_Details_SA.csv',650,'text/csv','2013-11-05 15:04:23','curl-job','2013-11-05 15:04:23','curl-job','1'),(6231,'Testing_Details_SA.csv',0,'text/csv','2013-11-05 15:04:23','curl-job','2013-11-05 15:04:23','curl-job','1'),(6233,'Company_Details_SA.csv',1184,'text/csv','2013-11-05 15:04:23','curl-job','2013-11-05 15:04:23','curl-job','1'),(6235,'Registered_Partner_Report_Weekly.csv',0,'text/csv','2013-11-05 15:04:23','curl-job','2013-11-05 15:04:23','curl-job','1'),(6237,'Product_Details_SA.csv',650,'text/csv','2013-11-05 15:07:02','curl-job','2013-11-05 15:07:02','curl-job','1'),(6239,'Testing_Details_SA.csv',0,'text/csv','2013-11-05 15:07:02','curl-job','2013-11-05 15:07:02','curl-job','1'),(6241,'Company_Details_SA.csv',1184,'text/csv','2013-11-05 15:07:02','curl-job','2013-11-05 15:07:02','curl-job','1'),(6243,'Registered_Partner_Report_Weekly.csv',0,'text/csv','2013-11-05 15:07:02','curl-job','2013-11-05 15:07:02','curl-job','1'),(6245,'Product_Details_SA.csv',650,'text/csv','2013-11-05 15:10:01','curl-job','2013-11-05 15:10:01','curl-job','1'),(6247,'Testing_Details_SA.csv',0,'text/csv','2013-11-05 15:10:01','curl-job','2013-11-05 15:10:01','curl-job','1'),(6249,'Company_Details_SA.csv',1184,'text/csv','2013-11-05 15:10:01','curl-job','2013-11-05 15:10:01','curl-job','1'),(6251,'Registered_Partner_Report_Weekly.csv',0,'text/csv','2013-11-05 15:10:01','curl-job','2013-11-05 15:10:01','curl-job','1'),(6253,'Product_Details_SA.csv',650,'text/csv','2013-11-05 15:17:17','curl-job','2013-11-05 15:17:17','curl-job','1'),(6255,'Testing_Details_SA.csv',0,'text/csv','2013-11-05 15:17:17','curl-job','2013-11-05 15:17:17','curl-job','1'),(6257,'Company_Details_SA.csv',1184,'text/csv','2013-11-05 15:17:17','curl-job','2013-11-05 15:17:17','curl-job','1'),(6259,'Registered_Partner_Report_Weekly.csv',0,'text/csv','2013-11-05 15:17:17','curl-job','2013-11-05 15:17:17','curl-job','1'),(6261,'Product_Details_SA.csv',650,'text/csv','2013-11-05 15:22:43','curl-job','2013-11-05 15:22:43','curl-job','1'),(6263,'Testing_Details_SA.csv',0,'text/csv','2013-11-05 15:22:43','curl-job','2013-11-05 15:22:43','curl-job','1'),(6265,'Company_Details_SA.csv',1184,'text/csv','2013-11-05 15:22:43','curl-job','2013-11-05 15:22:43','curl-job','1'),(6267,'Registered_Partner_Report_Weekly.csv',0,'text/csv','2013-11-05 15:22:43','curl-job','2013-11-05 15:22:43','curl-job','1'),(6269,'Product_Details_SA.csv',650,'text/csv','2013-11-07 10:43:13','curl-job','2013-11-07 10:43:13','curl-job','1'),(6271,'Product_Details_SA.csv',650,'text/csv','2013-11-08 00:00:01','curl-job','2013-11-08 00:00:01','curl-job','1'),(6273,'Testing_Details_SA.csv',0,'text/csv','2013-11-08 00:00:01','curl-job','2013-11-08 00:00:01','curl-job','1'),(6275,'Company_Details_SA.csv',1184,'text/csv','2013-11-08 00:00:01','curl-job','2013-11-08 00:00:01','curl-job','1'),(6277,'Registered_Partner_Report_Weekly.csv',0,'text/csv','2013-11-08 00:00:01','curl-job','2013-11-08 00:00:01','curl-job','1'),(6279,'Product_Details_SA.csv',650,'text/csv','2013-11-08 11:15:21','curl-job','2013-11-08 11:15:21','curl-job','1'),(6281,'Testing_Details_SA.csv',0,'text/csv','2013-11-12 11:54:22','curl-job','2013-11-12 11:54:22','curl-job','1'),(6283,'Product_Details_SA.csv',650,'text/csv','2013-11-15 00:00:01','curl-job','2013-11-15 00:00:01','curl-job','1'),(6285,'Testing_Details_SA.csv',0,'text/csv','2013-11-15 00:00:01','curl-job','2013-11-15 00:00:01','curl-job','1'),(6287,'Company_Details_SA.csv',1184,'text/csv','2013-11-15 00:00:01','curl-job','2013-11-15 00:00:01','curl-job','1'),(6289,'Registered_Partner_Report_Weekly.csv',0,'text/csv','2013-11-15 00:00:01','curl-job','2013-11-15 00:00:01','curl-job','1'),(6291,'Product_Details_SA.csv',650,'text/csv','2013-11-22 00:00:01','curl-job','2013-11-22 00:00:01','curl-job','1'),(6293,'Testing_Details_SA.csv',0,'text/csv','2013-11-22 00:00:01','curl-job','2013-11-22 00:00:01','curl-job','1'),(6295,'Company_Details_SA.csv',1184,'text/csv','2013-11-22 00:00:01','curl-job','2013-11-22 00:00:01','curl-job','1'),(6297,'Registered_Partner_Report_Weekly.csv',0,'text/csv','2013-11-22 00:00:01','curl-job','2013-11-22 00:00:01','curl-job','1'),(6299,'Product_Details_SA.csv',650,'text/csv','2013-11-29 00:00:01','curl-job','2013-11-29 00:00:01','curl-job','1'),(6301,'Testing_Details_SA.csv',0,'text/csv','2013-11-29 00:00:01','curl-job','2013-11-29 00:00:01','curl-job','1'),(6303,'Company_Details_SA.csv',1184,'text/csv','2013-11-29 00:00:01','curl-job','2013-11-29 00:00:01','curl-job','1'),(6305,'Registered_Partner_Report_Weekly.csv',0,'text/csv','2013-11-29 00:00:01','curl-job','2013-11-29 00:00:01','curl-job','1'),(6307,'Registered_Partner_Report_Monthly.csv',1087,'text/csv','2013-12-01 00:00:01','curl-job','2013-12-01 00:00:01','curl-job','1'),(6309,'Product_Details_SA.csv',650,'text/csv','2013-12-06 00:00:01','curl-job','2013-12-06 00:00:01','curl-job','1'),(6311,'Testing_Details_SA.csv',0,'text/csv','2013-12-06 00:00:01','curl-job','2013-12-06 00:00:01','curl-job','1'),(6313,'Company_Details_SA.csv',1184,'text/csv','2013-12-06 00:00:01','curl-job','2013-12-06 00:00:01','curl-job','1'),(6315,'Registered_Partner_Report_Weekly.csv',0,'text/csv','2013-12-06 00:00:01','curl-job','2013-12-06 00:00:01','curl-job','1'),(6317,'Product_Details_SA.csv',650,'text/csv','2013-12-13 00:00:01','curl-job','2013-12-13 00:00:01','curl-job','1'),(6319,'Testing_Details_SA.csv',0,'text/csv','2013-12-13 00:00:01','curl-job','2013-12-13 00:00:01','curl-job','1'),(6321,'Company_Details_SA.csv',1389,'text/csv','2013-12-13 00:00:01','curl-job','2013-12-13 00:00:01','curl-job','1'),(6323,'Registered_Partner_Report_Weekly.csv',509,'text/csv','2013-12-13 00:00:01','curl-job','2013-12-13 00:00:01','curl-job','1'),(6325,'Product_Details_SA.csv',650,'text/csv','2013-12-20 00:00:01','curl-job','2013-12-20 00:00:01','curl-job','1'),(6327,'Testing_Details_SA.csv',0,'text/csv','2013-12-20 00:00:01','curl-job','2013-12-20 00:00:01','curl-job','1'),(6329,'Company_Details_SA.csv',1389,'text/csv','2013-12-20 00:00:01','curl-job','2013-12-20 00:00:01','curl-job','1'),(6331,'Registered_Partner_Report_Weekly.csv',0,'text/csv','2013-12-20 00:00:01','curl-job','2013-12-20 00:00:01','curl-job','1'),(6333,'Product_Details_SA.csv',650,'text/csv','2013-12-27 00:00:01','curl-job','2013-12-27 00:00:01','curl-job','1'),(6335,'Testing_Details_SA.csv',0,'text/csv','2013-12-27 00:00:01','curl-job','2013-12-27 00:00:01','curl-job','1'),(6337,'Company_Details_SA.csv',1389,'text/csv','2013-12-27 00:00:01','curl-job','2013-12-27 00:00:01','curl-job','1'),(6339,'Registered_Partner_Report_Weekly.csv',0,'text/csv','2013-12-27 00:00:01','curl-job','2013-12-27 00:00:01','curl-job','1'),(6341,'Registered_Partner_Report_Monthly.csv',1269,'text/csv','2014-01-01 00:00:01','curl-job','2014-01-01 00:00:01','curl-job','1'),(6343,'Product_Details_SA.csv',650,'text/csv','2014-01-03 00:00:01','curl-job','2014-01-03 00:00:01','curl-job','1'),(6345,'Testing_Details_SA.csv',0,'text/csv','2014-01-03 00:00:01','curl-job','2014-01-03 00:00:01','curl-job','1'),(6347,'Company_Details_SA.csv',1389,'text/csv','2014-01-03 00:00:01','curl-job','2014-01-03 00:00:01','curl-job','1'),(6349,'Registered_Partner_Report_Weekly.csv',0,'text/csv','2014-01-03 00:00:01','curl-job','2014-01-03 00:00:01','curl-job','1');

UNLOCK TABLES;

/*Table structure for table `vap_notif_ad_hoc_recipients` */

DROP TABLE IF EXISTS `vap_notif_ad_hoc_recipients`;

CREATE TABLE `vap_notif_ad_hoc_recipients` (
  `notification_id` int(11) unsigned default NULL,
  `email_address` varchar(100) character set latin1 default NULL,
  `created_date` datetime default NULL,
  `created_by` varchar(50) character set latin1 default NULL,
  `updated_date` datetime default NULL,
  `updated_by` varchar(50) character set latin1 default NULL,
  `is_active` varchar(1) character set latin1 default '1',
  KEY `fk_notification_recipients` (`notification_id`),
  CONSTRAINT `fk_notification_recipients` FOREIGN KEY (`notification_id`) REFERENCES `vap_notifications` (`notification_id`)
) ENGINE=InnoDB DEFAULT CHARSET=utf8;

/*Data for the table `vap_notif_ad_hoc_recipients` */

LOCK TABLES `vap_notif_ad_hoc_recipients` WRITE;

insert  into `vap_notif_ad_hoc_recipients`(`notification_id`,`email_address`,`created_date`,`created_by`,`updated_date`,`updated_by`,`is_active`) values (135,'hmehmood@netpace.com',NULL,NULL,NULL,NULL,'0'),(135,'Laiwah.Leung@VerizonWireless.com',NULL,NULL,NULL,NULL,'0'),(135,'Eugene.Young@VerizonWireless.com',NULL,NULL,NULL,NULL,'0'),(135,'hassanjdev@gmail.com',NULL,NULL,NULL,NULL,'0'),(135,'lwaleung@gmail.com',NULL,NULL,NULL,NULL,'0'),(135,'aadil@netpace.com',NULL,NULL,NULL,NULL,'0'),(135,'vdc.netpace@gmail.com',NULL,NULL,NULL,NULL,'0'),(135,'eyoung.vzw@gmail.com',NULL,NULL,NULL,NULL,'0'),(135,'smart.support@verizonwireless.com',NULL,NULL,NULL,NULL,'0'),(137,'hmehmood@netpace.com',NULL,NULL,NULL,NULL,'0'),(137,'Laiwah.Leung@VerizonWireless.com',NULL,NULL,NULL,NULL,'0'),(137,'Eugene.Young@VerizonWireless.com',NULL,NULL,NULL,NULL,'0'),(137,'hassanjdev@gmail.com',NULL,NULL,NULL,NULL,'0'),(137,'lwaleung@gmail.com',NULL,NULL,NULL,NULL,'0'),(137,'aadil@netpace.com',NULL,NULL,NULL,NULL,'0'),(137,'vdc.netpace@gmail.com',NULL,NULL,NULL,NULL,'0'),(137,'eyoung.vzw@gmail.com',NULL,NULL,NULL,NULL,'0'),(137,'smart.support@verizonwireless.com',NULL,NULL,NULL,NULL,'0'),(139,'hmehmood@netpace.com',NULL,NULL,NULL,NULL,'0'),(139,'Laiwah.Leung@VerizonWireless.com',NULL,NULL,NULL,NULL,'0'),(139,'Eugene.Young@VerizonWireless.com',NULL,NULL,NULL,NULL,'0'),(139,'hassanjdev@gmail.com',NULL,NULL,NULL,NULL,'0'),(139,'lwaleung@gmail.com',NULL,NULL,NULL,NULL,'0'),(139,'aadil@netpace.com',NULL,NULL,NULL,NULL,'0'),(139,'vdc.netpace@gmail.com',NULL,NULL,NULL,NULL,'0'),(139,'eyoung.vzw@gmail.com',NULL,NULL,NULL,NULL,'0'),(139,'smart.support@verizonwireless.com',NULL,NULL,NULL,NULL,'0'),(143,'hmehmood@netpace.com',NULL,NULL,NULL,NULL,'0'),(143,'Laiwah.Leung@VerizonWireless.com',NULL,NULL,NULL,NULL,'0'),(143,'Eugene.Young@VerizonWireless.com',NULL,NULL,NULL,NULL,'0'),(143,'hassanjdev@gmail.com',NULL,NULL,NULL,NULL,'0'),(143,'lwaleung@gmail.com',NULL,NULL,NULL,NULL,'0'),(143,'aadil@netpace.com',NULL,NULL,NULL,NULL,'0'),(143,'vdc.netpace@gmail.com',NULL,NULL,NULL,NULL,'0'),(143,'eyoung.vzw@gmail.com',NULL,NULL,NULL,NULL,'0'),(143,'smart.support@verizonwireless.com',NULL,NULL,NULL,NULL,'0'),(143,'margo.hammar@verizon.com',NULL,NULL,NULL,NULL,'0'),(141,'hmehmood@netpace.com',NULL,NULL,NULL,NULL,'0'),(141,'Laiwah.Leung@VerizonWireless.com',NULL,NULL,NULL,NULL,'0'),(141,'Eugene.Young@VerizonWireless.com',NULL,NULL,NULL,NULL,'0'),(141,'hassanjdev@gmail.com',NULL,NULL,NULL,NULL,'0'),(141,'lwaleung@gmail.com',NULL,NULL,NULL,NULL,'0'),(141,'aadil@netpace.com',NULL,NULL,NULL,NULL,'0'),(141,'vdc.netpace@gmail.com',NULL,NULL,NULL,NULL,'0'),(141,'eyoung.vzw@gmail.com',NULL,NULL,NULL,NULL,'0'),(141,'smart.support@verizonwireless.com',NULL,NULL,NULL,NULL,'0'),(141,'margo.hammar@verizon.com',NULL,NULL,NULL,NULL,'0'),(233,'smart.support@VerizonWireless.com',NULL,NULL,NULL,NULL,'0'),(233,'aadil@netpace.com',NULL,NULL,NULL,NULL,'0'),(233,'Eugene.Young@VerizonWireless.com',NULL,NULL,NULL,NULL,'0'),(233,'Laiwah.Leung@VerizonWireless.com',NULL,NULL,NULL,NULL,'0'),(27,'smart.support@verizonwireless.com',NULL,NULL,NULL,NULL,'0'),(14,'smart.support@verizonwireless.com',NULL,NULL,NULL,NULL,'0'),(8,'smart.support@verizonwireless.com',NULL,NULL,NULL,NULL,'0');

UNLOCK TABLES;

/*Table structure for table `vap_notification_optout` */

DROP TABLE IF EXISTS `vap_notification_optout`;

CREATE TABLE `vap_notification_optout` (
  `notification_id` int(11) unsigned NOT NULL,
  `user_id` int(11) unsigned NOT NULL,
  `created_date` datetime default NULL,
  `created_by` varchar(50) character set latin1 default NULL,
  `updated_date` datetime default NULL,
  `updated_by` varchar(50) character set latin1 default NULL,
  `is_active` varchar(1) character set latin1 default '1',
  `notification_optout_id` int(11) unsigned NOT NULL auto_increment,
  PRIMARY KEY  (`notification_optout_id`),
  KEY `FK_vap_notification_optout_vap_notifications` (`notification_id`),
  KEY `FK_vap_notification_optout_user` (`user_id`),
  CONSTRAINT `FK_vap_notification_optout_user` FOREIGN KEY (`user_id`) REFERENCES `vap_user` (`user_id`) ON DELETE CASCADE ON UPDATE CASCADE,
  CONSTRAINT `FK_vap_notification_optout_vap_notifications` FOREIGN KEY (`notification_id`) REFERENCES `vap_notifications` (`notification_id`) ON DELETE CASCADE ON UPDATE CASCADE
) ENGINE=InnoDB DEFAULT CHARSET=utf8;

/*Data for the table `vap_notification_optout` */

LOCK TABLES `vap_notification_optout` WRITE;

UNLOCK TABLES;

/*Table structure for table `vap_notification_roles` */

DROP TABLE IF EXISTS `vap_notification_roles`;

CREATE TABLE `vap_notification_roles` (
  `notification_id` int(11) unsigned NOT NULL default '0',
  `role_id` int(10) unsigned NOT NULL default '0',
  `created_date` datetime default NULL,
  `created_by` varchar(50) character set latin1 default NULL,
  `updated_date` datetime default NULL,
  `updated_by` varchar(50) character set latin1 default NULL,
  `is_active` varchar(1) character set latin1 default '1',
  PRIMARY KEY  (`notification_id`,`role_id`),
  KEY `fk_notification_roles_2` (`role_id`),
  CONSTRAINT `fk_notification_roles_1` FOREIGN KEY (`notification_id`) REFERENCES `vap_notifications` (`notification_id`),
  CONSTRAINT `fk_notification_roles_2` FOREIGN KEY (`role_id`) REFERENCES `vap_system_role` (`role_id`)
) ENGINE=InnoDB DEFAULT CHARSET=utf8;

/*Data for the table `vap_notification_roles` */

LOCK TABLES `vap_notification_roles` WRITE;

insert  into `vap_notification_roles`(`notification_id`,`role_id`,`created_date`,`created_by`,`updated_date`,`updated_by`,`is_active`) values (1,2,NULL,NULL,NULL,NULL,'0'),(6,2,NULL,NULL,NULL,NULL,'0'),(8,6,NULL,NULL,NULL,NULL,'0'),(9,2,NULL,NULL,NULL,NULL,'0'),(9,6,NULL,NULL,NULL,NULL,'0'),(11,2,NULL,NULL,NULL,NULL,'0'),(11,6,NULL,NULL,NULL,NULL,'0'),(13,6,NULL,NULL,NULL,NULL,'0'),(14,7,NULL,NULL,NULL,NULL,'0'),(15,2,NULL,NULL,NULL,NULL,'0'),(15,7,NULL,NULL,NULL,NULL,'0'),(17,2,NULL,NULL,NULL,NULL,'0'),(17,7,NULL,NULL,NULL,NULL,'0'),(19,2,NULL,NULL,NULL,NULL,'0'),(20,2,NULL,NULL,NULL,NULL,'0'),(25,2,NULL,NULL,NULL,NULL,'0'),(25,6,NULL,NULL,NULL,NULL,'0'),(26,2,NULL,NULL,NULL,NULL,'0'),(26,6,NULL,NULL,NULL,NULL,'0'),(27,2,NULL,NULL,NULL,NULL,'0'),(27,6,NULL,NULL,NULL,NULL,'0'),(38,2,NULL,NULL,NULL,NULL,'0'),(47,6,NULL,NULL,NULL,NULL,'0'),(49,2,NULL,NULL,NULL,NULL,'0'),(49,6,NULL,NULL,NULL,NULL,'0'),(53,2,NULL,NULL,NULL,NULL,'0'),(53,6,NULL,NULL,NULL,NULL,'0'),(59,8,NULL,NULL,NULL,NULL,'0'),(61,2,NULL,NULL,NULL,NULL,'0'),(61,8,NULL,NULL,NULL,NULL,'0'),(65,2,NULL,NULL,NULL,NULL,'0'),(65,8,NULL,NULL,NULL,NULL,'0'),(71,9,NULL,NULL,NULL,NULL,'0'),(73,2,NULL,NULL,NULL,NULL,'0'),(73,9,NULL,NULL,NULL,NULL,'0'),(77,2,NULL,NULL,NULL,NULL,'0'),(77,9,NULL,NULL,NULL,NULL,'0'),(81,2,NULL,NULL,NULL,NULL,'0'),(81,9,NULL,NULL,NULL,NULL,'0'),(95,10,NULL,NULL,NULL,NULL,'0'),(97,2,NULL,NULL,NULL,NULL,'0'),(97,10,NULL,NULL,NULL,NULL,'0'),(101,2,NULL,NULL,NULL,NULL,'0'),(101,10,NULL,NULL,NULL,NULL,'0'),(107,6,NULL,NULL,NULL,NULL,'0'),(109,2,NULL,NULL,NULL,NULL,'0'),(109,6,NULL,NULL,NULL,NULL,'0'),(113,2,NULL,NULL,NULL,NULL,'0'),(113,6,NULL,NULL,NULL,NULL,'0'),(119,2,NULL,NULL,NULL,NULL,'0'),(123,2,NULL,NULL,NULL,NULL,'0'),(127,2,NULL,NULL,NULL,NULL,'0'),(131,2,NULL,NULL,NULL,NULL,'0'),(153,2,NULL,NULL,NULL,NULL,'0'),(153,6,NULL,NULL,NULL,NULL,'0'),(165,1,NULL,NULL,NULL,NULL,'0'),(173,2,NULL,NULL,NULL,NULL,'0'),(175,2,NULL,NULL,NULL,NULL,'0'),(179,2,NULL,NULL,NULL,NULL,'0'),(181,9,NULL,NULL,NULL,NULL,'0'),(183,9,NULL,NULL,NULL,NULL,'0'),(233,5,NULL,NULL,NULL,NULL,'0'),(235,4,NULL,NULL,NULL,NULL,'0');

UNLOCK TABLES;

/*Table structure for table `vap_notifications` */

DROP TABLE IF EXISTS `vap_notifications`;

CREATE TABLE `vap_notifications` (
  `notification_id` int(11) unsigned NOT NULL auto_increment,
  `event_id` int(11) unsigned default NULL,
  `notification_title` varchar(200) character set latin1 default NULL,
  `notification_description` varchar(1000) character set latin1 default NULL,
  `email_text` varchar(5000) character set latin1 default NULL,
  `created_date` datetime default NULL,
  `created_by` varchar(50) character set latin1 default NULL,
  `updated_date` datetime default NULL,
  `updated_by` varchar(50) character set latin1 default NULL,
  `is_active` varchar(1) character set latin1 default '1',
  PRIMARY KEY  (`notification_id`),
  KEY `fk_event_notifications_2` (`event_id`),
  CONSTRAINT `fk_event_notifications_2` FOREIGN KEY (`event_id`) REFERENCES `vap_events` (`event_id`) ON DELETE NO ACTION ON UPDATE NO ACTION
) ENGINE=InnoDB AUTO_INCREMENT=236 DEFAULT CHARSET=utf8;

/*Data for the table `vap_notifications` */

LOCK TABLES `vap_notifications` WRITE;

insert  into `vap_notifications`(`notification_id`,`event_id`,`notification_title`,`notification_description`,`email_text`,`created_date`,`created_by`,`updated_date`,`updated_by`,`is_active`) values (1,1,'Verizon Smart Accessories Partner Portal: Registration Validation Link','Verizon Smart Accessories Partner Portal: Registration Validation Link','<div>\r\n	Please click the link below to complete your user registration on the Verizon Smart Accessories Partner Portal site:</div>\r\n<div>\r\n	&nbsp;</div>\r\n<div>\r\n	{ACTIVATION_LINK}</div>\r\n<div>\r\n	&nbsp;</div>\r\n<div>\r\n	If clicking the link above does not work, please copy and paste the URL in a new browser window instead.</div>\r\n<div>\r\n	&nbsp;</div>\r\n<div>\r\n	Sincerely,</div>\r\n<div>\r\n	The Verizon Smart Accessories Team</div>\r\n','2013-06-25 11:02:11','SYSTEM','2013-08-21 23:11:59','super.admin','1'),(2,2,'Verizon Smart Accessories Partner Portal: Password Assistance','Verizon Smart Accessories Partner Portal: Password Assistance','<div>\r\n	To reset the password for your account, please click the link below:</div>\r\n<div>\r\n	&nbsp;</div>\r\n<div>\r\n	{RESET_LINK}</div>\r\n<div>\r\n	&nbsp;</div>\r\n<div>\r\n	If clicking the link above does not work, please copy and paste the URL in a new browser window instead.</div>\r\n<div>\r\n	If you had not requested a password reset, you do not need to take any further action and can disregard this email.</div>\r\n<div>\r\n	&nbsp;</div>\r\n<div>\r\n	Sincerely,</div>\r\n<div>\r\n	The Verizon Smart Accessories Team</div>\r\n','2013-06-25 11:02:11','SYSTEM','2013-08-14 17:35:01','super.admin','1'),(6,6,'Verizon Smart Accessories Partner Portal: Partner Account Deleted','Verizon Smart Accessories Partner Portal: Partner Account Deleted','<p>\r\n	The account for {COMPANY_TITLE} on the Verizon Smart Accessories Partner Portal has been deleted on {DATE}.</p>\r\n<p>\r\n	If you have any questions, please contact the Verizon Smart Acessories Team.</p>\r\n<p>\r\n	&nbsp;</p>\r\n<p>\r\n	Sincerely,<br />\r\n	The Verizon Smart Accessories Team.</p>\r\n','2013-07-08 16:12:44','SYSTEM','2013-08-14 17:35:28','super.admin','1'),(8,8,'Verizon Smart Accessories Partner Portal: Partner Registration Pending Device Marketing Review','Verizon Smart Accessories Partner Portal: Partner Registration Pending Device Marketing Review','<p>\r\n	The registration request from {COMPANY_TITLE} to join the Verizon Smart Accessories Partner Portal is now ready for review by Device Marketing.</p>\r\n<p>\r\n	Please log into the portal to review.</p>\r\n','2013-07-16 15:07:41','SYSTEM','2013-12-11 13:24:43','super.admin','1'),(9,9,'Verizon Smart Accessories Partner Portal: Request for Information by Device Marketing','Verizon Smart Accessories Partner Portal: Request for Information by Device Marketing','<div>\r\n	Verizon Device Marketing is currently reviewing your partner registration request for {COMPANY_TITLE}.</div>\r\n<div>\r\n	Please provide additional information for the following:</div>\r\n<div>\r\n	&nbsp;</div>\r\n<div>\r\n	{USER_COMMENT}</div>\r\n<div>\r\n	&nbsp;</div>\r\n<div>\r\n	Please email your reply to <email.address> </email.address>smart.support@verizonwireless.com <email.address>at your earliest convenience. Review of your request will resume once we have received the requested information.</email.address></div>\r\n<div>\r\n	&nbsp;</div>\r\n<div>\r\n	Sincerely,</div>\r\n<div>\r\n	The Verizon Smart Accessories Team</div>\r\n','2013-07-16 15:07:41','SYSTEM','2013-08-27 10:41:02','super.admin','1'),(11,11,'Verizon Smart Accessories Partner Portal: Partner Registration Denied ','Verizon Smart Accessories Partner Portal: Partner Registration Denied ','<p>\r\n	We regret to inform you that your registration request for {COMPANY_TITLE} to join the Verizon Smart Accessories Partner has been rejected by Verizon for the following reason.</p>\r\n<p>\r\n	<br />\r\n	{USER_COMMENT}</p>\r\n<p>\r\n	<br />\r\n	If you have any questions, please contact us at smart.support@verizonwireless.com<email address=\"\">.</email></p>\r\n<p>\r\n	<br />\r\n	Sincerely,<br />\r\n	The Verizon Smart Accessories Team.</p>\r\n','2013-07-16 15:07:41','SYSTEM','2013-08-27 10:42:45','super.admin','1'),(13,13,'Verizon Smart Accessories Partner Portal: Device Marketing Review Completed','Verizon Smart Accessories Partner Portal: Device Marketing Review Completed','<div>\r\n	Verizon Device Marketing has completed their review of your request for {COMPANY_TITLE} to join the Smart Accessories Partner Portal.</div>\r\n<div>\r\n	&nbsp;</div>\r\n<div>\r\n	Your request is now under review by the Verizon Legal Team. You will be notified as the status of your request changes.</div>\r\n<div>\r\n	&nbsp;</div>\r\n<div>\r\n	Sincerely,</div>\r\n<div>\r\n	The Verizon Smart Accessories Team</div>\r\n','2013-07-16 15:07:41','SYSTEM','2013-08-14 17:33:51','super.admin','0'),(14,14,'Verizon Smart Accessories Partner Portal: Partner Registration Pending OFAC Review','Verizon Smart Accessories Partner Portal: Partner Registration Pending OFAC Review','<p>\r\n	The registration request from {COMPANY_TITLE} to join the Verizon Smart Accessories Partner Portal is pending OFAC approval. Please log into the portal to review.</p>\r\n','2013-07-16 15:07:41','SYSTEM','2013-12-11 13:24:28','super.admin','1'),(15,15,'Verizon Smart Accessories Partner Portal: Request for Information by OFAC Review','Verizon Smart Accessories Partner Portal: Request for Information by OFAC Review','<div>\r\n	Verizon Legal is currently reviewing your partner registration request for {COMPANY_TITLE}. Please provide additional information for the following:</div>\r\n<div>\r\n	&nbsp;</div>\r\n<div>\r\n	{USER_COMMENT}</div>\r\n<div>\r\n	&nbsp;</div>\r\n<div>\r\n	Please email your reply to smart.support@verizonwireless.com <email.address> at your earliest convenience. Review of your request will resume once we have received the requested information.</email.address></div>\r\n<div>\r\n	&nbsp;</div>\r\n<div>\r\n	Sincerely,</div>\r\n<div>\r\n	The Verizon Smart Accessories Team</div>\r\n','2013-07-16 15:07:41','SYSTEM','2013-08-27 10:45:46','super.admin','1'),(17,17,'Verizon Smart Accessories Partner Portal: Partner Account Suspended','Verizon Smart Accessories Partner Portal: Partner Account Suspended','<div>\r\n	The account for {COMPANY_TITLE} on the Verizon Smart Accessories Partner Portal has been suspended on {DATE} for the following reason.</div>\r\n<div>\r\n	&nbsp;</div>\r\n<div>\r\n	{USER_COMMENT}</div>\r\n<div>\r\n	&nbsp;</div>\r\n<div>\r\n	You and your account users will no longer be able to submit new products. If you have any questions, please contact us at smart.support@verizonwireless.com <email>.</email></div>\r\n<div>\r\n	&nbsp;</div>\r\n<div>\r\n	Sincerely,</div>\r\n<div>\r\n	The Verizon Smart Accessories Team</div>\r\n','2013-07-16 15:07:41','SYSTEM','2013-08-21 15:27:16','super.admin','1'),(19,19,'Verizon Smart Accessories Partner Portal: OFAC Review Completed','Verizon Smart Accessories Partner Portal: OFAC Review Completed','<p>\r\n	Verizon Legal has completed the OFAC review of your request for {COMPANY_TITLE} to join the Smart Accessories Partner Portal with the following comments.</p>\r\n<p>\r\n	<br />\r\n	{USER_COMMENT}</p>\r\n<p>\r\n	<br />\r\n	To complete the registration process, please log into the portal and go to your Worklist to complete the certification agreement review.</p>\r\n<p>\r\n	<br />\r\n	Sincerely,<br />\r\n	The Verizon Smart Accessories Team</p>\r\n','2013-07-16 15:07:41','SYSTEM','2013-08-21 14:36:41','super.admin','1'),(20,20,'Verizon Smart Accessories Partner Portal: Certification Agreement and NDA Review Pending','Verizon Smart Accessories Partner Portal: Certification Agreement and NDA Review Pending','<div>\r\n	The completion of the registration request for {COMPANY_TITLE} to join the Verizon Smart Accessories Partner Portal is pending your review and acceptance of the certification agreement. Please log into the portal to complete those sections.</div>\r\n<div>\r\n	&nbsp;</div>\r\n<div>\r\n	Sincerely,</div>\r\n<div>\r\n	The Verizon Smart Accessories Team</div>\r\n','2013-07-16 15:07:41','SYSTEM','2013-09-27 10:56:39','super.admin','1'),(25,25,'Verizon Smart Accessories Partner Portal: Offline Certification Agreement Approved','Verizon Smart Accessories Partner Portal: Offline Certification Agreement Approved','<div>\r\n	The offline certification agreement for {COMPANY_TITLE} has been uploaded to your account and approved on {DATE} with the following comments.</div>\r\n<div>\r\n	&nbsp;</div>\r\n<div>\r\n	{USER_COMMENT}</div>\r\n<div>\r\n	&nbsp;</div>\r\n<div>\r\n	If you have any questions, please contact smart.support@verizonwireless.com<email>.</email></div>\r\n<div>\r\n	&nbsp;</div>\r\n<div>\r\n	Sincerely,</div>\r\n<div>\r\n	The Verizon Smart Accessories Team</div>\r\n','2013-07-16 15:07:41','SYSTEM','2013-08-21 15:27:35','super.admin','1'),(26,26,'Verizon Smart Accessories Partner Portal: Offline Certification Agreement Rejected','Verizon Smart Accessories Partner Portal: Offline Certification Agreement Rejected','<div>\r\n	The offline certification agreement for {COMPANY_TITLE} has been rejected on {DATE} with the following comments.</div>\r\n<div>\r\n	&nbsp;</div>\r\n<div>\r\n	{USER_COMMENT}</div>\r\n<div>\r\n	&nbsp;</div>\r\n<div>\r\n	If you have any questions, please contact <email>us at </email>smart.support@verizonwireless.com<email> .</email></div>\r\n<div>\r\n	&nbsp;</div>\r\n<div>\r\n	Sincerely,</div>\r\n<div>\r\n	The Verizon Smart Accessories Team</div>\r\n','2013-07-16 15:07:41','SYSTEM','2013-08-21 15:27:50','super.admin','1'),(27,27,'Verizon Smart Accessories Partner Portal: Registration Approved','Verizon Smart Accessories Partner Portal: Registration Approved','<p>\r\n	Your request for {COMPANY_TITLE} to join the Verizon Smart Accessories Partner Portal has been approved on {DATE} .<br />\r\n	<br />\r\n	You can now log into the portal to submit products for review.</p>\r\n<p>\r\n	<br />\r\n	Sincerely,<br />\r\n	The Verizon Smart Accessories Team</p>\r\n','2013-07-16 15:07:41','SYSTEM','2013-12-11 13:24:03','super.admin','1'),(29,29,'Verizon Smart Accessories Partner Portal: Password Change Confirmation','Verizon Smart Accessories Partner Portal: Password Change Confirmation','<div>\r\n	The password for your VSAPP account was recently updated.&nbsp;</div>\r\n<div>\r\n	&nbsp;</div>\r\n<div>\r\n	If you had not requested this change, please log into your account and verify your information.</div>\r\n<div>\r\n	&nbsp;</div>\r\n<div>\r\n	Sincerely,</div>\r\n<div>\r\n	The Verizon Smart Accessories Team</div>\r\n','2013-07-16 15:07:41','SYSTEM','2013-08-27 10:51:20','super.admin','1'),(30,30,'Verizon Smart Accessories Partner Portal: Password Change Confirmation','Verizon Smart Accessories Partner Portal: Password Change Confirmation','<div>\r\n	The password for your VSAPP account was recently updated.&nbsp;</div>\r\n<div>\r\n	If you had not requested this change, please log into your account and verify your information.</div>\r\n<div>\r\n	&nbsp;</div>\r\n<div>\r\n	Sincerely,</div>\r\n<div>\r\n	The Verizon Smart Accessories Team</div>\r\n','2013-07-16 15:07:41','SYSTEM','2013-08-13 14:49:19','super.admin','1'),(38,38,'Verizon Smart Accessories Partner Portal: Product Deleted','Verizon Smart Accessories Partner Portal: Product Deleted','<p>\r\n	The product {PRODUCT_NAME} in the {COMPANY_TITLE} Account on the Verizon Smart Accessories Partner Portal has been deleted on {DATE}.</p>\r\n<p>\r\n	If you have any questions, please contact the Verizon Smart Acessories Team at smart.support@verizonwireless.com.</p>\r\n<p>\r\n	<br />\r\n	Sincerely,<br />\r\n	The Verizon Smart Accessories Team.</p>\r\n','2013-07-16 15:07:41','SYSTEM','2013-08-21 15:28:36','super.admin','1'),(47,44,'Verizon Smart Accessories Partner Portal: Device Marketing Review for Product Pending','Verizon Smart Accessories Partner Portal: Device Marketing Review for Product Pending','<p>\r\n	Product {PRODUCT_NAME} from {COMPANY_TITLE} is now ready for review by Device Marketing. Please log into the portal to review.</p>\r\n','2013-07-30 00:00:00','SYSTEM','2013-08-21 15:29:04','super.admin','1'),(49,45,'Verizon Smart Accessories Partner Portal: Product Approval RFI by Device Marketing','Verizon Smart Accessories Partner Portal: Product Approval RFI by Device Marketing','<p>\r\n	Verizon Device Marketing is currently reviewing your product submission for {PRODUCT_NAME}. Please provide additional information for the following:</p>\r\n<p>\r\n	<br />\r\n	{USER_COMMENT}</p>\r\n<p>\r\n	<br />\r\n	Please email your reply to smart.support@verizonwireless.com<email.address> at your earliest convenience. Review of your submission will resume once we have received the requested information.</email.address></p>\r\n<p>\r\n	&nbsp;</p>\r\n<p>\r\n	Sincerely,<br />\r\n	The Verizon Smart Accessories Team</p>\r\n','2013-07-30 00:00:00','SYSTEM','2013-08-21 15:29:39','super.admin','1'),(53,47,'Verizon Smart Accessories Partner Portal: Product Denied by Device Marketing','Verizon Smart Accessories Partner Portal: Product Denied by Device Marketing','<p>\r\n	We regret to inform you that your product submission for {PRODUCT_NAME} has been rejected by Verizon for the following reason.</p>\r\n<p>\r\n	<br />\r\n	{USER_COMMENT}</p>\r\n<p>\r\n	<br />\r\n	If you have any questions, please contact us at smart.support@verizonwireless.com <email address=\"\">.</email></p>\r\n<p>\r\n	<br />\r\n	Sincerely,<br />\r\n	The Verizon Smart Accessories Team.</p>\r\n','2013-07-30 00:00:00','SYSTEM','2013-08-21 15:29:58','super.admin','1'),(59,50,'Verizon Smart Accessories Partner Portal: Requirements Group Review for Product Pending','Verizon Smart Accessories Partner Portal: Requirements Group Review for Product Pending','<p>\r\n	Product {PRODUCT_NAME} from {COMPANY_DOMAIN} is now ready for review by Product Requirements. Please log into the portal to review.</p>\r\n','2013-07-30 00:00:00','SYSTEM','2013-08-13 14:06:32','super.admin','1'),(61,51,'Verizon Smart Accessories Partner Portal: Product Approval RFI by Requirements Group ','Verizon Smart Accessories Partner Portal: Product Approval RFI by Requirements Group ','<p>\r\n	Verizon Device Marketing is currently reviewing your product submission for {PRODUCT_NAME}. Please provide additional information for the following:</p>\r\n<p>\r\n	<br />\r\n	{USER_COMMENT}</p>\r\n<p>\r\n	<br />\r\n	Please email your reply to smart.support@verizonwireless.com at your earliest convenience. Review of your submission will resume once we have received the requested information.</p>\r\n<p>\r\n	<br />\r\n	Sincerely,<br />\r\n	The Verizon Smart Accessories Team</p>\r\n','2013-07-30 00:00:00','SYSTEM','2013-08-21 15:30:09','super.admin','1'),(65,53,'Verizon Smart Accessories Partner Portal: Product Denied by Requirements Group','Verizon Smart Accessories Partner Portal: Product Denied by Requirements Group','<p>\r\n	We regret to inform you that your product submission for {PRODUCT_NAME} has been rejected by Verizon for the following reason.</p>\r\n<p>\r\n	<br />\r\n	{USER_COMMENT}</p>\r\n<p>\r\n	<br />\r\n	If you have any questions, please contact us at smart.support@verizonwireless.com<email address=\"\">.</email></p>\r\n<p>\r\n	<br />\r\n	Sincerely,<br />\r\n	The Verizon Smart Accessories Team.<br />\r\n	&nbsp;</p>\r\n','2013-07-30 00:00:00','SYSTEM','2013-08-21 15:30:14','super.admin','1'),(71,56,'Verizon Smart Accessories Partner Portal: Device Compliance Review for Product Pending','Verizon Smart Accessories Partner Portal: Device Compliance Review for Product Pending','<p>\r\n	Product {PRODUCT_NAME} from {COMPANY_TITLE} is now ready for review by Device Compliance. Please log into the portal to review.</p>\r\n','2013-07-30 00:00:00','SYSTEM','2013-08-13 14:08:29','super.admin','1'),(73,57,'Verizon Smart Accessories Partner Portal: Product Approval RFI by Device Compliance','Verizon Smart Accessories Partner Portal: Product Approval RFI by Device Compliance','<p>\r\n	Verizon Device Compliance is currently reviewing your product submission for {PRODUCT_NAME}. Please provide additional information for the following:</p>\r\n<p>\r\n	<br />\r\n	{USER_COMMENT}</p>\r\n<p>\r\n	<br />\r\n	Please email your reply to smart.support@verizonwireless.com at your earliest convenience. Review of your submission will resume once we have received the requested information.</p>\r\n<p>\r\n	<br />\r\n	Sincerely,<br />\r\n	The Verizon Smart Accessories Team</p>\r\n','2013-07-30 00:00:00','SYSTEM','2013-08-21 15:30:24','super.admin','1'),(77,59,'Verizon Smart Accessories Partner Portal: Product Denied by Device Compliance','Verizon Smart Accessories Partner Portal: Product Denied by Device Compliance','<p>\r\n	We regret to inform you that your product submission for {PRODUCT_NAME} has been rejected by Verizon for the following reason.</p>\r\n<p>\r\n	<br />\r\n	{USER_COMMENT}</p>\r\n<p>\r\n	<br />\r\n	If you have any questions, please contact us at smart.support@verizonwireless.com <email address=\"\">.</email></p>\r\n<p>\r\n	<br />\r\n	Sincerely,<br />\r\n	The Verizon Smart Accessories Team.<br />\r\n	<br />\r\n	&nbsp;</p>\r\n','2013-07-30 00:00:00','SYSTEM','2013-08-21 15:30:29','super.admin','1'),(81,61,'Verizon Smart Accessories Partner Portal: Product Approved by Device Compliance - Start Testing','Verizon Smart Accessories Partner Portal: Product Approved by Device Compliance - Start Testing','<p>\r\n	Verizon Compliance has completed its initial review of your product {PRODUCT_NAME}. Please proceed with product testing by contacting the testing company directly.</p>\r\n<p>\r\n	<br />\r\n	Sincerely,<br />\r\n	The Verizon Smart Accessories Team</p>\r\n','2013-07-30 00:00:00','SYSTEM','2013-08-13 11:47:42','super.admin','1'),(95,68,'Verizon Smart Accessories Partner Portal: Export Compliance Review for Product','Verizon Smart Accessories Partner Portal: Export Compliance Review for Product','<p>\r\n	Product {PRODUCT_NAME} from {COMPANY_TITLE} is now ready for review by Export Compliance. Please log into the portal to review.</p>\r\n','2013-07-30 00:00:00','SYSTEM','2013-08-13 14:11:08','super.admin','1'),(97,69,'Verizon Smart Accessories Partner Portal: Product Approval RFI by Export Compliance','Verizon Smart Accessories Partner Portal: Product Approval RFI by Export Compliance','<p>\r\n	Verizon Export Compliance is currently reviewing your product submission for {PRODUCT_NAME}. Please provide additional information for the following:</p>\r\n<p>\r\n	<br />\r\n	{USER_COMMENT}</p>\r\n<p>\r\n	<br />\r\n	Please email your reply to smart.support@verizonwireless.com at your earliest convenience. Review of your submission will resume once we have received the requested information.</p>\r\n<p>\r\n	<br />\r\n	Sincerely,<br />\r\n	The Verizon Smart Accessories Team</p>\r\n','2013-07-30 00:00:00','SYSTEM','2013-08-21 15:31:00','super.admin','1'),(101,71,'Verizon Smart Accessories Partner Portal: Product Denied by Export Compliance','Verizon Smart Accessories Partner Portal: Product Denied by Export Compliance','<p>\r\n	We regret to inform you that your product submission for {PRODUCT_NAME} to the Verizon Smart Accessories Partner Portal has been rejected by Verizon for the&nbsp; the following reason.</p>\r\n<p>\r\n	<br />\r\n	{USER_COMMENT}</p>\r\n<p>\r\n	<br />\r\n	If you have any questions, please contact us at smart.support@verizonwireless.com .</p>\r\n<p>\r\n	<br />\r\n	Sincerely,<br />\r\n	The Verizon Smart Accessories Team.</p>\r\n','2013-07-30 00:00:00','SYSTEM','2013-08-23 13:39:45','super.admin','1'),(107,74,'Verizon Smart Accessories Partner Portal: Device Marketing Review for Product Pending - Final Review','Verizon Smart Accessories Partner Portal: Device Marketing Review for Product Pending - Final Review','<p>\r\n	Product {PRODUCT_NAME} from {COMPANY_TITLE} is now ready for final review by Device Marketing. Please log into the portal to review.</p>\r\n','2013-07-30 00:00:00','SYSTEM','2013-08-13 14:16:42','super.admin','1'),(109,75,'Verizon Smart Accessories Partner Portal: Product Approval RFI by Device Marketing - Final Review','Verizon Smart Accessories Partner Portal: Product Approval RFI by Device Marketing - Final Review','<p>\r\n	Verizon Device Marketing is currently reviewing your product submission for {PRODUCT_NAME}. Please provide additional information for the following:</p>\r\n<p>\r\n	<br />\r\n	{USER_COMMENT}</p>\r\n<p>\r\n	<br />\r\n	Please email your reply to smart.support@verizonwireless.com <email.address> at your earliest convenience. Review of your submission will resume once we have received the requested information.</email.address></p>\r\n<p>\r\n	<br />\r\n	Sincerely,<br />\r\n	The Verizon Smart Accessories Team</p>\r\n','2013-07-30 00:00:00','SYSTEM','2013-08-21 15:31:30','super.admin','1'),(113,77,'Verizon Smart Accessories Partner Portal: Product Denied by Device Marketing - Final Review','Verizon Smart Accessories Partner Portal: Product Denied by Device Marketing - Final Review','<p>\r\n	We regret to inform you that your product submission for {PRODUCT_NAME} has been rejected by Verizon for the following reason.</p>\r\n<p>\r\n	<br />\r\n	{USER_COMMENT}</p>\r\n<p>\r\n	<br />\r\n	If you have any questions, please contact us at smart.support@verizonwireless.com <email address=\"\">.</email></p>\r\n<p>\r\n	<br />\r\n	Sincerely,<br />\r\n	The Verizon Smart Accessories Team.</p>\r\n','2013-07-30 00:00:00','SYSTEM','2013-08-23 01:06:07','super.admin','1'),(119,80,'Verizon Smart Accessories Partner Portal: Concept Approved','Verizon Smart Accessories Partner Portal: Concept Approved','<p>\r\n	Your product concept submission for {PRODUCT_NAME} has been approved by Verizon Device Marketing. When your product is ready for further review and certification, please log into the portal to upload the relevant information.</p>\r\n<p>\r\n	<br />\r\n	Sincerely,<br />\r\n	The Verizon Smart Accessories Team</p>\r\n','2013-07-30 00:00:00','SYSTEM','2013-08-13 12:13:28','super.admin','1'),(123,82,'Verizon Smart Accessories Partner Portal: Product Information Submission Pending','Verizon Smart Accessories Partner Portal: Product Information Submission Pending','<p>\r\n	The review of your submitted product {PRODUCT_NAME} is pending the upload of additional product information. Please log into the portal to provide the information.</p>\r\n<p>\r\n	<br />\r\n	Sincerely,<br />\r\n	The Verizon Smart Accessories Team</p>\r\n','2013-07-30 00:00:00','SYSTEM','2013-08-13 13:12:34','super.admin','1'),(127,84,'Verizon Smart Accessories Partner Portal: Product Export Compliance Information Submission Pending','Verizon Smart Accessories Partner Portal: Product Export Compliance Information Submission Pending','<p>\r\n	The review of your submitted product {PRODUCT_NAME} is pending the product&#39;s export compliance information. Please log into the portal to provide the information.</p>\r\n<p>\r\n	<br />\r\n	Sincerely,<br />\r\n	The Verizon Smart Accessories Team</p>\r\n','2013-07-30 00:00:00','SYSTEM','2013-08-13 13:15:37','super.admin','1'),(131,86,'Verizon Smart Accessories Partner Portal: Upload of Sample Product PDF Pending','Verizon Smart Accessories Partner Portal: Upload of Sample Product PDF Pending','<p>\r\n	The review of your submitted product {PRODUCT_NAME} is pending PDF for your final product. Please log into the portal to upload the information.</p>\r\n<p>\r\n	<br />\r\n	Sincerely,<br />\r\n	The Verizon Smart Accessories Team</p>\r\n','2013-07-30 00:00:00','SYSTEM','2013-08-13 13:16:20','super.admin','1'),(135,39,'Products Detail Report is now available','Products Detail Report is now available','<p>\r\n	The Products Detail Report is now available. Please click on the following link and log in to the portal to access the report.</p>\r\n<p>\r\n	{REPORT_DOWNLOAD_LINK}</p>\r\n','2013-08-01 08:19:42','super.admin','2013-11-08 11:08:22','super.admin','1'),(137,40,'Product Testing Detail Report is now available','Product Testing Detail Report is now available','<p>\r\n	The Product Testing Detail Report&nbsp;is now available. Please click on the following link and log in to the portal to access the report.</p>\r\n<p>\r\n	{REPORT_DOWNLOAD_LINK}</p>\r\n','2013-08-02 08:06:53','super.admin','2013-11-08 11:08:26','super.admin','1'),(139,41,'Company Detail Report is now available','Company Detail Report is now available','<p>\r\n	The Company Detail Report&nbsp;&nbsp;is now available. Please click on the following link and log in to the portal to access the report.</p>\r\n<p>\r\n	{REPORT_DOWNLOAD_LINK}</p>\r\n','2013-08-02 08:07:21','super.admin','2013-11-08 11:08:30','super.admin','1'),(141,42,'Developers Weekly Report is now available','Developers Weekly Report is now available','<p>\r\n	The Developers Weekly Report is now available. Please click on the following link and log in to the portal to access the report.</p>\r\n<p>\r\n	{REPORT_DOWNLOAD_LINK}</p>\r\n','2013-08-02 08:07:54','super.admin','2013-11-08 11:08:58','super.admin','1'),(143,43,'Developers Monthly Report is now available','Developers Monthly Report is now available','<p>\r\n	The Developers Monthly Report is now available. Please click on the following link and log in to the portal to access the report.</p>\r\n<p>\r\n	{REPORT_DOWNLOAD_LINK}</p>\r\n','2013-08-02 08:08:15','super.admin','2013-11-08 11:08:47','super.admin','1'),(153,89,'Verizon Smart Accessories Partner Portal: Product Approved','Verizon Smart Accessories Partner Portal: Product Approved','<p>\r\n	We are happy to inform you that your product {PRODUCT_NAME} has been approved by the Verizon Smart Accessories Team.&nbsp; We will be in contact with you shortly to discuss the options to add the &ldquo;Verizon Ready&rdquo; Smart Accessory branding to your product..&nbsp;</p>\r\n<p>\r\n	<eugene have=\"\" info=\"\" next=\"\" regarding=\"\" steps=\"\" supply=\"\" to=\"\" will=\"\"></eugene></p>\r\n<p>\r\n	<br />\r\n	Sincerely,<br />\r\n	The Verizon Smart Accessories Team</p>\r\n<p>\r\n	&nbsp;</p>\r\n<p>\r\n	&nbsp;</p>\r\n','2013-08-06 02:23:22','super.admin','2013-08-23 13:30:44','super.admin','1'),(159,31,'Verizon Smart Accessories Partner Portal: Username Change Confirmation','Verizon Smart Accessories Partner Portal: Username Change Confirmation','<p>\r\n	Your User Name for the VSAPP platform has been updated to {USERNAME}.</p>\r\n<p>\r\n	<br />\r\n	If you had not requested this change, please log into your account and verify your information.</p>\r\n<div>\r\n	&nbsp;</div>\r\n<div>\r\n	Sincerely,</div>\r\n<div>\r\n	The Verizon Smart Accessories Team</div>\r\n','2013-08-13 14:50:24','super.admin','2013-08-27 10:54:49','super.admin','1'),(161,4,'Verizon Smart Accessories Partner Portal: Invitation to Join','Verizon Smart Accessories Partner Portal: Invitation to Join','<div>\r\n	You have been invited by {INVITEE_FULLNAME} to join the Verizon Smart Accessories Partner Portal. Please click the link below to complete your registration.</div>\r\n<div>\r\n	&nbsp;</div>\r\n<div>\r\n	{INVITATION_LINK}</div>\r\n<div>\r\n	&nbsp;</div>\r\n<div>\r\n	If clicking the link above does not work, please copy and paste the URL in a new browser window instead.</div>\r\n<div>\r\n	&nbsp;</div>\r\n<div>\r\n	Sincerely,</div>\r\n<div>\r\n	The Verizon Smart Accesories Team</div>\r\n','2013-08-14 15:59:24','super.admin','2013-08-14 22:39:18','super.admin','1'),(163,5,'Verizon Smart Accessories Partner Portal: Invitation to Join','Verizon Smart Accessories Partner Portal: Invitation to Join','<div>\r\n	You have been invited by {INVITEE_FULLNAME} to join the Verizon Smart Accessories Partner Portal. Please click the link below to complete your registration.</div>\r\n<div>\r\n	&nbsp;</div>\r\n<div>\r\n	{INVITATION_LINK}</div>\r\n<div>\r\n	&nbsp;</div>\r\n<div>\r\n	If clicking the link above does not work, please copy and paste the URL in a new browser window instead.</div>\r\n<div>\r\n	&nbsp;</div>\r\n<div>\r\n	Sincerely,</div>\r\n<div>\r\n	The Verizon Smart Accesories Team</div>\r\n','2013-08-14 15:59:29','super.admin','2013-08-14 23:28:35','super.admin','1'),(165,33,'Verizon Smart Accessories Partner Portal: User Request to Join Company Account','Verizon Smart Accessories Partner Portal: User Request to Join Company Account','<div>\r\n	{REQUESTING_USER_FULLNAME} has requested to join {COMPANY_TITLE} on {DATE}. Please go to the Verizon Smart Accessories Partner Portal to access the Manage Users Section. You will then be able to accept or reject this request.</div>\r\n<div>\r\n	&nbsp;</div>\r\n<div>\r\n	Sincerely,</div>\r\n<div>\r\n	The Verizon Smart Accessories Team</div>\r\n','2013-08-14 16:00:41','super.admin','2013-08-21 14:49:01','super.admin','1'),(167,34,'Verizon Smart Accessories Partner Portal: User Request to Join Company Account Accepted','Verizon Smart Accessories Partner Portal: User Request to Join Company Account Accepted','<div>\r\n	{REQUESTING_USER_FULLNAME} has been approved to join {COMPANY_TITLE} on {DATE}. Please go to the Verizon Smart Accessories Partner Portal to submit products or review company information.</div>\r\n<div>\r\n	&nbsp;</div>\r\n<div>\r\n	Sincerely,</div>\r\n<div>\r\n	The Verizon Smart Accessories Team</div>\r\n','2013-08-14 16:02:12','super.admin','2013-08-20 13:27:20','verizonuatpartner','1'),(169,3,'Verizon Smart Accessories Partner Portal: Username Change Assistance','Verizon Smart Accessories Partner Portal: Username Change Assistance','<p>\r\n	Your User Name for the VSAPP platform is &quot;{USERNAME}&quot;.</p>\r\n<p>\r\n	<br />\r\n	If you had not requested help with your username, please log into your account and verify your information.</p>\r\n<p>\r\n	<br />\r\n	Sincerely,<br />\r\n	The Verizon Smart Accessories Team</p>\r\n','2013-08-15 10:44:38','super.admin','2013-08-23 10:34:51','super.admin','1'),(173,88,'Verizon Smart Accessories Partner Portal: User Request to Join Company Account Denied','Verizon Smart Accessories Partner Portal: User Request to Join Company Account Denied','<div>\r\n	{REJECTING_USER_FULLNAME}&#39;s request to join {COMPANY_TITLE}&#39;s&nbsp; Smart Accessories Partner Portal Account has been rejected.</div>\r\n<div>\r\n	<br />\r\n	Sincerely,<br />\r\n	The Verizon Smart Accessories Team</div>\r\n','2013-08-19 03:26:55','super.admin','2013-08-27 10:59:27','super.admin','1'),(174,90,'Exception email sent','Exception email sent','<p>{EXCEPTION_STACK_TRACE}</p>','2013-09-17 15:10:54','SYSTEM','2013-09-17 15:10:54','SYSTEM','1'),(175,46,'Verizon Smart Accessories Partner Portal: Product Approval UNRFI by Device Marketing','Verizon Smart Accessories Partner Portal: Product Approval UNRFI by Device Marketing','<p>\r\n	Verizon Device Marketing is currently reviewing your product submission for {PRODUCT_NAME}. Please provide additional information for the following:</p>\r\n<p>\r\n	<br />\r\n	{USER_COMMENT}</p>\r\n<p>\r\n	<br />\r\n	Please email your reply to smart.support@verizonwireless.com at your earliest convenience. Review of your submission will resume once we have received the requested information.</p>\r\n<p>\r\n	&nbsp;</p>\r\n<p>\r\n	Sincerely,<br />\r\n	The Verizon Smart Accessories Team</p>\r\n','2013-08-20 03:50:16','super.admin','2013-08-21 15:33:47','super.admin','1'),(179,18,'Verizon Smart Accessories Partner Portal: Partner Account Unsuspended','Verizon Smart Accessories Partner Portal: Partner Account Unsuspended','<p>\r\n	The previously suspended account for {COMPANY_TITLE}on the Verizon Smart Accessories Partner Portal has been restored on {DATE} for the following reason.</p>\r\n<p>\r\n	<br />\r\n	{USER_COMMENT}</p>\r\n<p>\r\n	<br />\r\n	You and your account users can now resume new product submissions to the portal. If you have any questions, please contact us at smart.support@verizonwireless.com <email>.</email></p>\r\n<p>\r\n	<br />\r\n	Sincerely,<br />\r\n	The Verizon Smart Accessories Team</p>\r\n','2013-08-21 14:34:37','super.admin','2013-08-21 15:33:54','super.admin','1'),(181,63,'Verizon Smart Accessories Partner Portal: Product Approval RFI by Device Compliance - Post Testing','Verizon Smart Accessories Partner Portal: Product Approval RFI by Device Compliance - Post Testing','<p>\r\n	Verizon Device Compliance is currently reviewing your product submission for {PRODUCT_NAME}. Please provide additional information for the following:</p>\r\n<p>\r\n	<br />\r\n	{USER_COMMENT}</p>\r\n<p>\r\n	<br />\r\n	Please email your reply to smart.support@verizonwireless.com <email.address> at your earliest convenience. Review of your submission will resume once we have received the requested information.</email.address></p>\r\n<p>\r\n	<br />\r\n	Sincerely,<br />\r\n	The Verizon Smart Accessories Team</p>\r\n','2013-08-21 15:20:49','super.admin','2013-08-21 15:34:12','super.admin','1'),(183,65,'Verizon Smart Accessories Partner Portal: Product Denied by Device Compliance - Post Testing','Verizon Smart Accessories Partner Portal: Product Denied by Device Compliance - Post Testing','<p>\r\n	We regret to inform you that your product submission for {PRODUCT_NAME} has been rejected by Verizon for the following reason.</p>\r\n<p>\r\n	<br />\r\n	{USER_COMMENT}</p>\r\n<p>\r\n	<br />\r\n	If you have any questions, please contact us at smart.support@verizonwireless.com<email address=\"\">.</email></p>\r\n<p>\r\n	<br />\r\n	Sincerely,<br />\r\n	The Verizon Smart Accessories Team.</p>\r\n','2013-08-21 15:21:52','super.admin','2013-08-21 15:34:18','super.admin','1'),(233,91,'Verizon Smart Accessories Partner Portal Pending Work items','Verizon Smart Accessories Partner Portal Pending Work items\r\n','<p>\r\n	Verizon Smart Accessories Partner Portal Pending Workitems</p>\r\n<p>\r\n	{WORKITEMS_LIST}</p>\r\n','2013-11-05 09:57:14','super.admin','2013-11-18 11:03:00','super.admin','1'),(235,91,'Verizon Smart Accessories Partner Portal Pending Work items','Verizon Smart Accessories Partner Portal Pending Work items','<div>\r\n	Verizon Smart Accessories Partner Portal Pending Workitems</div>\r\n<div>\r\n	&nbsp;</div>\r\n<div>\r\n	{WORKITEMS_LIST}</div>\r\n','2013-11-19 10:47:47','super.admin','2013-11-19 10:47:47','super.admin','1');

UNLOCK TABLES;

/*Table structure for table `vap_place_holders` */

DROP TABLE IF EXISTS `vap_place_holders`;

CREATE TABLE `vap_place_holders` (
  `place_holder_id` int(11) unsigned NOT NULL auto_increment,
  `place_holder_display_name` varchar(200) character set latin1 default NULL,
  `created_date` datetime default NULL,
  `created_by` varchar(50) character set latin1 default NULL,
  `updated_date` datetime default NULL,
  `updated_by` varchar(50) character set latin1 default NULL,
  `is_active` varchar(1) character set latin1 default '1',
  PRIMARY KEY  (`place_holder_id`)
) ENGINE=InnoDB AUTO_INCREMENT=22 DEFAULT CHARSET=utf8;

/*Data for the table `vap_place_holders` */

LOCK TABLES `vap_place_holders` WRITE;

insert  into `vap_place_holders`(`place_holder_id`,`place_holder_display_name`,`created_date`,`created_by`,`updated_date`,`updated_by`,`is_active`) values (1,'ACTIVATION_LINK','2013-06-25 11:02:11','SYSTEM','2013-06-25 11:02:11','SYSTEM','1'),(2,'COMPANY_DOMAIN','2013-06-25 11:02:11','SYSTEM','2013-06-25 11:02:11','SYSTEM','1'),(3,'FULL_NAME','2013-06-25 11:02:11','SYSTEM','2013-06-25 11:02:11','SYSTEM','1'),(4,'DATE','2013-06-25 11:02:11','SYSTEM','2013-06-25 11:02:11','SYSTEM','1'),(5,'RESET_LINK','2013-06-25 11:02:11','SYSTEM','2013-06-25 11:02:11','SYSTEM','1'),(6,'USERNAME','2013-06-25 11:02:11','SYSTEM','2013-06-25 11:02:11','SYSTEM','1'),(7,'INVITATION_LINK','2013-06-25 11:02:11','SYSTEM','2013-06-25 11:02:11','SYSTEM','1'),(8,'COMPANY_TITLE','2013-06-25 11:02:11','SYSTEM','2013-06-25 11:02:11','SYSTEM','1'),(9,'INVITEE_FULLNAME','2013-06-25 11:02:11','SYSTEM','2013-06-25 11:02:11','SYSTEM','1'),(10,'USER_COMMENT','2013-07-16 14:28:19','SYSTEM','2013-07-16 14:28:21','SYSTEM','1'),(11,'INVITED_USER_FULLNAME','2013-07-16 14:28:19','SYSTEM','2013-07-16 14:28:21','SYSTEM','1'),(12,'UPDATED_BY','2013-07-16 14:28:19','SYSTEM','2013-07-16 14:28:21','SYSTEM','1'),(13,'REQUESTING_USER_FULLNAME','2013-07-16 14:28:19','SYSTEM','2013-07-16 14:28:21','SYSTEM','1'),(14,'ACCEPTING_USER_FULLNAME','2013-07-16 14:28:19','SYSTEM','2013-07-16 14:28:21','SYSTEM','1'),(15,'REPORT_DOWNLOAD_LINK','2013-07-30 00:00:00','SYSTEM','2013-07-30 00:00:00','SYSTEM','1'),(16,'PRODUCT_NAME','2013-07-30 00:00:00','SYSTEM','2013-07-30 00:00:00','SYSTEM','1'),(17,'REJECTING_USER_FULLNAME','2013-08-16 16:48:36','SYSTEM','2013-08-16 16:48:36','SYSTEM','1'),(18,'EXCEPTION_STACK_TRACE','2013-09-17 15:10:54','SYSTEM','2013-09-17 15:10:54','SYSTEM','1'),(19,'WORKFLOW_STEP','2013-09-17 15:10:48','SYSTEM','2013-09-17 15:10:48','SYSTEM','1'),(20,'WORKITEM_START_DATE','2013-09-17 15:10:48','SYSTEM','2013-09-17 15:10:48','SYSTEM','1'),(21,'WORKITEMS_LIST','2013-09-17 15:11:00','SYSTEM','2013-09-17 15:11:00','SYSTEM','1');

UNLOCK TABLES;

/*Table structure for table `vap_product_attachments` */

DROP TABLE IF EXISTS `vap_product_attachments`;

CREATE TABLE `vap_product_attachments` (
  `attachment_id` int(11) unsigned NOT NULL auto_increment,
  `file_field_name` varchar(250) character set latin1 default NULL,
  `product_id` int(11) unsigned default NULL,
  `media_id` int(11) unsigned default NULL,
  `created_date` datetime default NULL,
  `created_by` varchar(50) character set latin1 default NULL,
  `updated_date` datetime default NULL,
  `updated_by` varchar(50) character set latin1 default NULL,
  `is_active` varchar(1) character set latin1 default NULL,
  `tab` int(11) default NULL,
  PRIMARY KEY  (`attachment_id`),
  KEY `FK_PRODUCT_ATTACHMED` (`product_id`),
  KEY `FK_MEDIA` (`media_id`),
  CONSTRAINT `FK_MEDIA` FOREIGN KEY (`media_id`) REFERENCES `vap_media` (`media_id`),
  CONSTRAINT `FK_PRODUCT_ATTACHMED` FOREIGN KEY (`product_id`) REFERENCES `vap_products` (`product_id`)
) ENGINE=InnoDB AUTO_INCREMENT=4826 DEFAULT CHARSET=utf8;

/*Data for the table `vap_product_attachments` */

LOCK TABLES `vap_product_attachments` WRITE;

insert  into `vap_product_attachments`(`attachment_id`,`file_field_name`,`product_id`,`media_id`,`created_date`,`created_by`,`updated_date`,`updated_by`,`is_active`,`tab`) values (4813,'out_front_view',515,6169,'2013-10-11 08:12:55','eugene.ovi','2013-10-11 08:12:55','eugene.ovi','1',1),(4815,'out_angeled_view',515,6171,'2013-10-11 08:12:55','eugene.ovi','2013-10-11 08:12:55','eugene.ovi','1',1),(4817,'in_front_view',515,6173,'2013-10-11 08:12:55','eugene.ovi','2013-10-11 08:12:55','eugene.ovi','1',1),(4819,'in_angeled_view',515,6175,'2013-10-11 08:12:55','eugene.ovi','2013-10-11 08:12:55','eugene.ovi','1',1),(4821,'tablet_splash_screen',515,6179,'2013-10-11 08:12:55','eugene.ovi','2013-10-11 08:12:55','eugene.ovi','1',1),(4823,'application_icon',515,6177,'2013-10-11 08:12:55','eugene.ovi','2013-10-11 08:12:55','eugene.ovi','1',1),(4825,'product_video',515,6181,'2013-10-11 08:12:55','eugene.ovi','2013-10-11 08:12:55','eugene.ovi','1',1);

UNLOCK TABLES;

/*Table structure for table `vap_product_process_info` */

DROP TABLE IF EXISTS `vap_product_process_info`;

CREATE TABLE `vap_product_process_info` (
  `process_id` int(11) unsigned NOT NULL auto_increment,
  `ring_association` varchar(10) character set latin1 default NULL,
  `eccn` varchar(100) character set latin1 default NULL,
  `ccats` varchar(100) character set latin1 default NULL,
  `created_date` datetime default NULL,
  `created_by` varchar(50) character set latin1 default NULL,
  `updated_date` datetime default NULL,
  `updated_by` varchar(50) character set latin1 default NULL,
  `is_active` varchar(1) character set latin1 default '1',
  `agreement_accept_title` varchar(50) character set latin1 default NULL,
  `device_marketing_input_status` varchar(25) character set latin1 default NULL,
  `product_info_input_status` varchar(45) character set latin1 default NULL,
  `export_compliance_input_status` varchar(45) character set latin1 default NULL,
  `upload_pdf_input_status` varchar(45) character set latin1 default NULL,
  PRIMARY KEY  (`process_id`)
) ENGINE=InnoDB AUTO_INCREMENT=566 DEFAULT CHARSET=utf8;

/*Data for the table `vap_product_process_info` */

LOCK TABLES `vap_product_process_info` WRITE;

insert  into `vap_product_process_info`(`process_id`,`ring_association`,`eccn`,`ccats`,`created_date`,`created_by`,`updated_date`,`updated_by`,`is_active`,`agreement_accept_title`,`device_marketing_input_status`,`product_info_input_status`,`export_compliance_input_status`,`upload_pdf_input_status`) values (565,'Ring 3',NULL,NULL,NULL,NULL,'2013-10-11 08:15:39','youngeu','0',NULL,'PROCESSED','NOT_PROCESSED','NOT_PROCESSED',NULL);

UNLOCK TABLES;

/*Table structure for table `vap_product_supported_device` */

DROP TABLE IF EXISTS `vap_product_supported_device`;

CREATE TABLE `vap_product_supported_device` (
  `device_id` int(11) unsigned NOT NULL auto_increment,
  `product_id` int(11) unsigned default NULL,
  `device_name` varchar(100) character set latin1 default NULL,
  `created_date` datetime default NULL,
  `created_by` varchar(50) character set latin1 default NULL,
  `updated_date` datetime default NULL,
  `updated_by` varchar(50) character set latin1 default NULL,
  `is_active` varchar(1) character set latin1 default '1',
  PRIMARY KEY  (`device_id`),
  KEY `FK_PRODUCTS_SUPPORTED_DEVICE` (`product_id`),
  CONSTRAINT `FK_PRODUCTS_SUPPORTED_DEVICE` FOREIGN KEY (`product_id`) REFERENCES `vap_products` (`product_id`)
) ENGINE=InnoDB AUTO_INCREMENT=206 DEFAULT CHARSET=utf8;

/*Data for the table `vap_product_supported_device` */

LOCK TABLES `vap_product_supported_device` WRITE;

insert  into `vap_product_supported_device`(`device_id`,`product_id`,`device_name`,`created_date`,`created_by`,`updated_date`,`updated_by`,`is_active`) values (205,515,'Tablet',NULL,NULL,NULL,NULL,'0');

UNLOCK TABLES;

/*Table structure for table `vap_products` */

DROP TABLE IF EXISTS `vap_products`;

CREATE TABLE `vap_products` (
  `product_id` int(11) unsigned NOT NULL auto_increment,
  `company_id` int(10) unsigned default NULL,
  `status` varchar(50) character set latin1 default NULL,
  `product_type` varchar(100) character set latin1 default NULL,
  `product_name` varchar(500) character set latin1 default NULL,
  `submitted_date` datetime default NULL,
  `submitted_by` varchar(50) character set latin1 default NULL,
  `model_number` varchar(250) character set latin1 default NULL,
  `description` varchar(2000) character set latin1 default NULL,
  `product_category` varchar(100) character set latin1 default NULL,
  `part_number` varchar(250) character set latin1 default NULL,
  `sample_tracking` varchar(250) character set latin1 default NULL,
  `availability_date` varchar(15) character set latin1 default NULL,
  `vzw_exclusive` varchar(5) character set latin1 default NULL,
  `target_segment` varchar(2000) character set latin1 default NULL,
  `device_need` varchar(2000) character set latin1 default NULL,
  `positioning_statement` varchar(2000) character set latin1 default NULL,
  `unique_functionality` varchar(2000) character set latin1 default NULL,
  `main_competition` varchar(2000) character set latin1 default NULL,
  `paltform_supported` varchar(250) character set latin1 default NULL,
  `connectivity_type` varchar(250) character set latin1 default NULL,
  `cloud_supported` varchar(5) character set latin1 default NULL,
  `form_requirements` varchar(250) character set latin1 default NULL,
  `product_dimensions` varchar(250) character set latin1 default NULL,
  `item_included` varchar(1000) default NULL,
  `product_contact_id` int(11) unsigned default NULL,
  `process_id` int(11) unsigned default NULL,
  `created_date` datetime default NULL,
  `created_by` varchar(50) character set latin1 default NULL,
  `updated_date` datetime default NULL,
  `updated_by` varchar(50) character set latin1 default NULL,
  `is_active` varchar(1) character set latin1 default '1',
  PRIMARY KEY  (`product_id`),
  UNIQUE KEY `FK_PRODUCTS_PROCESS_INFO` (`process_id`),
  UNIQUE KEY `company_id` (`company_id`,`product_name`),
  KEY `FK_PRODUCTS_CONTACTS` (`product_contact_id`),
  KEY `FK_COMPANY_PRODUCTS` (`company_id`),
  KEY `IDX_VP_COMPANY_ID` (`company_id`),
  KEY `IDX_VP_PRODUCT_NAME` (`product_name`),
  CONSTRAINT `FK_COMPANY_PRODUCTS` FOREIGN KEY (`company_id`) REFERENCES `vap_company` (`company_id`),
  CONSTRAINT `FK_PRODUCTS_CONTACTS` FOREIGN KEY (`product_contact_id`) REFERENCES `vap_contact` (`contact_id`),
  CONSTRAINT `FK_PRODUCTS_PROCESS_INFO` FOREIGN KEY (`process_id`) REFERENCES `vap_product_process_info` (`process_id`)
) ENGINE=InnoDB AUTO_INCREMENT=516 DEFAULT CHARSET=utf8;

/*Data for the table `vap_products` */

LOCK TABLES `vap_products` WRITE;

insert  into `vap_products`(`product_id`,`company_id`,`status`,`product_type`,`product_name`,`submitted_date`,`submitted_by`,`model_number`,`description`,`product_category`,`part_number`,`sample_tracking`,`availability_date`,`vzw_exclusive`,`target_segment`,`device_need`,`positioning_statement`,`unique_functionality`,`main_competition`,`paltform_supported`,`connectivity_type`,`cloud_supported`,`form_requirements`,`product_dimensions`,`item_included`,`product_contact_id`,`process_id`,`created_date`,`created_by`,`updated_date`,`updated_by`,`is_active`) values (515,201,'Submitted','Product (existing physical product)','Wireless Charging unit for iPhone 5','2013-10-11 08:12:55','eugene.ovi','001','As above','Wireless Charging','001a','001b','12/31/2013','No','fwefwsfsfd sdfsdfsf','sdfsdfsdf  fs sf sf','asdf df asd ','asdfsdfsf ','dfa  sf sf sf s','iOS','BT 4.0','No','110','TBD','TBD',769,565,'2013-10-11 08:12:55','eugene.ovi','2013-10-11 08:12:55','eugene.ovi','1');

UNLOCK TABLES;

/*Table structure for table `vap_sub_menu` */

DROP TABLE IF EXISTS `vap_sub_menu`;

CREATE TABLE `vap_sub_menu` (
  `id` int(11) unsigned NOT NULL auto_increment,
  `item_name` varchar(25) character set latin1 NOT NULL,
  `menu_id` int(11) unsigned NOT NULL,
  `system_role_id` int(10) unsigned NOT NULL,
  `url` varchar(250) character set latin1 NOT NULL,
  `sort_order` int(11) default NULL,
  PRIMARY KEY  (`id`),
  KEY `FK_vap_sub_menu` (`menu_id`),
  KEY `FK_vap_sub_menu_sys_role` (`system_role_id`),
  CONSTRAINT `FK_vap_sub_menu` FOREIGN KEY (`menu_id`) REFERENCES `vap_main_menu` (`id`) ON DELETE NO ACTION ON UPDATE NO ACTION,
  CONSTRAINT `FK_vap_sub_menu_sys_role` FOREIGN KEY (`system_role_id`) REFERENCES `vap_system_role` (`role_id`) ON DELETE NO ACTION ON UPDATE NO ACTION
) ENGINE=InnoDB AUTO_INCREMENT=188 DEFAULT CHARSET=utf8;

/*Data for the table `vap_sub_menu` */

LOCK TABLES `vap_sub_menu` WRITE;

insert  into `vap_sub_menu`(`id`,`item_name`,`menu_id`,`system_role_id`,`url`,`sort_order`) values (57,'My Profile',1,2,'/secure/profile.do',201),(59,'My Company Info',1,2,'/secure/mycompany.do',202),(61,'Worklist',1,2,'/secure/worklist.do',203),(63,'Manage Products',1,2,'/secure/product/list.do',205),(65,'Manage Users',1,2,'/secure/company/manageusers.do',206),(67,'Notifications',1,2,'/secure/notifications.do',207),(69,'My Profile',1,4,'/secure/profile.do',401),(71,'Worklist',1,4,'/secure/worklist.do',403),(73,'Manage Partners',1,4,'/secure/managePartners.do',404),(75,'Manage Products',1,4,'/secure/product/list.do',405),(77,'Manage Users',1,4,'/secure/admin/userslist.do',406),(79,'Notifications',1,4,'/secure/notifications.do',407),(83,'My Profile',1,5,'/secure/profile.do',501),(85,'Worklist',1,5,'/secure/worklist.do',503),(87,'Manage Partners',1,5,'/secure/managePartners.do',504),(89,'Manage Products',1,5,'/secure/product/list.do',505),(91,'Manage Users',1,5,'/secure/admin/userslist.do',506),(93,'Notifications',1,5,'/secure/notifications.do',507),(95,'My Profile',1,6,'/secure/profile.do',601),(97,'Worklist',1,6,'/secure/worklist.do',603),(99,'Manage Partners',1,6,'/secure/managePartners.do',604),(101,'Manage Products',1,6,'/secure/product/list.do',605),(105,'Notifications',1,6,'/secure/notifications.do',607),(107,'My Profile',1,7,'/secure/profile.do',701),(109,'Worklist',1,7,'/secure/worklist.do',703),(111,'Manage Partners',1,7,'/secure/managePartners.do',704),(113,'Manage Products',1,7,'/secure/product/list.do',705),(117,'Notifications',1,7,'/secure/notifications.do',707),(119,'My Profile',1,8,'/secure/profile.do',801),(121,'Worklist',1,8,'/secure/worklist.do',803),(123,'Manage Partners',1,8,'/secure/managePartners.do',804),(125,'Manage Products',1,8,'/secure/product/list.do',805),(129,'Notifications',1,8,'/secure/notifications.do',807),(131,'My Profile',1,9,'/secure/profile.do',901),(133,'Worklist',1,9,'/secure/worklist.do',903),(135,'Manage Partners',1,9,'/secure/managePartners.do',904),(137,'Manage Products',1,9,'/secure/product/list.do',905),(141,'Notifications',1,9,'/secure/notifications.do',907),(143,'My Profile',1,10,'/secure/profile.do',1001),(145,'Worklist',1,10,'/secure/worklist.do',1003),(147,'Manage Partners',1,10,'/secure/managePartners.do',1004),(149,'Manage Products',1,10,'/secure/product/list.do',1005),(153,'Notifications',1,10,'/secure/notifications.do',1007),(155,'Documents',1,2,'/secure/documents/view.do',208),(157,'Documents',1,4,'/secure/documents/view.do',408),(159,'Documents',1,5,'/secure/documents/view.do',508),(161,'Documents',1,6,'/secure/documents/view.do',608),(163,'Documents',1,7,'/secure/documents/view.do',708),(165,'Documents',1,8,'/secure/documents/view.do',808),(167,'Documents',1,9,'/secure/documents/view.do',908),(169,'Documents',1,10,'/secure/documents/view.do',1008),(171,'Notification Management',1,4,'/secure/manage/notifications.do',409),(173,'Help',1,2,'/secure/help.do',209),(175,'Help',1,4,'/secure/help.do',410),(177,'Help',1,5,'/secure/help.do',509),(179,'Help',1,6,'/secure/help.do',609),(181,'Help',1,7,'/secure/help.do',709),(183,'Help',1,8,'/secure/help.do',809),(185,'Help',1,9,'/secure/help.do',909),(187,'Help',1,10,'/secure/help.do',1009);

UNLOCK TABLES;

/*Table structure for table `vap_system_role` */

DROP TABLE IF EXISTS `vap_system_role`;

CREATE TABLE `vap_system_role` (
  `role_id` int(10) unsigned NOT NULL auto_increment,
  `title` varchar(50) character set latin1 NOT NULL,
  `description` varchar(250) character set latin1 NOT NULL,
  `created_date` datetime default NULL,
  `created_by` varchar(50) character set latin1 default NULL,
  `updated_date` datetime default NULL,
  `updated_by` varchar(50) character set latin1 default NULL,
  `is_active` varchar(1) character set latin1 default '1',
  `display_title` varchar(100) character set latin1 NOT NULL,
  `is_hidden` varchar(1) character set latin1 default '0',
  PRIMARY KEY  (`role_id`)
) ENGINE=InnoDB AUTO_INCREMENT=11 DEFAULT CHARSET=utf8;

/*Data for the table `vap_system_role` */

LOCK TABLES `vap_system_role` WRITE;

insert  into `vap_system_role`(`role_id`,`title`,`description`,`created_date`,`created_by`,`updated_date`,`updated_by`,`is_active`,`display_title`,`is_hidden`) values (1,'ROLE_MPOC','Main Point of contact is assigned to partner who creates a company. There can be one main point of contact for a company in the system. Main point of contact can be changed from the Edit company screen','2012-12-07 00:00:00','system','2012-12-07 00:00:00','system','1','Main Point of Contact','1'),(2,'ROLE_PARTNER_USER','Any partner in the system has this role','2012-12-07 00:00:00','system','2012-12-07 00:00:00','system','1','Partner User','1'),(4,'ROLE_SUPER_ADMIN','Super Admin','2013-06-04 11:02:01','system','2013-06-04 11:01:35','system','1','Super Admin','1'),(5,'ROLE_VERIZON_SYSTEM_ADMIN','Verizon Admin','2013-06-04 11:02:01','system','2013-06-04 11:01:35','system','1','Verizon Admin','0'),(6,'ROLE_DEVICE_MARKETING','Device Marketing Group','2013-06-04 11:02:01','system','2013-06-04 11:01:35','system','1','Device Marketing Group','0'),(7,'ROLE_OFAC','OFAC Group','2013-06-04 11:02:01','system','2013-06-04 11:01:35','system','1','OFAC Group','0'),(8,'ROLE_REQUIREMENTS_GROUP','Requirements Group','2013-06-04 11:02:01','system','2013-06-04 11:01:35','system','1','Requirements Group','0'),(9,'ROLE_DEVICE_COMPLIANCE','Device Compliance Group','2013-06-04 11:02:01','system','2013-06-04 11:01:35','system','1','Device Compliance Group','0'),(10,'ROLE_EXPORT_COMPLIANCE','Export Compliance Group','2013-06-04 11:02:01','system','2013-06-04 11:01:35','system','1','Export Compliance Group','0');

UNLOCK TABLES;

/*Table structure for table `vap_temp_user` */

DROP TABLE IF EXISTS `vap_temp_user`;

CREATE TABLE `vap_temp_user` (
  `user_name` varchar(50) character set latin1 default NULL,
  `password` varchar(250) character set latin1 default NULL,
  `email_address` varchar(100) character set latin1 default NULL,
  `full_name` varchar(70) character set latin1 default NULL,
  `phone` varchar(25) character set latin1 default NULL,
  `mobile` varchar(25) character set latin1 default NULL,
  `company_domain` varchar(250) character set latin1 default NULL,
  `activation_code` varchar(100) character set latin1 default NULL,
  `temp_user_id` int(10) unsigned NOT NULL auto_increment,
  `activation_type` varchar(50) character set latin1 default NULL,
  `created_date` datetime default NULL,
  `created_by` varchar(50) character set latin1 default NULL,
  `updated_date` datetime default NULL,
  `updated_by` varchar(50) character set latin1 default NULL,
  `is_active` varchar(1) character set latin1 default '1',
  `address` varchar(250) character set latin1 default NULL,
  `city` varchar(100) character set latin1 default NULL,
  `state` varchar(100) character set latin1 default NULL,
  `country` varchar(100) character set latin1 default NULL,
  `postal_code` varchar(20) character set latin1 default NULL,
  `user_roles` varchar(500) character set latin1 default NULL,
  PRIMARY KEY  (`temp_user_id`)
) ENGINE=InnoDB AUTO_INCREMENT=2 DEFAULT CHARSET=utf8;

/*Data for the table `vap_temp_user` */

LOCK TABLES `vap_temp_user` WRITE;

insert  into `vap_temp_user`(`user_name`,`password`,`email_address`,`full_name`,`phone`,`mobile`,`company_domain`,`activation_code`,`temp_user_id`,`activation_type`,`created_date`,`created_by`,`updated_date`,`updated_by`,`is_active`,`address`,`city`,`state`,`country`,`postal_code`,`user_roles`) values (NULL,NULL,'margo.hammar@verizon.com','Margo Hammar',NULL,NULL,NULL,'cbedf34f-e246-4fff-a55a-6340269dabb3',1,'OFFER_TO_JOIN_AS_ADMIN','2014-01-08 12:04:02','leungla','2014-01-08 12:04:02','leungla','1',NULL,NULL,NULL,NULL,NULL,'ROLE_OFAC,ROLE_EXPORT_COMPLIANCE');

UNLOCK TABLES;

/*Table structure for table `vap_user` */

DROP TABLE IF EXISTS `vap_user`;

CREATE TABLE `vap_user` (
  `user_id` int(10) unsigned NOT NULL auto_increment,
  `company_id` int(10) unsigned default NULL,
  `user_name` varchar(25) character set latin1 NOT NULL,
  `password` varchar(250) character set latin1 NOT NULL,
  `email_address` varchar(100) character set latin1 NOT NULL,
  `full_name` varchar(70) character set latin1 NOT NULL,
  `phone` varchar(25) character set latin1 NOT NULL,
  `mobile` varchar(25) character set latin1 default NULL,
  `company_domain` varchar(250) character set latin1 default NULL,
  `last_login_date` datetime default NULL,
  `created_date` datetime default NULL,
  `created_by` varchar(50) character set latin1 default NULL,
  `updated_date` datetime default NULL,
  `updated_by` varchar(50) character set latin1 default NULL,
  `is_active` varchar(1) character set latin1 NOT NULL default '1',
  `token` varchar(100) character set latin1 default NULL,
  `reset_password_token` varchar(50) character set latin1 default NULL,
  `address` varchar(250) character set latin1 default NULL,
  `city` varchar(100) character set latin1 default NULL,
  `state` varchar(100) character set latin1 default NULL,
  `country` varchar(100) character set latin1 default NULL,
  `postal_code` varchar(20) character set latin1 default NULL,
  `is_enable` varchar(1) default '1',
  PRIMARY KEY  (`user_id`),
  KEY `FK_vap_user_vap_company_fk1` (`company_id`),
  CONSTRAINT `FK_vap_user_vap_company_fk1` FOREIGN KEY (`company_id`) REFERENCES `vap_company` (`company_id`) ON DELETE NO ACTION ON UPDATE NO ACTION
) ENGINE=InnoDB AUTO_INCREMENT=432 DEFAULT CHARSET=utf8;

/*Data for the table `vap_user` */

LOCK TABLES `vap_user` WRITE;

insert  into `vap_user`(`user_id`,`company_id`,`user_name`,`password`,`email_address`,`full_name`,`phone`,`mobile`,`company_domain`,`last_login_date`,`created_date`,`created_by`,`updated_date`,`updated_by`,`is_active`,`token`,`reset_password_token`,`address`,`city`,`state`,`country`,`postal_code`,`is_enable`) values (1,NULL,'super.admin','144b5751daa5c18f8f0b4b8cf6dc1c1c5783dd8a2dd15c13f7130c323e51c1ac','wakram@netpace.com','Super Admin','0214567898','0333565656565','netpace.com','2014-01-09 10:12:35','2013-08-14 18:11:47','System','2013-09-20 14:21:41','super.admin','1','5271ec1c-94cf-45ad-b64d-7e64e197d664','a2bea7e3-8639-4edd-8f70-53b7a1319221','12657 Alcosta Blvd','San Ramon','CA','United States of America','94583','1'),(405,NULL,'aadil1','937e8d5fbb48bd4949536cd65b8d35c426b80d2f830c5c308e2cdec422ae2244','aadil@netpace.com','Ahmed Adil','8184861579','8184861579',NULL,'2014-01-09 09:37:03','2013-09-20 13:07:48','aadil1','2013-10-21 13:13:56','super.admin','1',NULL,NULL,'12657 Alcosta Blvd. Suite 410','San Ramon','CA','United States of America','94583','1'),(407,NULL,'leungla','bd94dcda26fccb4e68d6a31f9b5aac0b571ae266d822620e901ef7ebe3a11d4f','Laiwah.Leung@VerizonWireless.com','Laiwah Alice Leung','4157781084','9083994091',NULL,'2014-01-09 09:52:46','2013-09-20 14:06:15','leungla','2013-10-22 09:14:12','youngeu','1',NULL,NULL,'201 Spear St.  Ste. 900','San Francisco','CA','United States of America','94105','1'),(409,NULL,'youngeu','57584593bb87e7f476e45ecdd9dc2a7c682b8d3263d63fa9388137be70914330','Eugene.Young@VerizonWireless.com','Eugene Young','9085591050','',NULL,'2014-01-09 09:07:06','2013-09-23 12:14:00','youngeu','2013-10-22 09:13:58','leungla','1',NULL,NULL,'One Verizon Way','Basking Ridge','NJ','United States of America','07920','1'),(411,201,'eugene.ovi','98e2cbb4f86a21a5b6aa757ca86b51149863e7533f6d355e4d0c57e22344a814','eugene.young@ovi.com','Eugene Young','9088090776','','ovi.com','2013-12-12 05:48:00','2013-09-24 10:21:08','eugene.ovi','2013-09-24 10:21:08','eugene.ovi','1',NULL,'439cd398-a8ff-4b50-93db-ed08bad22973','One Verizon Way','Basking Ridge','NJ','United States of America','07920','1'),(413,NULL,'keshajy','c387c68e608eb892cbc3d04655eba8f1d4397381078a038e73a2c8442d35335d','jyothi.keshavdas@verizonwireless.com','Jyothi Keshavdas','415-778-1091','',NULL,'2013-10-01 09:46:22','2013-09-24 13:18:32','keshajy','2013-09-27 13:24:01','youngeu','1',NULL,'efbb4613-21a6-4c9b-a7f1-f26e02c7eb4c','201 Spear St.','San Francisco','CA','United States of America','94588','1'),(415,NULL,'larocfr','30ceb2e4c3f368f90867127e231fc661df361f0617d1162706a2b457572999b7','frank.larocca@verizonwireless.com','Frank Larocca','908-559-4459','908-202-4649',NULL,NULL,'2013-09-24 13:24:52','larocfr','2013-09-24 13:24:52','larocfr','1',NULL,NULL,'1 Verizon Way','Basking Ridge ','New Jersey','United States of America','07920','1'),(417,NULL,'jgibbings','645463e820b07abd640c37b46c53391f35dea579b06ec4f1990b91f0ca97735f','jennifer.gibbings@verizonwireless.com','Jennifer Gibbings','5034498620','',NULL,NULL,'2013-09-24 16:30:42','jgibbings','2013-09-27 13:24:13','youngeu','1',NULL,NULL,'201 Spear Street ','San Francisco ','CA ','United States of America','94105','1'),(419,NULL,'doctorno','a7c46449e50d100397db449ab878f55c5b6de812ea35c4658592d914ad69f5e7','brian.boudreau2@verizonwireless.com','Brian Boudreau','9782410760','',NULL,'2013-09-25 09:24:45','2013-09-25 08:45:30','doctorno','2013-09-25 09:04:59','youngeu','1',NULL,NULL,'174 Monument Street','Haverhill','MA','United States of America','01832','1'),(421,203,'aleung','bd94dcda26fccb4e68d6a31f9b5aac0b571ae266d822620e901ef7ebe3a11d4f','aliceleung@dr.com','Alice Leung','9083994091','','dr.com','2013-12-13 11:27:14','2013-09-25 15:43:48','aleung','2013-09-25 15:43:48','aleung','1',NULL,NULL,'201 Spear St. Ste 900','San Francisco','CA','United States of America','94105','1'),(423,NULL,'daviddempski','bcbab9d036d692145745971d7175483fbde147c59e4198c82878e3b2982f28b7','david.dempski@verizonwireless.com','Dave Dempski','9085598546','9084334365',NULL,NULL,'2013-09-26 05:17:32','daviddempski','2013-11-21 11:21:02','youngeu','1',NULL,NULL,'One Verizon Way','Basking Ridge','NJ','United States of America','07882','1'),(425,NULL,'TJZahn','5509840d0873adb0405588821197a8634501293486c601ca51e14063abe25d06','Thomas.Zahn2@VerizonWireless.com','Tom Zahn','9085592231','9083072715',NULL,'2013-12-30 10:49:47','2013-10-08 14:15:44','TJZahn','2013-11-21 11:54:10','TJZahn','1',NULL,'3fb96025-9cf4-4681-b014-51cecb387c02','One Verizon Way','Basking Ridge','NJ','United States of America','07920','1'),(427,205,'christianphonehalo','396ad0bcb7c65bfa66a4b9db0524781243b33c79c3d0f34ce1c364c8aa2b6b37','christian@phonehalo.com','Christian Smith','8318017531','8318017531','phonehalo.com','2013-10-21 12:09:07','2013-10-18 16:41:32','christianphonehalo','2013-10-18 16:41:32','christianphonehalo','1',NULL,NULL,'1501 Chapala Street','Santa Barbara','California','United States of America','93101','1'),(429,207,'snielsen11','55d163d0a2f90d946b1ee78900e7ff9340c944153c71c20a37b076a57fe7aa97','soren@devant.com','Soren Nielsen','858-523-8714','858-523-8714','devant.com',NULL,'2013-10-21 10:29:13','snielsen11','2013-10-21 10:29:13','snielsen11','1',NULL,NULL,'4685 Convoy St. #210','San Diego','CA','United States of America','92111','1'),(431,209,'yannis.live','250e7b98a920d08702e6fd8ca7c14abf3d243c2dca71e3ea73911b6ec3cf5252','yannis.tsampalis@live.com','Yannis Tsampalis','908 809 0776','','live.com','2013-12-11 11:56:13','2013-12-11 11:47:55','yannis.live','2013-12-11 11:47:55','yannis.live','1',NULL,NULL,'One Verizon Way','Basking Ridge','New Jersey','United States of America','07920','1');

UNLOCK TABLES;

/*Table structure for table `vap_user_role` */

DROP TABLE IF EXISTS `vap_user_role`;

CREATE TABLE `vap_user_role` (
  `user_role_id` int(10) unsigned NOT NULL auto_increment,
  `role_id` int(10) unsigned NOT NULL,
  `user_id` int(10) unsigned NOT NULL,
  `created_date` datetime default NULL,
  `created_by` varchar(50) character set latin1 default NULL,
  `updated_date` datetime default NULL,
  `updated_by` varchar(50) character set latin1 default NULL,
  `is_active` varchar(1) character set latin1 default '1',
  PRIMARY KEY  (`user_role_id`),
  KEY `FK_vap_user_role_vap_user_fk1` (`user_id`),
  KEY `FK_vap_user_role_vap_system_role_fk2` (`role_id`),
  CONSTRAINT `FK_vap_user_role_vap_system_role_fk2` FOREIGN KEY (`role_id`) REFERENCES `vap_system_role` (`role_id`) ON DELETE NO ACTION ON UPDATE NO ACTION,
  CONSTRAINT `FK_vap_user_role_vap_user_fk1` FOREIGN KEY (`user_id`) REFERENCES `vap_user` (`user_id`) ON DELETE CASCADE ON UPDATE CASCADE
) ENGINE=InnoDB AUTO_INCREMENT=682 DEFAULT CHARSET=utf8;

/*Data for the table `vap_user_role` */

LOCK TABLES `vap_user_role` WRITE;

insert  into `vap_user_role`(`user_role_id`,`role_id`,`user_id`,`created_date`,`created_by`,`updated_date`,`updated_by`,`is_active`) values (95,4,1,'2013-08-15 12:42:06','super.admin','2013-08-15 12:42:06','super.admin','1'),(623,5,407,'2013-09-20 14:06:15','leungla','2013-09-20 14:06:15','leungla','1'),(625,5,409,'2013-09-23 12:14:00','youngeu','2013-09-23 12:14:00','youngeu','1'),(627,2,411,'2013-09-24 10:21:08','eugene.ovi','2013-09-24 10:21:08','eugene.ovi','1'),(629,1,411,'2013-09-24 10:59:35','eugene.ovi','2013-09-24 10:59:35','eugene.ovi','1'),(631,6,413,'2013-09-24 13:18:32','keshajy','2013-09-24 13:18:32','keshajy','1'),(633,6,415,'2013-09-24 13:24:52','larocfr','2013-09-24 13:24:52','larocfr','1'),(635,5,415,'2013-09-24 13:24:52','larocfr','2013-09-24 13:24:52','larocfr','1'),(637,6,417,'2013-09-24 16:30:42','jgibbings','2013-09-24 16:30:42','jgibbings','1'),(639,6,419,'2013-09-25 08:45:30','doctorno','2013-09-25 08:45:30','doctorno','1'),(641,2,421,'2013-09-25 15:43:48','aleung','2013-09-25 15:43:48','aleung','1'),(643,1,421,'2013-09-25 15:46:12','aleung','2013-09-25 15:46:12','aleung','1'),(647,6,423,'2013-09-26 05:17:32','daviddempski','2013-09-26 05:17:32','daviddempski','1'),(649,9,423,'2013-09-26 05:17:32','daviddempski','2013-09-26 05:17:32','daviddempski','1'),(651,9,413,'2013-09-27 13:24:01','keshajy','2013-09-27 13:24:01','keshajy','1'),(653,9,417,'2013-09-27 13:24:13','jgibbings','2013-09-27 13:24:13','jgibbings','1'),(657,8,425,'2013-10-08 14:15:44','TJZahn','2013-10-08 14:15:44','TJZahn','1'),(659,9,425,'2013-10-08 14:15:44','TJZahn','2013-10-08 14:15:44','TJZahn','1'),(661,2,427,'2013-10-18 16:41:32','christianphonehalo','2013-10-18 16:41:32','christianphonehalo','1'),(663,1,427,'2013-10-18 16:42:40','christianphonehalo','2013-10-18 16:42:40','christianphonehalo','1'),(665,2,429,'2013-10-21 10:29:13','snielsen11','2013-10-21 10:29:13','snielsen11','1'),(667,1,429,'2013-10-21 10:32:18','snielsen11','2013-10-21 10:32:18','snielsen11','1'),(669,5,405,'2013-10-21 13:13:56','aadil1','2013-10-21 13:13:56','aadil1','1'),(671,7,409,'2013-10-22 09:13:58','youngeu','2013-10-22 09:13:58','youngeu','1'),(673,6,409,'2013-10-22 09:13:58','youngeu','2013-10-22 09:13:58','youngeu','1'),(675,7,407,'2013-10-22 09:14:12','leungla','2013-10-22 09:14:12','leungla','1'),(677,6,407,'2013-10-22 09:14:12','leungla','2013-10-22 09:14:12','leungla','1'),(679,2,431,'2013-12-11 11:47:55','yannis.live','2013-12-11 11:47:55','yannis.live','1'),(681,1,431,'2013-12-11 11:52:47','yannis.live','2013-12-11 11:52:47','yannis.live','1');

UNLOCK TABLES;

/*Table structure for table `vap_workflow` */

DROP TABLE IF EXISTS `vap_workflow`;

CREATE TABLE `vap_workflow` (
  `workflow_id` int(11) unsigned NOT NULL auto_increment,
  `company_id` int(10) unsigned default NULL,
  `product_id` int(10) unsigned default NULL,
  `workflow_type` varchar(50) character set latin1 default NULL,
  `start_date` datetime NOT NULL,
  `is_active` varchar(1) character set latin1 default '1',
  `created_date` datetime default NULL,
  `created_by` varchar(50) character set latin1 default NULL,
  `updated_date` datetime default NULL,
  `updated_by` varchar(50) character set latin1 default NULL,
  PRIMARY KEY  (`workflow_id`),
  KEY `fk_vap_workflow_company` (`company_id`),
  KEY `IDX_WF_COMPANY_ID` (`company_id`),
  KEY `IDX_WF_PRODUCT_ID` (`product_id`),
  KEY `IDX_WF_WORKFLOW_TYPE` (`workflow_type`),
  CONSTRAINT `fk_vap_workflow_company` FOREIGN KEY (`company_id`) REFERENCES `vap_company` (`company_id`)
) ENGINE=InnoDB AUTO_INCREMENT=824 DEFAULT CHARSET=utf8;

/*Data for the table `vap_workflow` */

LOCK TABLES `vap_workflow` WRITE;

insert  into `vap_workflow`(`workflow_id`,`company_id`,`product_id`,`workflow_type`,`start_date`,`is_active`,`created_date`,`created_by`,`updated_date`,`updated_by`) values (813,201,NULL,'Partner Workflow','2013-09-24 10:59:35','1','2013-09-24 10:59:35','eugene.ovi','2013-09-24 10:59:35','eugene.ovi'),(815,203,NULL,'Partner Workflow','2013-09-25 15:46:12','1','2013-09-25 15:46:12','aleung','2013-09-25 15:46:12','aleung'),(817,201,515,'Product Workflow','2013-10-11 08:12:55','1','2013-10-11 08:12:55','eugene.ovi','2013-10-11 08:12:55','eugene.ovi'),(819,205,NULL,'Partner Workflow','2013-10-18 16:42:40','1','2013-10-18 16:42:40','christianphonehalo','2013-10-18 16:42:40','christianphonehalo'),(821,207,NULL,'Partner Workflow','2013-10-21 10:32:18','1','2013-10-21 10:32:18','snielsen11','2013-10-21 10:32:18','snielsen11'),(823,209,NULL,'Partner Workflow','2013-12-11 11:52:47','1','2013-12-11 11:52:47','yannis.live','2013-12-11 11:52:47','yannis.live');

UNLOCK TABLES;

/*Table structure for table `vap_workitem` */

DROP TABLE IF EXISTS `vap_workitem`;

CREATE TABLE `vap_workitem` (
  `workitem_id` int(11) unsigned NOT NULL auto_increment,
  `title` varchar(100) character set latin1 default NULL,
  `display_title` varchar(100) character set latin1 default NULL,
  `status` varchar(50) character set latin1 default NULL,
  `allowed_roles` varchar(200) character set latin1 default NULL,
  `require_input` varchar(1) character set latin1 default NULL,
  `next_actions` varchar(200) character set latin1 default NULL,
  `workflow_id` int(11) unsigned default NULL,
  `start_date` datetime NOT NULL,
  `end_date` datetime default NULL,
  `is_active` varchar(1) character set latin1 default '1',
  `created_date` datetime default NULL,
  `created_by` varchar(50) character set latin1 default NULL,
  `updated_date` datetime default NULL,
  `updated_by` varchar(50) character set latin1 default NULL,
  `version` int(11) default '0',
  `action_taken` varchar(100) character set latin1 default NULL,
  `is_locked` varchar(1) default '0',
  PRIMARY KEY  (`workitem_id`),
  KEY `IDX_WI_TITLE` (`title`),
  KEY `IDX_WI_STATUS` (`status`),
  KEY `IDX_WI_WORKFLOW_ID` (`workflow_id`),
  KEY `IDX_WI_ALLOWED_ROLES` (`allowed_roles`),
  KEY `IDX_WI_DISPLAY_TITLE` (`display_title`)
) ENGINE=InnoDB AUTO_INCREMENT=3734 DEFAULT CHARSET=utf8;

/*Data for the table `vap_workitem` */

LOCK TABLES `vap_workitem` WRITE;

insert  into `vap_workitem`(`workitem_id`,`title`,`display_title`,`status`,`allowed_roles`,`require_input`,`next_actions`,`workflow_id`,`start_date`,`end_date`,`is_active`,`created_date`,`created_by`,`updated_date`,`updated_by`,`version`,`action_taken`,`is_locked`) values (3679,'DeviceMarketingReview','Device Marketing Review','Processed','ROLE_DEVICE_MARKETING,ROLE_SUPER_ADMIN,ROLE_VERIZON_SYSTEM_ADMIN','0','Approve,Deny,RFI',813,'2013-09-24 10:59:35','2013-09-25 06:34:05','1','2013-09-24 10:59:35','eugene.ovi','2013-09-25 06:34:05','youngeu',2,'RFI','0'),(3681,'DeviceMarketingReviewRFI','Device Marketing Review RFI','Processed','ROLE_DEVICE_MARKETING,ROLE_SUPER_ADMIN,ROLE_VERIZON_SYSTEM_ADMIN','0','UnRFI',813,'2013-09-25 06:34:05','2013-09-26 05:19:01','1','2013-09-25 06:34:05','youngeu','2013-09-26 05:19:01','daviddempski',2,'UnRFI','0'),(3683,'DeviceMarketingReview','Device Marketing Review','Processed','ROLE_DEVICE_MARKETING,ROLE_SUPER_ADMIN,ROLE_VERIZON_SYSTEM_ADMIN','0','Approve,Deny,RFI',815,'2013-09-25 15:46:12','2013-09-26 05:18:24','1','2013-09-25 15:46:12','aleung','2013-09-26 05:18:24','daviddempski',2,'Approve','0'),(3685,'OFACReview','OFAC Review','Processed','ROLE_OFAC,ROLE_SUPER_ADMIN,ROLE_VERIZON_SYSTEM_ADMIN','0','Approve,Suspend,RFI',815,'2013-09-26 05:18:24','2013-09-26 05:19:14','1','2013-09-26 05:18:24','daviddempski','2013-09-26 05:19:14','daviddempski',1,'Approve','0'),(3687,'DeviceMarketingReview','Device Marketing Review','Processed','ROLE_DEVICE_MARKETING,ROLE_SUPER_ADMIN,ROLE_VERIZON_SYSTEM_ADMIN','0','Approve,Deny,RFI',813,'2013-09-26 05:19:01','2013-09-26 05:19:06','1','2013-09-26 05:19:01','daviddempski','2013-09-26 05:19:06','daviddempski',2,'Approve','0'),(3689,'OFACReview','OFAC Review','Processed','ROLE_OFAC,ROLE_SUPER_ADMIN,ROLE_VERIZON_SYSTEM_ADMIN','0','Approve,Suspend,RFI',813,'2013-09-26 05:19:06','2013-09-26 05:19:08','1','2013-09-26 05:19:06','daviddempski','2013-09-26 05:19:08','daviddempski',2,'Approve','0'),(3691,'CertificationNDA','Certification Agreement & Non-Disclosure Agreement','Processed','ROLE_PARTNER_USER,ROLE_SUPER_ADMIN','1','Accept Agreement',813,'2013-09-26 05:19:08','2013-10-11 07:58:39','1','2013-09-26 05:19:08','daviddempski','2013-10-11 07:58:39','eugene.ovi',3,'Accept Agreement','0'),(3693,'OfflineCertificationNDA','Offline Certification Agreement','Processed','ROLE_SUPER_ADMIN,ROLE_VERIZON_SYSTEM_ADMIN,ROLE_DEVICE_MARKETING','1','Submit Agreement & Approve Partner,Deny',813,'2013-09-26 05:19:08','2013-10-11 07:58:39','1','2013-09-26 05:19:08','daviddempski','2013-10-11 07:58:39','eugene.ovi',1,'Accept Agreement','0'),(3695,'CertificationNDA','Certification Agreement & Non-Disclosure Agreement','Processed','ROLE_PARTNER_USER,ROLE_SUPER_ADMIN','1','Accept Agreement',815,'2013-09-26 05:19:14','2013-10-01 09:19:37','1','2013-09-26 05:19:14','daviddempski','2013-10-01 09:19:37','aleung',3,'Accept Agreement','0'),(3697,'OfflineCertificationNDA','Offline Certification Agreement','Processed','ROLE_SUPER_ADMIN,ROLE_VERIZON_SYSTEM_ADMIN,ROLE_DEVICE_MARKETING','1','Submit Agreement & Approve Partner,Deny',815,'2013-09-26 05:19:14','2013-10-01 09:19:37','1','2013-09-26 05:19:14','daviddempski','2013-10-01 09:19:37','aleung',1,'Accept Agreement','0'),(3699,'Approved','Approved','Processed','ROLE_SUPER_ADMIN','0',' ',815,'2013-10-01 09:19:37',NULL,'1','2013-10-01 09:19:37','aleung','2013-10-01 09:19:37','aleung',0,NULL,'0'),(3701,'Approved','Approved','Processed','ROLE_SUPER_ADMIN','0',' ',813,'2013-10-11 07:58:39',NULL,'1','2013-10-11 07:58:39','eugene.ovi','2013-10-11 07:58:39','eugene.ovi',0,NULL,'0'),(3703,'DeviceMarketingReview','Device Marketing Review','Processed','ROLE_DEVICE_MARKETING,ROLE_SUPER_ADMIN,ROLE_VERIZON_SYSTEM_ADMIN','1','Approve,Deny,RFI',817,'2013-10-11 08:12:55','2013-10-11 08:15:39','1','2013-10-11 08:12:55','eugene.ovi','2013-10-11 08:15:39','youngeu',2,'Approve','0'),(3705,'ExportCompliance','Export Compliance','InProgress','ROLE_PARTNER_USER,ROLE_SUPER_ADMIN','1','Submit to Verizon',817,'2013-10-11 08:15:39',NULL,'1','2013-10-11 08:15:39','youngeu','2013-10-11 08:15:39','youngeu',0,NULL,'0'),(3707,'ProductInfoUpload','Product Info Upload','InProgress','ROLE_PARTNER_USER,ROLE_SUPER_ADMIN','1','Submit to Verizon',817,'2013-10-11 08:15:39',NULL,'1','2013-10-11 08:15:39','youngeu','2013-10-11 08:15:39','youngeu',0,NULL,'0'),(3709,'DeviceMarketingReview','Device Marketing Review','Processed','ROLE_DEVICE_MARKETING,ROLE_SUPER_ADMIN,ROLE_VERIZON_SYSTEM_ADMIN','0','Approve,Deny,RFI',819,'2013-10-18 16:42:40','2013-10-21 12:08:18','1','2013-10-18 16:42:40','christianphonehalo','2013-10-21 12:08:18','youngeu',1,'Approve','0'),(3711,'DeviceMarketingReview','Device Marketing Review','Processed','ROLE_DEVICE_MARKETING,ROLE_SUPER_ADMIN,ROLE_VERIZON_SYSTEM_ADMIN','0','Approve,Deny,RFI',821,'2013-10-21 10:32:18','2013-10-21 12:08:32','1','2013-10-21 10:32:18','snielsen11','2013-10-21 12:08:32','youngeu',1,'Approve','0'),(3713,'OFACReview','OFAC Review','Processed','ROLE_OFAC,ROLE_SUPER_ADMIN,ROLE_VERIZON_SYSTEM_ADMIN','0','Approve,Suspend,RFI',819,'2013-10-21 12:08:18','2013-11-05 09:57:05','1','2013-10-21 12:08:18','youngeu','2013-11-05 09:57:05','youngeu',1,'Approve','0'),(3715,'OFACReview','OFAC Review','Processed','ROLE_OFAC,ROLE_SUPER_ADMIN,ROLE_VERIZON_SYSTEM_ADMIN','0','Approve,Suspend,RFI',821,'2013-10-21 12:08:32','2013-11-05 09:57:04','1','2013-10-21 12:08:32','youngeu','2013-11-05 09:57:04','youngeu',1,'Approve','0'),(3717,'CertificationNDA','Certification Agreement & Non-Disclosure Agreement','InProgress','ROLE_PARTNER_USER,ROLE_SUPER_ADMIN','1','Accept Agreement',821,'2013-11-05 09:57:05',NULL,'1','2013-11-05 09:57:05','youngeu','2013-11-05 09:57:05','youngeu',0,NULL,'0'),(3719,'OfflineCertificationNDA','Offline Certification Agreement','InProgress','ROLE_SUPER_ADMIN,ROLE_VERIZON_SYSTEM_ADMIN,ROLE_DEVICE_MARKETING','1','Submit Agreement & Approve Partner,Deny',821,'2013-11-05 09:57:05',NULL,'1','2013-11-05 09:57:05','youngeu','2013-11-05 09:57:05','youngeu',0,NULL,'0'),(3721,'CertificationNDA','Certification Agreement & Non-Disclosure Agreement','InProgress','ROLE_PARTNER_USER,ROLE_SUPER_ADMIN','1','Accept Agreement',819,'2013-11-05 09:57:05',NULL,'1','2013-11-05 09:57:05','youngeu','2013-11-05 09:57:05','youngeu',0,NULL,'0'),(3723,'OfflineCertificationNDA','Offline Certification Agreement','InProgress','ROLE_SUPER_ADMIN,ROLE_VERIZON_SYSTEM_ADMIN,ROLE_DEVICE_MARKETING','1','Submit Agreement & Approve Partner,Deny',819,'2013-11-05 09:57:05',NULL,'1','2013-11-05 09:57:05','youngeu','2013-11-05 09:57:05','youngeu',0,NULL,'0'),(3725,'DeviceMarketingReview','Device Marketing Review','Processed','ROLE_DEVICE_MARKETING,ROLE_SUPER_ADMIN,ROLE_VERIZON_SYSTEM_ADMIN','0','Approve,Deny,RFI',823,'2013-12-11 11:52:47','2013-12-11 11:54:55','1','2013-12-11 11:52:47','yannis.live','2013-12-11 11:54:55','youngeu',1,'Approve','0'),(3727,'OFACReview','OFAC Review','Processed','ROLE_OFAC,ROLE_SUPER_ADMIN,ROLE_VERIZON_SYSTEM_ADMIN','0','Approve,Suspend,RFI',823,'2013-12-11 11:54:55','2013-12-11 11:55:39','1','2013-12-11 11:54:55','youngeu','2013-12-11 11:55:39','youngeu',1,'Approve','0'),(3729,'CertificationNDA','Certification Agreement & Non-Disclosure Agreement','Processed','ROLE_PARTNER_USER,ROLE_SUPER_ADMIN','1','Accept Agreement',823,'2013-12-11 11:55:39','2013-12-11 11:57:07','1','2013-12-11 11:55:39','youngeu','2013-12-11 11:57:07','yannis.live',3,'Accept Agreement','0'),(3731,'OfflineCertificationNDA','Offline Certification Agreement','Processed','ROLE_SUPER_ADMIN,ROLE_VERIZON_SYSTEM_ADMIN,ROLE_DEVICE_MARKETING','1','Submit Agreement & Approve Partner,Deny',823,'2013-12-11 11:55:39','2013-12-11 11:57:07','1','2013-12-11 11:55:39','youngeu','2013-12-11 11:57:07','yannis.live',1,'Accept Agreement','0'),(3733,'Approved','Approved','Processed','ROLE_SUPER_ADMIN','0',' ',823,'2013-12-11 11:57:07',NULL,'1','2013-12-11 11:57:07','yannis.live','2013-12-11 11:57:07','yannis.live',0,NULL,'0');

UNLOCK TABLES;

/* Trigger structure for table `vap_application_properties` */

DELIMITER $$

/*!50003 DROP TRIGGER*//*!50032 IF EXISTS */ /*!50003 `vap_application_propertiestrgins` */$$

/*!50003 CREATE */ /*!50017 DEFINER = 'root'@'localhost' */ /*!50003 TRIGGER `vap_application_propertiestrgins` AFTER INSERT ON `vap_application_properties` FOR EACH ROW BEGIN 
INSERT INTO vsap_audit.vap_application_properties$aud (property_id,type,name,value,sort_order,created_date,created_by,updated_date,updated_by,is_active,AUD_ACTION,AUD_TIMESTAMP,AUD_USER) 
VALUES (NEW.property_id,NEW.type,NEW.name,NEW.value,NEW.sort_order,NEW.created_date,NEW.created_by,NEW.updated_date,NEW.updated_by,NEW.is_active,'INS',NOW(),CURRENT_USER());
END */$$


DELIMITER ;

/* Trigger structure for table `vap_application_properties` */

DELIMITER $$

/*!50003 DROP TRIGGER*//*!50032 IF EXISTS */ /*!50003 `vap_application_propertiestrgupd` */$$

/*!50003 CREATE */ /*!50017 DEFINER = 'root'@'localhost' */ /*!50003 TRIGGER `vap_application_propertiestrgupd` AFTER UPDATE ON `vap_application_properties` FOR EACH ROW BEGIN 
INSERT INTO vsap_audit.vap_application_properties$aud (property_id,type,name,value,sort_order,created_date,created_by,updated_date,updated_by,is_active,AUD_ACTION,AUD_TIMESTAMP,AUD_USER) 
VALUES (NEW.property_id,NEW.type,NEW.name,NEW.value,NEW.sort_order,NEW.created_date,NEW.created_by,NEW.updated_date,NEW.updated_by,NEW.is_active,'UPD',NOW(),CURRENT_USER());
END */$$


DELIMITER ;

/* Trigger structure for table `vap_application_properties` */

DELIMITER $$

/*!50003 DROP TRIGGER*//*!50032 IF EXISTS */ /*!50003 `vap_application_propertiestrgdel` */$$

/*!50003 CREATE */ /*!50017 DEFINER = 'root'@'localhost' */ /*!50003 TRIGGER `vap_application_propertiestrgdel` AFTER DELETE ON `vap_application_properties` FOR EACH ROW BEGIN 
INSERT INTO vsap_audit.vap_application_properties$aud (property_id,type,name,value,sort_order,created_date,created_by,updated_date,updated_by,is_active,AUD_ACTION,AUD_TIMESTAMP,AUD_USER) 
VALUES (OLD.property_id,OLD.type,OLD.name,OLD.value,OLD.sort_order,OLD.created_date,OLD.created_by,OLD.updated_date,OLD.updated_by,OLD.is_active,'DEL',NOW(),CURRENT_USER());
END */$$


DELIMITER ;

/* Trigger structure for table `vap_blocked_domain` */

DELIMITER $$

/*!50003 DROP TRIGGER*//*!50032 IF EXISTS */ /*!50003 `vap_blocked_domaintrgins` */$$

/*!50003 CREATE */ /*!50017 DEFINER = 'root'@'localhost' */ /*!50003 TRIGGER `vap_blocked_domaintrgins` AFTER INSERT ON `vap_blocked_domain` FOR EACH ROW BEGIN 
INSERT INTO vsap_audit.vap_blocked_domain$aud (domain_id,domain_name,created_date,created_by,updated_date,updated_by,is_active,AUD_ACTION,AUD_TIMESTAMP,AUD_USER) 
VALUES (NEW.domain_id,NEW.domain_name,NEW.created_date,NEW.created_by,NEW.updated_date,NEW.updated_by,NEW.is_active,'INS',NOW(),CURRENT_USER());
END */$$


DELIMITER ;

/* Trigger structure for table `vap_blocked_domain` */

DELIMITER $$

/*!50003 DROP TRIGGER*//*!50032 IF EXISTS */ /*!50003 `vap_blocked_domaintrgupd` */$$

/*!50003 CREATE */ /*!50017 DEFINER = 'root'@'localhost' */ /*!50003 TRIGGER `vap_blocked_domaintrgupd` AFTER UPDATE ON `vap_blocked_domain` FOR EACH ROW BEGIN 
INSERT INTO vsap_audit.vap_blocked_domain$aud (domain_id,domain_name,created_date,created_by,updated_date,updated_by,is_active,AUD_ACTION,AUD_TIMESTAMP,AUD_USER) 
VALUES (NEW.domain_id,NEW.domain_name,NEW.created_date,NEW.created_by,NEW.updated_date,NEW.updated_by,NEW.is_active,'UPD',NOW(),CURRENT_USER());
END */$$


DELIMITER ;

/* Trigger structure for table `vap_blocked_domain` */

DELIMITER $$

/*!50003 DROP TRIGGER*//*!50032 IF EXISTS */ /*!50003 `vap_blocked_domaintrgdel` */$$

/*!50003 CREATE */ /*!50017 DEFINER = 'root'@'localhost' */ /*!50003 TRIGGER `vap_blocked_domaintrgdel` AFTER DELETE ON `vap_blocked_domain` FOR EACH ROW BEGIN 
INSERT INTO vsap_audit.vap_blocked_domain$aud (domain_id,domain_name,created_date,created_by,updated_date,updated_by,is_active,AUD_ACTION,AUD_TIMESTAMP,AUD_USER) 
VALUES (OLD.domain_id,OLD.domain_name,OLD.created_date,OLD.created_by,OLD.updated_date,OLD.updated_by,OLD.is_active,'DEL',NOW(),CURRENT_USER());
END */$$


DELIMITER ;

/* Trigger structure for table `vap_comments` */

DELIMITER $$

/*!50003 DROP TRIGGER*//*!50032 IF EXISTS */ /*!50003 `vap_commentstrgins` */$$

/*!50003 CREATE */ /*!50017 DEFINER = 'root'@'localhost' */ /*!50003 TRIGGER `vap_commentstrgins` AFTER INSERT ON `vap_comments` FOR EACH ROW BEGIN 
INSERT INTO vsap_audit.vap_comments$aud (comments_id,product_id,company_id,comments_type,comments_text,created_date,created_by,updated_date,updated_by,is_active,AUD_ACTION,AUD_TIMESTAMP,AUD_USER) 
VALUES (NEW.comments_id,NEW.product_id,NEW.company_id,NEW.comments_type,NEW.comments_text,NEW.created_date,NEW.created_by,NEW.updated_date,NEW.updated_by,NEW.is_active,'INS',NOW(),CURRENT_USER());
END */$$


DELIMITER ;

/* Trigger structure for table `vap_comments` */

DELIMITER $$

/*!50003 DROP TRIGGER*//*!50032 IF EXISTS */ /*!50003 `vap_commentstrgupd` */$$

/*!50003 CREATE */ /*!50017 DEFINER = 'root'@'localhost' */ /*!50003 TRIGGER `vap_commentstrgupd` AFTER UPDATE ON `vap_comments` FOR EACH ROW BEGIN 
INSERT INTO vsap_audit.vap_comments$aud (comments_id,product_id,company_id,comments_type,comments_text,created_date,created_by,updated_date,updated_by,is_active,AUD_ACTION,AUD_TIMESTAMP,AUD_USER) 
VALUES (NEW.comments_id,NEW.product_id,NEW.company_id,NEW.comments_type,NEW.comments_text,NEW.created_date,NEW.created_by,NEW.updated_date,NEW.updated_by,NEW.is_active,'UPD',NOW(),CURRENT_USER());
END */$$


DELIMITER ;

/* Trigger structure for table `vap_comments` */

DELIMITER $$

/*!50003 DROP TRIGGER*//*!50032 IF EXISTS */ /*!50003 `vap_commentstrgdel` */$$

/*!50003 CREATE */ /*!50017 DEFINER = 'root'@'localhost' */ /*!50003 TRIGGER `vap_commentstrgdel` AFTER DELETE ON `vap_comments` FOR EACH ROW BEGIN 
INSERT INTO vsap_audit.vap_comments$aud (comments_id,product_id,company_id,comments_type,comments_text,created_date,created_by,updated_date,updated_by,is_active,AUD_ACTION,AUD_TIMESTAMP,AUD_USER) 
VALUES (OLD.comments_id,OLD.product_id,OLD.company_id,OLD.comments_type,OLD.comments_text,OLD.created_date,OLD.created_by,OLD.updated_date,OLD.updated_by,OLD.is_active,'DEL',NOW(),CURRENT_USER());
END */$$


DELIMITER ;

/* Trigger structure for table `vap_company` */

DELIMITER $$

/*!50003 DROP TRIGGER*//*!50032 IF EXISTS */ /*!50003 `vap_companytrgins` */$$

/*!50003 CREATE */ /*!50017 DEFINER = 'root'@'localhost' */ /*!50003 TRIGGER `vap_companytrgins` AFTER INSERT ON `vap_company` FOR EACH ROW BEGIN 
INSERT INTO vsap_audit.vap_company$aud (company_id,company_name,company_legal_name,mobile,address1,city,state,country,postal_code,website,company_domain,created_date,created_by,updated_date,updated_by,is_active,sales_contact_id,cert_nda_accept_date,offline_cert_nda_id,is_suspended,AUD_ACTION,AUD_TIMESTAMP,AUD_USER) 
VALUES (NEW.company_id,NEW.company_name,NEW.company_legal_name,NEW.mobile,NEW.address1,NEW.city,NEW.state,NEW.country,NEW.postal_code,NEW.website,NEW.company_domain,NEW.created_date,NEW.created_by,NEW.updated_date,NEW.updated_by,NEW.is_active,NEW.sales_contact_id,NEW.cert_nda_accept_date,NEW.offline_cert_nda_id,NEW.is_suspended,'INS',NOW(),CURRENT_USER());
END */$$


DELIMITER ;

/* Trigger structure for table `vap_company` */

DELIMITER $$

/*!50003 DROP TRIGGER*//*!50032 IF EXISTS */ /*!50003 `vap_companytrgupd` */$$

/*!50003 CREATE */ /*!50017 DEFINER = 'root'@'localhost' */ /*!50003 TRIGGER `vap_companytrgupd` AFTER UPDATE ON `vap_company` FOR EACH ROW BEGIN 
INSERT INTO vsap_audit.vap_company$aud (company_id,company_name,company_legal_name,mobile,address1,city,state,country,postal_code,website,company_domain,created_date,created_by,updated_date,updated_by,is_active,sales_contact_id,cert_nda_accept_date,offline_cert_nda_id,is_suspended,AUD_ACTION,AUD_TIMESTAMP,AUD_USER) 
VALUES (NEW.company_id,NEW.company_name,NEW.company_legal_name,NEW.mobile,NEW.address1,NEW.city,NEW.state,NEW.country,NEW.postal_code,NEW.website,NEW.company_domain,NEW.created_date,NEW.created_by,NEW.updated_date,NEW.updated_by,NEW.is_active,NEW.sales_contact_id,NEW.cert_nda_accept_date,NEW.offline_cert_nda_id,NEW.is_suspended,'UPD',NOW(),CURRENT_USER());
END */$$


DELIMITER ;

/* Trigger structure for table `vap_company` */

DELIMITER $$

/*!50003 DROP TRIGGER*//*!50032 IF EXISTS */ /*!50003 `vap_companytrgdel` */$$

/*!50003 CREATE */ /*!50017 DEFINER = 'root'@'localhost' */ /*!50003 TRIGGER `vap_companytrgdel` AFTER DELETE ON `vap_company` FOR EACH ROW BEGIN 
INSERT INTO vsap_audit.vap_company$aud (company_id,company_name,company_legal_name,mobile,address1,city,state,country,postal_code,website,company_domain,created_date,created_by,updated_date,updated_by,is_active,sales_contact_id,cert_nda_accept_date,offline_cert_nda_id,is_suspended,AUD_ACTION,AUD_TIMESTAMP,AUD_USER) 
VALUES (OLD.company_id,OLD.company_name,OLD.company_legal_name,OLD.mobile,OLD.address1,OLD.city,OLD.state,OLD.country,OLD.postal_code,OLD.website,OLD.company_domain,OLD.created_date,OLD.created_by,OLD.updated_date,OLD.updated_by,OLD.is_active,OLD.sales_contact_id,OLD.cert_nda_accept_date,OLD.offline_cert_nda_id,OLD.is_suspended,'DEL',NOW(),CURRENT_USER());
END */$$


DELIMITER ;

/* Trigger structure for table `vap_company_join_offer` */

DELIMITER $$

/*!50003 DROP TRIGGER*//*!50032 IF EXISTS */ /*!50003 `vap_company_join_offertrgins` */$$

/*!50003 CREATE */ /*!50017 DEFINER = 'root'@'localhost' */ /*!50003 TRIGGER `vap_company_join_offertrgins` AFTER INSERT ON `vap_company_join_offer` FOR EACH ROW BEGIN 
INSERT INTO vsap_audit.vap_company_join_offer$aud (offer_id,company_id,acceptor_id,offered_to,offer_date,accept_reject_date,status,offer_type,created_date,created_by,updated_by,updated_date,is_active,AUD_ACTION,AUD_TIMESTAMP,AUD_USER) 
VALUES (NEW.offer_id,NEW.company_id,NEW.acceptor_id,NEW.offered_to,NEW.offer_date,NEW.accept_reject_date,NEW.status,NEW.offer_type,NEW.created_date,NEW.created_by,NEW.updated_by,NEW.updated_date,NEW.is_active,'INS',NOW(),CURRENT_USER());
END */$$


DELIMITER ;

/* Trigger structure for table `vap_company_join_offer` */

DELIMITER $$

/*!50003 DROP TRIGGER*//*!50032 IF EXISTS */ /*!50003 `vap_company_join_offertrgupd` */$$

/*!50003 CREATE */ /*!50017 DEFINER = 'root'@'localhost' */ /*!50003 TRIGGER `vap_company_join_offertrgupd` AFTER UPDATE ON `vap_company_join_offer` FOR EACH ROW BEGIN 
INSERT INTO vsap_audit.vap_company_join_offer$aud (offer_id,company_id,acceptor_id,offered_to,offer_date,accept_reject_date,status,offer_type,created_date,created_by,updated_by,updated_date,is_active,AUD_ACTION,AUD_TIMESTAMP,AUD_USER) 
VALUES (NEW.offer_id,NEW.company_id,NEW.acceptor_id,NEW.offered_to,NEW.offer_date,NEW.accept_reject_date,NEW.status,NEW.offer_type,NEW.created_date,NEW.created_by,NEW.updated_by,NEW.updated_date,NEW.is_active,'UPD',NOW(),CURRENT_USER());
END */$$


DELIMITER ;

/* Trigger structure for table `vap_company_join_offer` */

DELIMITER $$

/*!50003 DROP TRIGGER*//*!50032 IF EXISTS */ /*!50003 `vap_company_join_offertrgdel` */$$

/*!50003 CREATE */ /*!50017 DEFINER = 'root'@'localhost' */ /*!50003 TRIGGER `vap_company_join_offertrgdel` AFTER DELETE ON `vap_company_join_offer` FOR EACH ROW BEGIN 
INSERT INTO vsap_audit.vap_company_join_offer$aud (offer_id,company_id,acceptor_id,offered_to,offer_date,accept_reject_date,status,offer_type,created_date,created_by,updated_by,updated_date,is_active,AUD_ACTION,AUD_TIMESTAMP,AUD_USER) 
VALUES (OLD.offer_id,OLD.company_id,OLD.acceptor_id,OLD.offered_to,OLD.offer_date,OLD.accept_reject_date,OLD.status,OLD.offer_type,OLD.created_date,OLD.created_by,OLD.updated_by,OLD.updated_date,OLD.is_active,'DEL',NOW(),CURRENT_USER());
END */$$


DELIMITER ;

/* Trigger structure for table `vap_contact` */

DELIMITER $$

/*!50003 DROP TRIGGER*//*!50032 IF EXISTS */ /*!50003 `vap_contacttrgins` */$$

/*!50003 CREATE */ /*!50017 DEFINER = 'root'@'localhost' */ /*!50003 TRIGGER `vap_contacttrgins` AFTER INSERT ON `vap_contact` FOR EACH ROW BEGIN 
INSERT INTO vsap_audit.vap_contact$aud (contact_id,contact_type,name,street_address,email_address,city,phone,postal_code,mobile,country,created_date,created_by,updated_date,updated_by,is_active,state,AUD_ACTION,AUD_TIMESTAMP,AUD_USER) 
VALUES (NEW.contact_id,NEW.contact_type,NEW.name,NEW.street_address,NEW.email_address,NEW.city,NEW.phone,NEW.postal_code,NEW.mobile,NEW.country,NEW.created_date,NEW.created_by,NEW.updated_date,NEW.updated_by,NEW.is_active,NEW.state,'INS',NOW(),CURRENT_USER());
END */$$


DELIMITER ;

/* Trigger structure for table `vap_contact` */

DELIMITER $$

/*!50003 DROP TRIGGER*//*!50032 IF EXISTS */ /*!50003 `vap_contacttrgupd` */$$

/*!50003 CREATE */ /*!50017 DEFINER = 'root'@'localhost' */ /*!50003 TRIGGER `vap_contacttrgupd` AFTER UPDATE ON `vap_contact` FOR EACH ROW BEGIN 
INSERT INTO vsap_audit.vap_contact$aud (contact_id,contact_type,name,street_address,email_address,city,phone,postal_code,mobile,country,created_date,created_by,updated_date,updated_by,is_active,state,AUD_ACTION,AUD_TIMESTAMP,AUD_USER) 
VALUES (NEW.contact_id,NEW.contact_type,NEW.name,NEW.street_address,NEW.email_address,NEW.city,NEW.phone,NEW.postal_code,NEW.mobile,NEW.country,NEW.created_date,NEW.created_by,NEW.updated_date,NEW.updated_by,NEW.is_active,NEW.state,'UPD',NOW(),CURRENT_USER());
END */$$


DELIMITER ;

/* Trigger structure for table `vap_contact` */

DELIMITER $$

/*!50003 DROP TRIGGER*//*!50032 IF EXISTS */ /*!50003 `vap_contacttrgdel` */$$

/*!50003 CREATE */ /*!50017 DEFINER = 'root'@'localhost' */ /*!50003 TRIGGER `vap_contacttrgdel` AFTER DELETE ON `vap_contact` FOR EACH ROW BEGIN 
INSERT INTO vsap_audit.vap_contact$aud (contact_id,contact_type,name,street_address,email_address,city,phone,postal_code,mobile,country,created_date,created_by,updated_date,updated_by,is_active,state,AUD_ACTION,AUD_TIMESTAMP,AUD_USER) 
VALUES (OLD.contact_id,OLD.contact_type,OLD.name,OLD.street_address,OLD.email_address,OLD.city,OLD.phone,OLD.postal_code,OLD.mobile,OLD.country,OLD.created_date,OLD.created_by,OLD.updated_date,OLD.updated_by,OLD.is_active,OLD.state,'DEL',NOW(),CURRENT_USER());
END */$$


DELIMITER ;

/* Trigger structure for table `vap_email_queue` */

DELIMITER $$

/*!50003 DROP TRIGGER*//*!50032 IF EXISTS */ /*!50003 `vap_email_queuetrgins` */$$

/*!50003 CREATE */ /*!50017 DEFINER = 'root'@'localhost' */ /*!50003 TRIGGER `vap_email_queuetrgins` AFTER INSERT ON `vap_email_queue` FOR EACH ROW BEGIN 
INSERT INTO vsap_audit.vap_email_queue$aud (id,title,to_addresses,status,created_date,created_by,updated_date,updated_by,is_active,AUD_ACTION,AUD_TIMESTAMP,AUD_USER) 
VALUES (NEW.id,NEW.title,NEW.to_addresses,NEW.status,NEW.created_date,NEW.created_by,NEW.updated_date,NEW.updated_by,NEW.is_active,'INS',NOW(),CURRENT_USER());
END */$$


DELIMITER ;

/* Trigger structure for table `vap_email_queue` */

DELIMITER $$

/*!50003 DROP TRIGGER*//*!50032 IF EXISTS */ /*!50003 `vap_email_queuetrgupd` */$$

/*!50003 CREATE */ /*!50017 DEFINER = 'root'@'localhost' */ /*!50003 TRIGGER `vap_email_queuetrgupd` AFTER UPDATE ON `vap_email_queue` FOR EACH ROW BEGIN 
INSERT INTO vsap_audit.vap_email_queue$aud (id,title,to_addresses,status,created_date,created_by,updated_date,updated_by,is_active,AUD_ACTION,AUD_TIMESTAMP,AUD_USER) 
VALUES (NEW.id,NEW.title,NEW.to_addresses,NEW.status,NEW.created_date,NEW.created_by,NEW.updated_date,NEW.updated_by,NEW.is_active,'UPD',NOW(),CURRENT_USER());
END */$$


DELIMITER ;

/* Trigger structure for table `vap_email_queue` */

DELIMITER $$

/*!50003 DROP TRIGGER*//*!50032 IF EXISTS */ /*!50003 `vap_email_queuetrgdel` */$$

/*!50003 CREATE */ /*!50017 DEFINER = 'root'@'localhost' */ /*!50003 TRIGGER `vap_email_queuetrgdel` AFTER DELETE ON `vap_email_queue` FOR EACH ROW BEGIN 
INSERT INTO vsap_audit.vap_email_queue$aud (id,title,to_addresses,status,created_date,created_by,updated_date,updated_by,is_active,AUD_ACTION,AUD_TIMESTAMP,AUD_USER) 
VALUES (OLD.id,OLD.title,OLD.to_addresses,OLD.status,OLD.created_date,OLD.created_by,OLD.updated_date,OLD.updated_by,OLD.is_active,'DEL',NOW(),CURRENT_USER());
END */$$


DELIMITER ;

/* Trigger structure for table `vap_event_place_holders` */

DELIMITER $$

/*!50003 DROP TRIGGER*//*!50032 IF EXISTS */ /*!50003 `vap_event_place_holderstrgins` */$$

/*!50003 CREATE */ /*!50017 DEFINER = 'root'@'localhost' */ /*!50003 TRIGGER `vap_event_place_holderstrgins` AFTER INSERT ON `vap_event_place_holders` FOR EACH ROW BEGIN 
INSERT INTO vsap_audit.vap_event_place_holders$aud (place_holder_id,event_id,AUD_ACTION,AUD_TIMESTAMP,AUD_USER) 
VALUES (NEW.place_holder_id,NEW.event_id,'INS',NOW(),CURRENT_USER());
END */$$


DELIMITER ;

/* Trigger structure for table `vap_event_place_holders` */

DELIMITER $$

/*!50003 DROP TRIGGER*//*!50032 IF EXISTS */ /*!50003 `vap_event_place_holderstrgupd` */$$

/*!50003 CREATE */ /*!50017 DEFINER = 'root'@'localhost' */ /*!50003 TRIGGER `vap_event_place_holderstrgupd` AFTER UPDATE ON `vap_event_place_holders` FOR EACH ROW BEGIN 
INSERT INTO vsap_audit.vap_event_place_holders$aud (place_holder_id,event_id,AUD_ACTION,AUD_TIMESTAMP,AUD_USER) 
VALUES (NEW.place_holder_id,NEW.event_id,'UPD',NOW(),CURRENT_USER());
END */$$


DELIMITER ;

/* Trigger structure for table `vap_event_place_holders` */

DELIMITER $$

/*!50003 DROP TRIGGER*//*!50032 IF EXISTS */ /*!50003 `vap_event_place_holderstrgdel` */$$

/*!50003 CREATE */ /*!50017 DEFINER = 'root'@'localhost' */ /*!50003 TRIGGER `vap_event_place_holderstrgdel` AFTER DELETE ON `vap_event_place_holders` FOR EACH ROW BEGIN 
INSERT INTO vsap_audit.vap_event_place_holders$aud (place_holder_id,event_id,AUD_ACTION,AUD_TIMESTAMP,AUD_USER) 
VALUES (OLD.place_holder_id,OLD.event_id,'DEL',NOW(),CURRENT_USER());
END */$$


DELIMITER ;

/* Trigger structure for table `vap_events` */

DELIMITER $$

/*!50003 DROP TRIGGER*//*!50032 IF EXISTS */ /*!50003 `vap_eventstrgins` */$$

/*!50003 CREATE */ /*!50017 DEFINER = 'root'@'localhost' */ /*!50003 TRIGGER `vap_eventstrgins` AFTER INSERT ON `vap_events` FOR EACH ROW BEGIN 
INSERT INTO vsap_audit.vap_events$aud (event_id,event_name,event_desc,created_date,created_by,updated_date,updated_by,is_active,AUD_ACTION,AUD_TIMESTAMP,AUD_USER) 
VALUES (NEW.event_id,NEW.event_name,NEW.event_desc,NEW.created_date,NEW.created_by,NEW.updated_date,NEW.updated_by,NEW.is_active,'INS',NOW(),CURRENT_USER());
END */$$


DELIMITER ;

/* Trigger structure for table `vap_events` */

DELIMITER $$

/*!50003 DROP TRIGGER*//*!50032 IF EXISTS */ /*!50003 `vap_eventstrgupd` */$$

/*!50003 CREATE */ /*!50017 DEFINER = 'root'@'localhost' */ /*!50003 TRIGGER `vap_eventstrgupd` AFTER UPDATE ON `vap_events` FOR EACH ROW BEGIN 
INSERT INTO vsap_audit.vap_events$aud (event_id,event_name,event_desc,created_date,created_by,updated_date,updated_by,is_active,AUD_ACTION,AUD_TIMESTAMP,AUD_USER) 
VALUES (NEW.event_id,NEW.event_name,NEW.event_desc,NEW.created_date,NEW.created_by,NEW.updated_date,NEW.updated_by,NEW.is_active,'UPD',NOW(),CURRENT_USER());
END */$$


DELIMITER ;

/* Trigger structure for table `vap_events` */

DELIMITER $$

/*!50003 DROP TRIGGER*//*!50032 IF EXISTS */ /*!50003 `vap_eventstrgdel` */$$

/*!50003 CREATE */ /*!50017 DEFINER = 'root'@'localhost' */ /*!50003 TRIGGER `vap_eventstrgdel` AFTER DELETE ON `vap_events` FOR EACH ROW BEGIN 
INSERT INTO vsap_audit.vap_events$aud (event_id,event_name,event_desc,created_date,created_by,updated_date,updated_by,is_active,AUD_ACTION,AUD_TIMESTAMP,AUD_USER) 
VALUES (OLD.event_id,OLD.event_name,OLD.event_desc,OLD.created_date,OLD.created_by,OLD.updated_date,OLD.updated_by,OLD.is_active,'DEL',NOW(),CURRENT_USER());
END */$$


DELIMITER ;

/* Trigger structure for table `vap_main_menu` */

DELIMITER $$

/*!50003 DROP TRIGGER*//*!50032 IF EXISTS */ /*!50003 `vap_main_menutrgins` */$$

/*!50003 CREATE */ /*!50017 DEFINER = 'root'@'localhost' */ /*!50003 TRIGGER `vap_main_menutrgins` AFTER INSERT ON `vap_main_menu` FOR EACH ROW BEGIN 
INSERT INTO vsap_audit.vap_main_menu$aud (id,name,sort_order,AUD_ACTION,AUD_TIMESTAMP,AUD_USER) 
VALUES (NEW.id,NEW.name,NEW.sort_order,'INS',NOW(),CURRENT_USER());
END */$$


DELIMITER ;

/* Trigger structure for table `vap_main_menu` */

DELIMITER $$

/*!50003 DROP TRIGGER*//*!50032 IF EXISTS */ /*!50003 `vap_main_menutrgupd` */$$

/*!50003 CREATE */ /*!50017 DEFINER = 'root'@'localhost' */ /*!50003 TRIGGER `vap_main_menutrgupd` AFTER UPDATE ON `vap_main_menu` FOR EACH ROW BEGIN 
INSERT INTO vsap_audit.vap_main_menu$aud (id,name,sort_order,AUD_ACTION,AUD_TIMESTAMP,AUD_USER) 
VALUES (NEW.id,NEW.name,NEW.sort_order,'UPD',NOW(),CURRENT_USER());
END */$$


DELIMITER ;

/* Trigger structure for table `vap_main_menu` */

DELIMITER $$

/*!50003 DROP TRIGGER*//*!50032 IF EXISTS */ /*!50003 `vap_main_menutrgdel` */$$

/*!50003 CREATE */ /*!50017 DEFINER = 'root'@'localhost' */ /*!50003 TRIGGER `vap_main_menutrgdel` AFTER DELETE ON `vap_main_menu` FOR EACH ROW BEGIN 
INSERT INTO vsap_audit.vap_main_menu$aud (id,name,sort_order,AUD_ACTION,AUD_TIMESTAMP,AUD_USER) 
VALUES (OLD.id,OLD.name,OLD.sort_order,'DEL',NOW(),CURRENT_USER());
END */$$


DELIMITER ;

/* Trigger structure for table `vap_media` */

DELIMITER $$

/*!50003 DROP TRIGGER*//*!50032 IF EXISTS */ /*!50003 `vap_mediatrgins` */$$

/*!50003 CREATE */ /*!50017 DEFINER = 'root'@'localhost' */ /*!50003 TRIGGER `vap_mediatrgins` AFTER INSERT ON `vap_media` FOR EACH ROW BEGIN 
INSERT INTO vsap_audit.vap_media$aud (media_id,file_name,file_length,file_type,created_date,created_by,updated_date,updated_by,is_active,AUD_ACTION,AUD_TIMESTAMP,AUD_USER) 
VALUES (NEW.media_id,NEW.file_name,NEW.file_length,NEW.file_type,NEW.created_date,NEW.created_by,NEW.updated_date,NEW.updated_by,NEW.is_active,'INS',NOW(),CURRENT_USER());
END */$$


DELIMITER ;

/* Trigger structure for table `vap_media` */

DELIMITER $$

/*!50003 DROP TRIGGER*//*!50032 IF EXISTS */ /*!50003 `vap_mediatrgupd` */$$

/*!50003 CREATE */ /*!50017 DEFINER = 'root'@'localhost' */ /*!50003 TRIGGER `vap_mediatrgupd` AFTER UPDATE ON `vap_media` FOR EACH ROW BEGIN 
INSERT INTO vsap_audit.vap_media$aud (media_id,file_name,file_length,file_type,created_date,created_by,updated_date,updated_by,is_active,AUD_ACTION,AUD_TIMESTAMP,AUD_USER) 
VALUES (NEW.media_id,NEW.file_name,NEW.file_length,NEW.file_type,NEW.created_date,NEW.created_by,NEW.updated_date,NEW.updated_by,NEW.is_active,'UPD',NOW(),CURRENT_USER());
END */$$


DELIMITER ;

/* Trigger structure for table `vap_media` */

DELIMITER $$

/*!50003 DROP TRIGGER*//*!50032 IF EXISTS */ /*!50003 `vap_mediatrgdel` */$$

/*!50003 CREATE */ /*!50017 DEFINER = 'root'@'localhost' */ /*!50003 TRIGGER `vap_mediatrgdel` AFTER DELETE ON `vap_media` FOR EACH ROW BEGIN 
INSERT INTO vsap_audit.vap_media$aud (media_id,file_name,file_length,file_type,created_date,created_by,updated_date,updated_by,is_active,AUD_ACTION,AUD_TIMESTAMP,AUD_USER) 
VALUES (OLD.media_id,OLD.file_name,OLD.file_length,OLD.file_type,OLD.created_date,OLD.created_by,OLD.updated_date,OLD.updated_by,OLD.is_active,'DEL',NOW(),CURRENT_USER());
END */$$


DELIMITER ;

/* Trigger structure for table `vap_notif_ad_hoc_recipients` */

DELIMITER $$

/*!50003 DROP TRIGGER*//*!50032 IF EXISTS */ /*!50003 `vap_notif_ad_hoc_recipientstrgins` */$$

/*!50003 CREATE */ /*!50017 DEFINER = 'root'@'localhost' */ /*!50003 TRIGGER `vap_notif_ad_hoc_recipientstrgins` AFTER INSERT ON `vap_notif_ad_hoc_recipients` FOR EACH ROW BEGIN 
INSERT INTO vsap_audit.vap_notif_ad_hoc_recipients$aud (notification_id,email_address,created_date,created_by,updated_date,updated_by,is_active,AUD_ACTION,AUD_TIMESTAMP,AUD_USER) 
VALUES (NEW.notification_id,NEW.email_address,NEW.created_date,NEW.created_by,NEW.updated_date,NEW.updated_by,NEW.is_active,'INS',NOW(),CURRENT_USER());
END */$$


DELIMITER ;

/* Trigger structure for table `vap_notif_ad_hoc_recipients` */

DELIMITER $$

/*!50003 DROP TRIGGER*//*!50032 IF EXISTS */ /*!50003 `vap_notif_ad_hoc_recipientstrgupd` */$$

/*!50003 CREATE */ /*!50017 DEFINER = 'root'@'localhost' */ /*!50003 TRIGGER `vap_notif_ad_hoc_recipientstrgupd` AFTER UPDATE ON `vap_notif_ad_hoc_recipients` FOR EACH ROW BEGIN 
INSERT INTO vsap_audit.vap_notif_ad_hoc_recipients$aud (notification_id,email_address,created_date,created_by,updated_date,updated_by,is_active,AUD_ACTION,AUD_TIMESTAMP,AUD_USER) 
VALUES (NEW.notification_id,NEW.email_address,NEW.created_date,NEW.created_by,NEW.updated_date,NEW.updated_by,NEW.is_active,'UPD',NOW(),CURRENT_USER());
END */$$


DELIMITER ;

/* Trigger structure for table `vap_notif_ad_hoc_recipients` */

DELIMITER $$

/*!50003 DROP TRIGGER*//*!50032 IF EXISTS */ /*!50003 `vap_notif_ad_hoc_recipientstrgdel` */$$

/*!50003 CREATE */ /*!50017 DEFINER = 'root'@'localhost' */ /*!50003 TRIGGER `vap_notif_ad_hoc_recipientstrgdel` AFTER DELETE ON `vap_notif_ad_hoc_recipients` FOR EACH ROW BEGIN 
INSERT INTO vsap_audit.vap_notif_ad_hoc_recipients$aud (notification_id,email_address,created_date,created_by,updated_date,updated_by,is_active,AUD_ACTION,AUD_TIMESTAMP,AUD_USER) 
VALUES (OLD.notification_id,OLD.email_address,OLD.created_date,OLD.created_by,OLD.updated_date,OLD.updated_by,OLD.is_active,'DEL',NOW(),CURRENT_USER());
END */$$


DELIMITER ;

/* Trigger structure for table `vap_notification_optout` */

DELIMITER $$

/*!50003 DROP TRIGGER*//*!50032 IF EXISTS */ /*!50003 `vap_notification_optouttrgins` */$$

/*!50003 CREATE */ /*!50017 DEFINER = 'root'@'localhost' */ /*!50003 TRIGGER `vap_notification_optouttrgins` AFTER INSERT ON `vap_notification_optout` FOR EACH ROW BEGIN 
INSERT INTO vsap_audit.vap_notification_optout$aud (notification_id,user_id,created_date,created_by,updated_date,updated_by,is_active,notification_optout_id,AUD_ACTION,AUD_TIMESTAMP,AUD_USER) 
VALUES (NEW.notification_id,NEW.user_id,NEW.created_date,NEW.created_by,NEW.updated_date,NEW.updated_by,NEW.is_active,NEW.notification_optout_id,'INS',NOW(),CURRENT_USER());
END */$$


DELIMITER ;

/* Trigger structure for table `vap_notification_optout` */

DELIMITER $$

/*!50003 DROP TRIGGER*//*!50032 IF EXISTS */ /*!50003 `vap_notification_optouttrgupd` */$$

/*!50003 CREATE */ /*!50017 DEFINER = 'root'@'localhost' */ /*!50003 TRIGGER `vap_notification_optouttrgupd` AFTER UPDATE ON `vap_notification_optout` FOR EACH ROW BEGIN 
INSERT INTO vsap_audit.vap_notification_optout$aud (notification_id,user_id,created_date,created_by,updated_date,updated_by,is_active,notification_optout_id,AUD_ACTION,AUD_TIMESTAMP,AUD_USER) 
VALUES (NEW.notification_id,NEW.user_id,NEW.created_date,NEW.created_by,NEW.updated_date,NEW.updated_by,NEW.is_active,NEW.notification_optout_id,'UPD',NOW(),CURRENT_USER());
END */$$


DELIMITER ;

/* Trigger structure for table `vap_notification_optout` */

DELIMITER $$

/*!50003 DROP TRIGGER*//*!50032 IF EXISTS */ /*!50003 `vap_notification_optouttrgdel` */$$

/*!50003 CREATE */ /*!50017 DEFINER = 'root'@'localhost' */ /*!50003 TRIGGER `vap_notification_optouttrgdel` AFTER DELETE ON `vap_notification_optout` FOR EACH ROW BEGIN 
INSERT INTO vsap_audit.vap_notification_optout$aud (notification_id,user_id,created_date,created_by,updated_date,updated_by,is_active,notification_optout_id,AUD_ACTION,AUD_TIMESTAMP,AUD_USER) 
VALUES (OLD.notification_id,OLD.user_id,OLD.created_date,OLD.created_by,OLD.updated_date,OLD.updated_by,OLD.is_active,OLD.notification_optout_id,'DEL',NOW(),CURRENT_USER());
END */$$


DELIMITER ;

/* Trigger structure for table `vap_notification_roles` */

DELIMITER $$

/*!50003 DROP TRIGGER*//*!50032 IF EXISTS */ /*!50003 `vap_notification_rolestrgins` */$$

/*!50003 CREATE */ /*!50017 DEFINER = 'root'@'localhost' */ /*!50003 TRIGGER `vap_notification_rolestrgins` AFTER INSERT ON `vap_notification_roles` FOR EACH ROW BEGIN 
INSERT INTO vsap_audit.vap_notification_roles$aud (notification_id,role_id,created_date,created_by,updated_date,updated_by,is_active,AUD_ACTION,AUD_TIMESTAMP,AUD_USER) 
VALUES (NEW.notification_id,NEW.role_id,NEW.created_date,NEW.created_by,NEW.updated_date,NEW.updated_by,NEW.is_active,'INS',NOW(),CURRENT_USER());
END */$$


DELIMITER ;

/* Trigger structure for table `vap_notification_roles` */

DELIMITER $$

/*!50003 DROP TRIGGER*//*!50032 IF EXISTS */ /*!50003 `vap_notification_rolestrgupd` */$$

/*!50003 CREATE */ /*!50017 DEFINER = 'root'@'localhost' */ /*!50003 TRIGGER `vap_notification_rolestrgupd` AFTER UPDATE ON `vap_notification_roles` FOR EACH ROW BEGIN 
INSERT INTO vsap_audit.vap_notification_roles$aud (notification_id,role_id,created_date,created_by,updated_date,updated_by,is_active,AUD_ACTION,AUD_TIMESTAMP,AUD_USER) 
VALUES (NEW.notification_id,NEW.role_id,NEW.created_date,NEW.created_by,NEW.updated_date,NEW.updated_by,NEW.is_active,'UPD',NOW(),CURRENT_USER());
END */$$


DELIMITER ;

/* Trigger structure for table `vap_notification_roles` */

DELIMITER $$

/*!50003 DROP TRIGGER*//*!50032 IF EXISTS */ /*!50003 `vap_notification_rolestrgdel` */$$

/*!50003 CREATE */ /*!50017 DEFINER = 'root'@'localhost' */ /*!50003 TRIGGER `vap_notification_rolestrgdel` AFTER DELETE ON `vap_notification_roles` FOR EACH ROW BEGIN 
INSERT INTO vsap_audit.vap_notification_roles$aud (notification_id,role_id,created_date,created_by,updated_date,updated_by,is_active,AUD_ACTION,AUD_TIMESTAMP,AUD_USER) 
VALUES (OLD.notification_id,OLD.role_id,OLD.created_date,OLD.created_by,OLD.updated_date,OLD.updated_by,OLD.is_active,'DEL',NOW(),CURRENT_USER());
END */$$


DELIMITER ;

/* Trigger structure for table `vap_notifications` */

DELIMITER $$

/*!50003 DROP TRIGGER*//*!50032 IF EXISTS */ /*!50003 `vap_notificationstrgins` */$$

/*!50003 CREATE */ /*!50017 DEFINER = 'root'@'localhost' */ /*!50003 TRIGGER `vap_notificationstrgins` AFTER INSERT ON `vap_notifications` FOR EACH ROW BEGIN 
INSERT INTO vsap_audit.vap_notifications$aud (notification_id,event_id,notification_title,notification_description,email_text,created_date,created_by,updated_date,updated_by,is_active,AUD_ACTION,AUD_TIMESTAMP,AUD_USER) 
VALUES (NEW.notification_id,NEW.event_id,NEW.notification_title,NEW.notification_description,NEW.email_text,NEW.created_date,NEW.created_by,NEW.updated_date,NEW.updated_by,NEW.is_active,'INS',NOW(),CURRENT_USER());
END */$$


DELIMITER ;

/* Trigger structure for table `vap_notifications` */

DELIMITER $$

/*!50003 DROP TRIGGER*//*!50032 IF EXISTS */ /*!50003 `vap_notificationstrgupd` */$$

/*!50003 CREATE */ /*!50017 DEFINER = 'root'@'localhost' */ /*!50003 TRIGGER `vap_notificationstrgupd` AFTER UPDATE ON `vap_notifications` FOR EACH ROW BEGIN 
INSERT INTO vsap_audit.vap_notifications$aud (notification_id,event_id,notification_title,notification_description,email_text,created_date,created_by,updated_date,updated_by,is_active,AUD_ACTION,AUD_TIMESTAMP,AUD_USER) 
VALUES (NEW.notification_id,NEW.event_id,NEW.notification_title,NEW.notification_description,NEW.email_text,NEW.created_date,NEW.created_by,NEW.updated_date,NEW.updated_by,NEW.is_active,'UPD',NOW(),CURRENT_USER());
END */$$


DELIMITER ;

/* Trigger structure for table `vap_notifications` */

DELIMITER $$

/*!50003 DROP TRIGGER*//*!50032 IF EXISTS */ /*!50003 `vap_notificationstrgdel` */$$

/*!50003 CREATE */ /*!50017 DEFINER = 'root'@'localhost' */ /*!50003 TRIGGER `vap_notificationstrgdel` AFTER DELETE ON `vap_notifications` FOR EACH ROW BEGIN 
INSERT INTO vsap_audit.vap_notifications$aud (notification_id,event_id,notification_title,notification_description,email_text,created_date,created_by,updated_date,updated_by,is_active,AUD_ACTION,AUD_TIMESTAMP,AUD_USER) 
VALUES (OLD.notification_id,OLD.event_id,OLD.notification_title,OLD.notification_description,OLD.email_text,OLD.created_date,OLD.created_by,OLD.updated_date,OLD.updated_by,OLD.is_active,'DEL',NOW(),CURRENT_USER());
END */$$


DELIMITER ;

/* Trigger structure for table `vap_place_holders` */

DELIMITER $$

/*!50003 DROP TRIGGER*//*!50032 IF EXISTS */ /*!50003 `vap_place_holderstrgins` */$$

/*!50003 CREATE */ /*!50017 DEFINER = 'root'@'localhost' */ /*!50003 TRIGGER `vap_place_holderstrgins` AFTER INSERT ON `vap_place_holders` FOR EACH ROW BEGIN 
INSERT INTO vsap_audit.vap_place_holders$aud (place_holder_id,place_holder_display_name,created_date,created_by,updated_date,updated_by,is_active,AUD_ACTION,AUD_TIMESTAMP,AUD_USER) 
VALUES (NEW.place_holder_id,NEW.place_holder_display_name,NEW.created_date,NEW.created_by,NEW.updated_date,NEW.updated_by,NEW.is_active,'INS',NOW(),CURRENT_USER());
END */$$


DELIMITER ;

/* Trigger structure for table `vap_place_holders` */

DELIMITER $$

/*!50003 DROP TRIGGER*//*!50032 IF EXISTS */ /*!50003 `vap_place_holderstrgupd` */$$

/*!50003 CREATE */ /*!50017 DEFINER = 'root'@'localhost' */ /*!50003 TRIGGER `vap_place_holderstrgupd` AFTER UPDATE ON `vap_place_holders` FOR EACH ROW BEGIN 
INSERT INTO vsap_audit.vap_place_holders$aud (place_holder_id,place_holder_display_name,created_date,created_by,updated_date,updated_by,is_active,AUD_ACTION,AUD_TIMESTAMP,AUD_USER) 
VALUES (NEW.place_holder_id,NEW.place_holder_display_name,NEW.created_date,NEW.created_by,NEW.updated_date,NEW.updated_by,NEW.is_active,'UPD',NOW(),CURRENT_USER());
END */$$


DELIMITER ;

/* Trigger structure for table `vap_place_holders` */

DELIMITER $$

/*!50003 DROP TRIGGER*//*!50032 IF EXISTS */ /*!50003 `vap_place_holderstrgdel` */$$

/*!50003 CREATE */ /*!50017 DEFINER = 'root'@'localhost' */ /*!50003 TRIGGER `vap_place_holderstrgdel` AFTER DELETE ON `vap_place_holders` FOR EACH ROW BEGIN 
INSERT INTO vsap_audit.vap_place_holders$aud (place_holder_id,place_holder_display_name,created_date,created_by,updated_date,updated_by,is_active,AUD_ACTION,AUD_TIMESTAMP,AUD_USER) 
VALUES (OLD.place_holder_id,OLD.place_holder_display_name,OLD.created_date,OLD.created_by,OLD.updated_date,OLD.updated_by,OLD.is_active,'DEL',NOW(),CURRENT_USER());
END */$$


DELIMITER ;

/* Trigger structure for table `vap_product_attachments` */

DELIMITER $$

/*!50003 DROP TRIGGER*//*!50032 IF EXISTS */ /*!50003 `vap_product_attachmentstrgins` */$$

/*!50003 CREATE */ /*!50017 DEFINER = 'root'@'localhost' */ /*!50003 TRIGGER `vap_product_attachmentstrgins` AFTER INSERT ON `vap_product_attachments` FOR EACH ROW BEGIN 
INSERT INTO vsap_audit.vap_product_attachments$aud (attachment_id,file_field_name,product_id,media_id,created_date,created_by,updated_date,updated_by,is_active,tab,AUD_ACTION,AUD_TIMESTAMP,AUD_USER) 
VALUES (NEW.attachment_id,NEW.file_field_name,NEW.product_id,NEW.media_id,NEW.created_date,NEW.created_by,NEW.updated_date,NEW.updated_by,NEW.is_active,NEW.tab,'INS',NOW(),CURRENT_USER());
END */$$


DELIMITER ;

/* Trigger structure for table `vap_product_attachments` */

DELIMITER $$

/*!50003 DROP TRIGGER*//*!50032 IF EXISTS */ /*!50003 `vap_product_attachmentstrgupd` */$$

/*!50003 CREATE */ /*!50017 DEFINER = 'root'@'localhost' */ /*!50003 TRIGGER `vap_product_attachmentstrgupd` AFTER UPDATE ON `vap_product_attachments` FOR EACH ROW BEGIN 
INSERT INTO vsap_audit.vap_product_attachments$aud (attachment_id,file_field_name,product_id,media_id,created_date,created_by,updated_date,updated_by,is_active,tab,AUD_ACTION,AUD_TIMESTAMP,AUD_USER) 
VALUES (NEW.attachment_id,NEW.file_field_name,NEW.product_id,NEW.media_id,NEW.created_date,NEW.created_by,NEW.updated_date,NEW.updated_by,NEW.is_active,NEW.tab,'UPD',NOW(),CURRENT_USER());
END */$$


DELIMITER ;

/* Trigger structure for table `vap_product_attachments` */

DELIMITER $$

/*!50003 DROP TRIGGER*//*!50032 IF EXISTS */ /*!50003 `vap_product_attachmentstrgdel` */$$

/*!50003 CREATE */ /*!50017 DEFINER = 'root'@'localhost' */ /*!50003 TRIGGER `vap_product_attachmentstrgdel` AFTER DELETE ON `vap_product_attachments` FOR EACH ROW BEGIN 
INSERT INTO vsap_audit.vap_product_attachments$aud (attachment_id,file_field_name,product_id,media_id,created_date,created_by,updated_date,updated_by,is_active,tab,AUD_ACTION,AUD_TIMESTAMP,AUD_USER) 
VALUES (OLD.attachment_id,OLD.file_field_name,OLD.product_id,OLD.media_id,OLD.created_date,OLD.created_by,OLD.updated_date,OLD.updated_by,OLD.is_active,OLD.tab,'DEL',NOW(),CURRENT_USER());
END */$$


DELIMITER ;

/* Trigger structure for table `vap_product_process_info` */

DELIMITER $$

/*!50003 DROP TRIGGER*//*!50032 IF EXISTS */ /*!50003 `vap_product_process_infotrgins` */$$

/*!50003 CREATE */ /*!50017 DEFINER = 'root'@'localhost' */ /*!50003 TRIGGER `vap_product_process_infotrgins` AFTER INSERT ON `vap_product_process_info` FOR EACH ROW BEGIN 
INSERT INTO vsap_audit.vap_product_process_info$aud (process_id,ring_association,eccn,ccats,created_date,created_by,updated_date,updated_by,is_active,agreement_accept_title,device_marketing_input_status,product_info_input_status,export_compliance_input_status,upload_pdf_input_status,AUD_ACTION,AUD_TIMESTAMP,AUD_USER) 
VALUES (NEW.process_id,NEW.ring_association,NEW.eccn,NEW.ccats,NEW.created_date,NEW.created_by,NEW.updated_date,NEW.updated_by,NEW.is_active,NEW.agreement_accept_title,NEW.device_marketing_input_status,NEW.product_info_input_status,NEW.export_compliance_input_status,NEW.upload_pdf_input_status,'INS',NOW(),CURRENT_USER());
END */$$


DELIMITER ;

/* Trigger structure for table `vap_product_process_info` */

DELIMITER $$

/*!50003 DROP TRIGGER*//*!50032 IF EXISTS */ /*!50003 `vap_product_process_infotrgupd` */$$

/*!50003 CREATE */ /*!50017 DEFINER = 'root'@'localhost' */ /*!50003 TRIGGER `vap_product_process_infotrgupd` AFTER UPDATE ON `vap_product_process_info` FOR EACH ROW BEGIN 
INSERT INTO vsap_audit.vap_product_process_info$aud (process_id,ring_association,eccn,ccats,created_date,created_by,updated_date,updated_by,is_active,agreement_accept_title,device_marketing_input_status,product_info_input_status,export_compliance_input_status,upload_pdf_input_status,AUD_ACTION,AUD_TIMESTAMP,AUD_USER) 
VALUES (NEW.process_id,NEW.ring_association,NEW.eccn,NEW.ccats,NEW.created_date,NEW.created_by,NEW.updated_date,NEW.updated_by,NEW.is_active,NEW.agreement_accept_title,NEW.device_marketing_input_status,NEW.product_info_input_status,NEW.export_compliance_input_status,NEW.upload_pdf_input_status,'UPD',NOW(),CURRENT_USER());
END */$$


DELIMITER ;

/* Trigger structure for table `vap_product_process_info` */

DELIMITER $$

/*!50003 DROP TRIGGER*//*!50032 IF EXISTS */ /*!50003 `vap_product_process_infotrgdel` */$$

/*!50003 CREATE */ /*!50017 DEFINER = 'root'@'localhost' */ /*!50003 TRIGGER `vap_product_process_infotrgdel` AFTER DELETE ON `vap_product_process_info` FOR EACH ROW BEGIN 
INSERT INTO vsap_audit.vap_product_process_info$aud (process_id,ring_association,eccn,ccats,created_date,created_by,updated_date,updated_by,is_active,agreement_accept_title,device_marketing_input_status,product_info_input_status,export_compliance_input_status,upload_pdf_input_status,AUD_ACTION,AUD_TIMESTAMP,AUD_USER) 
VALUES (OLD.process_id,OLD.ring_association,OLD.eccn,OLD.ccats,OLD.created_date,OLD.created_by,OLD.updated_date,OLD.updated_by,OLD.is_active,OLD.agreement_accept_title,OLD.device_marketing_input_status,OLD.product_info_input_status,OLD.export_compliance_input_status,OLD.upload_pdf_input_status,'DEL',NOW(),CURRENT_USER());
END */$$


DELIMITER ;

/* Trigger structure for table `vap_product_supported_device` */

DELIMITER $$

/*!50003 DROP TRIGGER*//*!50032 IF EXISTS */ /*!50003 `vap_product_supported_devicetrgins` */$$

/*!50003 CREATE */ /*!50017 DEFINER = 'root'@'localhost' */ /*!50003 TRIGGER `vap_product_supported_devicetrgins` AFTER INSERT ON `vap_product_supported_device` FOR EACH ROW BEGIN 
INSERT INTO vsap_audit.vap_product_supported_device$aud (device_id,product_id,device_name,created_date,created_by,updated_date,updated_by,is_active,AUD_ACTION,AUD_TIMESTAMP,AUD_USER) 
VALUES (NEW.device_id,NEW.product_id,NEW.device_name,NEW.created_date,NEW.created_by,NEW.updated_date,NEW.updated_by,NEW.is_active,'INS',NOW(),CURRENT_USER());
END */$$


DELIMITER ;

/* Trigger structure for table `vap_product_supported_device` */

DELIMITER $$

/*!50003 DROP TRIGGER*//*!50032 IF EXISTS */ /*!50003 `vap_product_supported_devicetrgupd` */$$

/*!50003 CREATE */ /*!50017 DEFINER = 'root'@'localhost' */ /*!50003 TRIGGER `vap_product_supported_devicetrgupd` AFTER UPDATE ON `vap_product_supported_device` FOR EACH ROW BEGIN 
INSERT INTO vsap_audit.vap_product_supported_device$aud (device_id,product_id,device_name,created_date,created_by,updated_date,updated_by,is_active,AUD_ACTION,AUD_TIMESTAMP,AUD_USER) 
VALUES (NEW.device_id,NEW.product_id,NEW.device_name,NEW.created_date,NEW.created_by,NEW.updated_date,NEW.updated_by,NEW.is_active,'UPD',NOW(),CURRENT_USER());
END */$$


DELIMITER ;

/* Trigger structure for table `vap_product_supported_device` */

DELIMITER $$

/*!50003 DROP TRIGGER*//*!50032 IF EXISTS */ /*!50003 `vap_product_supported_devicetrgdel` */$$

/*!50003 CREATE */ /*!50017 DEFINER = 'root'@'localhost' */ /*!50003 TRIGGER `vap_product_supported_devicetrgdel` AFTER DELETE ON `vap_product_supported_device` FOR EACH ROW BEGIN 
INSERT INTO vsap_audit.vap_product_supported_device$aud (device_id,product_id,device_name,created_date,created_by,updated_date,updated_by,is_active,AUD_ACTION,AUD_TIMESTAMP,AUD_USER) 
VALUES (OLD.device_id,OLD.product_id,OLD.device_name,OLD.created_date,OLD.created_by,OLD.updated_date,OLD.updated_by,OLD.is_active,'DEL',NOW(),CURRENT_USER());
END */$$


DELIMITER ;

/* Trigger structure for table `vap_products` */

DELIMITER $$

/*!50003 DROP TRIGGER*//*!50032 IF EXISTS */ /*!50003 `vap_productstrgins` */$$

/*!50003 CREATE */ /*!50017 DEFINER = 'root'@'localhost' */ /*!50003 TRIGGER `vap_productstrgins` AFTER INSERT ON `vap_products` FOR EACH ROW BEGIN 
INSERT INTO vsap_audit.vap_products$aud (product_id,company_id,status,product_type,product_name,submitted_date,submitted_by,model_number,description,product_category,part_number,sample_tracking,availability_date,vzw_exclusive,target_segment,device_need,positioning_statement,unique_functionality,main_competition,paltform_supported,connectivity_type,cloud_supported,form_requirements,product_dimensions,item_included,product_contact_id,process_id,created_date,created_by,updated_date,updated_by,is_active,AUD_ACTION,AUD_TIMESTAMP,AUD_USER) 
VALUES (NEW.product_id,NEW.company_id,NEW.status,NEW.product_type,NEW.product_name,NEW.submitted_date,NEW.submitted_by,NEW.model_number,NEW.description,NEW.product_category,NEW.part_number,NEW.sample_tracking,NEW.availability_date,NEW.vzw_exclusive,NEW.target_segment,NEW.device_need,NEW.positioning_statement,NEW.unique_functionality,NEW.main_competition,NEW.paltform_supported,NEW.connectivity_type,NEW.cloud_supported,NEW.form_requirements,NEW.product_dimensions,NEW.item_included,NEW.product_contact_id,NEW.process_id,NEW.created_date,NEW.created_by,NEW.updated_date,NEW.updated_by,NEW.is_active,'INS',NOW(),CURRENT_USER());
END */$$


DELIMITER ;

/* Trigger structure for table `vap_products` */

DELIMITER $$

/*!50003 DROP TRIGGER*//*!50032 IF EXISTS */ /*!50003 `vap_productstrgupd` */$$

/*!50003 CREATE */ /*!50017 DEFINER = 'root'@'localhost' */ /*!50003 TRIGGER `vap_productstrgupd` AFTER UPDATE ON `vap_products` FOR EACH ROW BEGIN 
INSERT INTO vsap_audit.vap_products$aud (product_id,company_id,status,product_type,product_name,submitted_date,submitted_by,model_number,description,product_category,part_number,sample_tracking,availability_date,vzw_exclusive,target_segment,device_need,positioning_statement,unique_functionality,main_competition,paltform_supported,connectivity_type,cloud_supported,form_requirements,product_dimensions,item_included,product_contact_id,process_id,created_date,created_by,updated_date,updated_by,is_active,AUD_ACTION,AUD_TIMESTAMP,AUD_USER) 
VALUES (NEW.product_id,NEW.company_id,NEW.status,NEW.product_type,NEW.product_name,NEW.submitted_date,NEW.submitted_by,NEW.model_number,NEW.description,NEW.product_category,NEW.part_number,NEW.sample_tracking,NEW.availability_date,NEW.vzw_exclusive,NEW.target_segment,NEW.device_need,NEW.positioning_statement,NEW.unique_functionality,NEW.main_competition,NEW.paltform_supported,NEW.connectivity_type,NEW.cloud_supported,NEW.form_requirements,NEW.product_dimensions,NEW.item_included,NEW.product_contact_id,NEW.process_id,NEW.created_date,NEW.created_by,NEW.updated_date,NEW.updated_by,NEW.is_active,'UPD',NOW(),CURRENT_USER());
END */$$


DELIMITER ;

/* Trigger structure for table `vap_products` */

DELIMITER $$

/*!50003 DROP TRIGGER*//*!50032 IF EXISTS */ /*!50003 `vap_productstrgdel` */$$

/*!50003 CREATE */ /*!50017 DEFINER = 'root'@'localhost' */ /*!50003 TRIGGER `vap_productstrgdel` AFTER DELETE ON `vap_products` FOR EACH ROW BEGIN 
INSERT INTO vsap_audit.vap_products$aud (product_id,company_id,status,product_type,product_name,submitted_date,submitted_by,model_number,description,product_category,part_number,sample_tracking,availability_date,vzw_exclusive,target_segment,device_need,positioning_statement,unique_functionality,main_competition,paltform_supported,connectivity_type,cloud_supported,form_requirements,product_dimensions,item_included,product_contact_id,process_id,created_date,created_by,updated_date,updated_by,is_active,AUD_ACTION,AUD_TIMESTAMP,AUD_USER) 
VALUES (OLD.product_id,OLD.company_id,OLD.status,OLD.product_type,OLD.product_name,OLD.submitted_date,OLD.submitted_by,OLD.model_number,OLD.description,OLD.product_category,OLD.part_number,OLD.sample_tracking,OLD.availability_date,OLD.vzw_exclusive,OLD.target_segment,OLD.device_need,OLD.positioning_statement,OLD.unique_functionality,OLD.main_competition,OLD.paltform_supported,OLD.connectivity_type,OLD.cloud_supported,OLD.form_requirements,OLD.product_dimensions,OLD.item_included,OLD.product_contact_id,OLD.process_id,OLD.created_date,OLD.created_by,OLD.updated_date,OLD.updated_by,OLD.is_active,'DEL',NOW(),CURRENT_USER());
END */$$


DELIMITER ;

/* Trigger structure for table `vap_sub_menu` */

DELIMITER $$

/*!50003 DROP TRIGGER*//*!50032 IF EXISTS */ /*!50003 `vap_sub_menutrgins` */$$

/*!50003 CREATE */ /*!50017 DEFINER = 'root'@'localhost' */ /*!50003 TRIGGER `vap_sub_menutrgins` AFTER INSERT ON `vap_sub_menu` FOR EACH ROW BEGIN 
INSERT INTO vsap_audit.vap_sub_menu$aud (id,item_name,menu_id,system_role_id,url,sort_order,AUD_ACTION,AUD_TIMESTAMP,AUD_USER) 
VALUES (NEW.id,NEW.item_name,NEW.menu_id,NEW.system_role_id,NEW.url,NEW.sort_order,'INS',NOW(),CURRENT_USER());
END */$$


DELIMITER ;

/* Trigger structure for table `vap_sub_menu` */

DELIMITER $$

/*!50003 DROP TRIGGER*//*!50032 IF EXISTS */ /*!50003 `vap_sub_menutrgupd` */$$

/*!50003 CREATE */ /*!50017 DEFINER = 'root'@'localhost' */ /*!50003 TRIGGER `vap_sub_menutrgupd` AFTER UPDATE ON `vap_sub_menu` FOR EACH ROW BEGIN 
INSERT INTO vsap_audit.vap_sub_menu$aud (id,item_name,menu_id,system_role_id,url,sort_order,AUD_ACTION,AUD_TIMESTAMP,AUD_USER) 
VALUES (NEW.id,NEW.item_name,NEW.menu_id,NEW.system_role_id,NEW.url,NEW.sort_order,'UPD',NOW(),CURRENT_USER());
END */$$


DELIMITER ;

/* Trigger structure for table `vap_sub_menu` */

DELIMITER $$

/*!50003 DROP TRIGGER*//*!50032 IF EXISTS */ /*!50003 `vap_sub_menutrgdel` */$$

/*!50003 CREATE */ /*!50017 DEFINER = 'root'@'localhost' */ /*!50003 TRIGGER `vap_sub_menutrgdel` AFTER DELETE ON `vap_sub_menu` FOR EACH ROW BEGIN 
INSERT INTO vsap_audit.vap_sub_menu$aud (id,item_name,menu_id,system_role_id,url,sort_order,AUD_ACTION,AUD_TIMESTAMP,AUD_USER) 
VALUES (OLD.id,OLD.item_name,OLD.menu_id,OLD.system_role_id,OLD.url,OLD.sort_order,'DEL',NOW(),CURRENT_USER());
END */$$


DELIMITER ;

/* Trigger structure for table `vap_system_role` */

DELIMITER $$

/*!50003 DROP TRIGGER*//*!50032 IF EXISTS */ /*!50003 `vap_system_roletrgins` */$$

/*!50003 CREATE */ /*!50017 DEFINER = 'root'@'localhost' */ /*!50003 TRIGGER `vap_system_roletrgins` AFTER INSERT ON `vap_system_role` FOR EACH ROW BEGIN 
INSERT INTO vsap_audit.vap_system_role$aud (role_id,title,description,created_date,created_by,updated_date,updated_by,is_active,display_title,is_hidden,AUD_ACTION,AUD_TIMESTAMP,AUD_USER) 
VALUES (NEW.role_id,NEW.title,NEW.description,NEW.created_date,NEW.created_by,NEW.updated_date,NEW.updated_by,NEW.is_active,NEW.display_title,NEW.is_hidden,'INS',NOW(),CURRENT_USER());
END */$$


DELIMITER ;

/* Trigger structure for table `vap_system_role` */

DELIMITER $$

/*!50003 DROP TRIGGER*//*!50032 IF EXISTS */ /*!50003 `vap_system_roletrgupd` */$$

/*!50003 CREATE */ /*!50017 DEFINER = 'root'@'localhost' */ /*!50003 TRIGGER `vap_system_roletrgupd` AFTER UPDATE ON `vap_system_role` FOR EACH ROW BEGIN 
INSERT INTO vsap_audit.vap_system_role$aud (role_id,title,description,created_date,created_by,updated_date,updated_by,is_active,display_title,is_hidden,AUD_ACTION,AUD_TIMESTAMP,AUD_USER) 
VALUES (NEW.role_id,NEW.title,NEW.description,NEW.created_date,NEW.created_by,NEW.updated_date,NEW.updated_by,NEW.is_active,NEW.display_title,NEW.is_hidden,'UPD',NOW(),CURRENT_USER());
END */$$


DELIMITER ;

/* Trigger structure for table `vap_system_role` */

DELIMITER $$

/*!50003 DROP TRIGGER*//*!50032 IF EXISTS */ /*!50003 `vap_system_roletrgdel` */$$

/*!50003 CREATE */ /*!50017 DEFINER = 'root'@'localhost' */ /*!50003 TRIGGER `vap_system_roletrgdel` AFTER DELETE ON `vap_system_role` FOR EACH ROW BEGIN 
INSERT INTO vsap_audit.vap_system_role$aud (role_id,title,description,created_date,created_by,updated_date,updated_by,is_active,display_title,is_hidden,AUD_ACTION,AUD_TIMESTAMP,AUD_USER) 
VALUES (OLD.role_id,OLD.title,OLD.description,OLD.created_date,OLD.created_by,OLD.updated_date,OLD.updated_by,OLD.is_active,OLD.display_title,OLD.is_hidden,'DEL',NOW(),CURRENT_USER());
END */$$


DELIMITER ;

/* Trigger structure for table `vap_temp_user` */

DELIMITER $$

/*!50003 DROP TRIGGER*//*!50032 IF EXISTS */ /*!50003 `vap_temp_usertrgins` */$$

/*!50003 CREATE */ /*!50017 DEFINER = 'root'@'localhost' */ /*!50003 TRIGGER `vap_temp_usertrgins` AFTER INSERT ON `vap_temp_user` FOR EACH ROW BEGIN 
INSERT INTO vsap_audit.vap_temp_user$aud (user_name,password,email_address,full_name,phone,mobile,company_domain,activation_code,temp_user_id,activation_type,created_date,created_by,updated_date,updated_by,is_active,address,city,state,country,postal_code,user_roles,AUD_ACTION,AUD_TIMESTAMP,AUD_USER) 
VALUES (NEW.user_name,NEW.password,NEW.email_address,NEW.full_name,NEW.phone,NEW.mobile,NEW.company_domain,NEW.activation_code,NEW.temp_user_id,NEW.activation_type,NEW.created_date,NEW.created_by,NEW.updated_date,NEW.updated_by,NEW.is_active,NEW.address,NEW.city,NEW.state,NEW.country,NEW.postal_code,NEW.user_roles,'INS',NOW(),CURRENT_USER());
END */$$


DELIMITER ;

/* Trigger structure for table `vap_temp_user` */

DELIMITER $$

/*!50003 DROP TRIGGER*//*!50032 IF EXISTS */ /*!50003 `vap_temp_usertrgupd` */$$

/*!50003 CREATE */ /*!50017 DEFINER = 'root'@'localhost' */ /*!50003 TRIGGER `vap_temp_usertrgupd` AFTER UPDATE ON `vap_temp_user` FOR EACH ROW BEGIN 
INSERT INTO vsap_audit.vap_temp_user$aud (user_name,password,email_address,full_name,phone,mobile,company_domain,activation_code,temp_user_id,activation_type,created_date,created_by,updated_date,updated_by,is_active,address,city,state,country,postal_code,user_roles,AUD_ACTION,AUD_TIMESTAMP,AUD_USER) 
VALUES (NEW.user_name,NEW.password,NEW.email_address,NEW.full_name,NEW.phone,NEW.mobile,NEW.company_domain,NEW.activation_code,NEW.temp_user_id,NEW.activation_type,NEW.created_date,NEW.created_by,NEW.updated_date,NEW.updated_by,NEW.is_active,NEW.address,NEW.city,NEW.state,NEW.country,NEW.postal_code,NEW.user_roles,'UPD',NOW(),CURRENT_USER());
END */$$


DELIMITER ;

/* Trigger structure for table `vap_temp_user` */

DELIMITER $$

/*!50003 DROP TRIGGER*//*!50032 IF EXISTS */ /*!50003 `vap_temp_usertrgdel` */$$

/*!50003 CREATE */ /*!50017 DEFINER = 'root'@'localhost' */ /*!50003 TRIGGER `vap_temp_usertrgdel` AFTER DELETE ON `vap_temp_user` FOR EACH ROW BEGIN 
INSERT INTO vsap_audit.vap_temp_user$aud (user_name,password,email_address,full_name,phone,mobile,company_domain,activation_code,temp_user_id,activation_type,created_date,created_by,updated_date,updated_by,is_active,address,city,state,country,postal_code,user_roles,AUD_ACTION,AUD_TIMESTAMP,AUD_USER) 
VALUES (OLD.user_name,OLD.password,OLD.email_address,OLD.full_name,OLD.phone,OLD.mobile,OLD.company_domain,OLD.activation_code,OLD.temp_user_id,OLD.activation_type,OLD.created_date,OLD.created_by,OLD.updated_date,OLD.updated_by,OLD.is_active,OLD.address,OLD.city,OLD.state,OLD.country,OLD.postal_code,OLD.user_roles,'DEL',NOW(),CURRENT_USER());
END */$$


DELIMITER ;

/* Trigger structure for table `vap_user` */

DELIMITER $$

/*!50003 DROP TRIGGER*//*!50032 IF EXISTS */ /*!50003 `vap_usertrgins` */$$

/*!50003 CREATE */ /*!50017 DEFINER = 'deviceportaluser'@'%' */ /*!50003 TRIGGER `vap_usertrgins` AFTER INSERT ON `vap_user` FOR EACH ROW BEGIN 
INSERT INTO vsap_audit.vap_user$aud (user_id,company_id,user_name,PASSWORD,email_address,full_name,phone,mobile,company_domain,last_login_date,created_date,created_by,updated_date,updated_by,is_active,token,reset_password_token,address,city,state,country,postal_code,is_enable,AUD_ACTION,AUD_TIMESTAMP,AUD_USER) 
VALUES (NEW.user_id,NEW.company_id,NEW.user_name,NEW.password,NEW.email_address,NEW.full_name,NEW.phone,NEW.mobile,NEW.company_domain,NEW.last_login_date,NEW.created_date,NEW.created_by,NEW.updated_date,NEW.updated_by,NEW.is_active,NEW.token,NEW.reset_password_token,NEW.address,NEW.city,NEW.state,NEW.country,NEW.postal_code,NEW.is_enable,'INS',NOW(),CURRENT_USER());
END */$$


DELIMITER ;

/* Trigger structure for table `vap_user` */

DELIMITER $$

/*!50003 DROP TRIGGER*//*!50032 IF EXISTS */ /*!50003 `vap_usertrgupd` */$$

/*!50003 CREATE */ /*!50017 DEFINER = 'deviceportaluser'@'%' */ /*!50003 TRIGGER `vap_usertrgupd` AFTER UPDATE ON `vap_user` FOR EACH ROW BEGIN 
INSERT INTO vsap_audit.vap_user$aud (user_id,company_id,user_name,PASSWORD,email_address,full_name,phone,mobile,company_domain,last_login_date,created_date,created_by,updated_date,updated_by,is_active,token,reset_password_token,address,city,state,country,postal_code,is_enable,AUD_ACTION,AUD_TIMESTAMP,AUD_USER) 
VALUES (NEW.user_id,NEW.company_id,NEW.user_name,NEW.password,NEW.email_address,NEW.full_name,NEW.phone,NEW.mobile,NEW.company_domain,NEW.last_login_date,NEW.created_date,NEW.created_by,NEW.updated_date,NEW.updated_by,NEW.is_active,NEW.token,NEW.reset_password_token,NEW.address,NEW.city,NEW.state,NEW.country,NEW.postal_code,NEW.is_enable,'UPD',NOW(),CURRENT_USER());
END */$$


DELIMITER ;

/* Trigger structure for table `vap_user` */

DELIMITER $$

/*!50003 DROP TRIGGER*//*!50032 IF EXISTS */ /*!50003 `vap_usertrgdel` */$$

/*!50003 CREATE */ /*!50017 DEFINER = 'deviceportaluser'@'%' */ /*!50003 TRIGGER `vap_usertrgdel` AFTER DELETE ON `vap_user` FOR EACH ROW BEGIN 
INSERT INTO vsap_audit.vap_user$aud (user_id,company_id,user_name,PASSWORD,email_address,full_name,phone,mobile,company_domain,last_login_date,created_date,created_by,updated_date,updated_by,is_active,token,reset_password_token,address,city,state,country,postal_code,is_enable,AUD_ACTION,AUD_TIMESTAMP,AUD_USER) 
VALUES (OLD.user_id,OLD.company_id,OLD.user_name,OLD.password,OLD.email_address,OLD.full_name,OLD.phone,OLD.mobile,OLD.company_domain,OLD.last_login_date,OLD.created_date,OLD.created_by,OLD.updated_date,OLD.updated_by,OLD.is_active,OLD.token,OLD.reset_password_token,OLD.address,OLD.city,OLD.state,OLD.country,OLD.postal_code,OLD.is_enable,'DEL',NOW(),CURRENT_USER());
END */$$


DELIMITER ;

/* Trigger structure for table `vap_user_role` */

DELIMITER $$

/*!50003 DROP TRIGGER*//*!50032 IF EXISTS */ /*!50003 `vap_user_roletrgins` */$$

/*!50003 CREATE */ /*!50017 DEFINER = 'root'@'localhost' */ /*!50003 TRIGGER `vap_user_roletrgins` AFTER INSERT ON `vap_user_role` FOR EACH ROW BEGIN 
INSERT INTO vsap_audit.vap_user_role$aud (user_role_id,role_id,user_id,created_date,created_by,updated_date,updated_by,is_active,AUD_ACTION,AUD_TIMESTAMP,AUD_USER) 
VALUES (NEW.user_role_id,NEW.role_id,NEW.user_id,NEW.created_date,NEW.created_by,NEW.updated_date,NEW.updated_by,NEW.is_active,'INS',NOW(),CURRENT_USER());
END */$$


DELIMITER ;

/* Trigger structure for table `vap_user_role` */

DELIMITER $$

/*!50003 DROP TRIGGER*//*!50032 IF EXISTS */ /*!50003 `vap_user_roletrgupd` */$$

/*!50003 CREATE */ /*!50017 DEFINER = 'root'@'localhost' */ /*!50003 TRIGGER `vap_user_roletrgupd` AFTER UPDATE ON `vap_user_role` FOR EACH ROW BEGIN 
INSERT INTO vsap_audit.vap_user_role$aud (user_role_id,role_id,user_id,created_date,created_by,updated_date,updated_by,is_active,AUD_ACTION,AUD_TIMESTAMP,AUD_USER) 
VALUES (NEW.user_role_id,NEW.role_id,NEW.user_id,NEW.created_date,NEW.created_by,NEW.updated_date,NEW.updated_by,NEW.is_active,'UPD',NOW(),CURRENT_USER());
END */$$


DELIMITER ;

/* Trigger structure for table `vap_user_role` */

DELIMITER $$

/*!50003 DROP TRIGGER*//*!50032 IF EXISTS */ /*!50003 `vap_user_roletrgdel` */$$

/*!50003 CREATE */ /*!50017 DEFINER = 'root'@'localhost' */ /*!50003 TRIGGER `vap_user_roletrgdel` AFTER DELETE ON `vap_user_role` FOR EACH ROW BEGIN 
INSERT INTO vsap_audit.vap_user_role$aud (user_role_id,role_id,user_id,created_date,created_by,updated_date,updated_by,is_active,AUD_ACTION,AUD_TIMESTAMP,AUD_USER) 
VALUES (OLD.user_role_id,OLD.role_id,OLD.user_id,OLD.created_date,OLD.created_by,OLD.updated_date,OLD.updated_by,OLD.is_active,'DEL',NOW(),CURRENT_USER());
END */$$


DELIMITER ;

/* Trigger structure for table `vap_workflow` */

DELIMITER $$

/*!50003 DROP TRIGGER*//*!50032 IF EXISTS */ /*!50003 `vap_workflowtrgins` */$$

/*!50003 CREATE */ /*!50017 DEFINER = 'root'@'localhost' */ /*!50003 TRIGGER `vap_workflowtrgins` AFTER INSERT ON `vap_workflow` FOR EACH ROW BEGIN 
INSERT INTO vsap_audit.vap_workflow$aud (workflow_id,company_id,product_id,workflow_type,start_date,is_active,created_date,created_by,updated_date,updated_by,AUD_ACTION,AUD_TIMESTAMP,AUD_USER) 
VALUES (NEW.workflow_id,NEW.company_id,NEW.product_id,NEW.workflow_type,NEW.start_date,NEW.is_active,NEW.created_date,NEW.created_by,NEW.updated_date,NEW.updated_by,'INS',NOW(),CURRENT_USER());
END */$$


DELIMITER ;

/* Trigger structure for table `vap_workflow` */

DELIMITER $$

/*!50003 DROP TRIGGER*//*!50032 IF EXISTS */ /*!50003 `vap_workflowtrgupd` */$$

/*!50003 CREATE */ /*!50017 DEFINER = 'root'@'localhost' */ /*!50003 TRIGGER `vap_workflowtrgupd` AFTER UPDATE ON `vap_workflow` FOR EACH ROW BEGIN 
INSERT INTO vsap_audit.vap_workflow$aud (workflow_id,company_id,product_id,workflow_type,start_date,is_active,created_date,created_by,updated_date,updated_by,AUD_ACTION,AUD_TIMESTAMP,AUD_USER) 
VALUES (NEW.workflow_id,NEW.company_id,NEW.product_id,NEW.workflow_type,NEW.start_date,NEW.is_active,NEW.created_date,NEW.created_by,NEW.updated_date,NEW.updated_by,'UPD',NOW(),CURRENT_USER());
END */$$


DELIMITER ;

/* Trigger structure for table `vap_workflow` */

DELIMITER $$

/*!50003 DROP TRIGGER*//*!50032 IF EXISTS */ /*!50003 `vap_workflowtrgdel` */$$

/*!50003 CREATE */ /*!50017 DEFINER = 'root'@'localhost' */ /*!50003 TRIGGER `vap_workflowtrgdel` AFTER DELETE ON `vap_workflow` FOR EACH ROW BEGIN 
INSERT INTO vsap_audit.vap_workflow$aud (workflow_id,company_id,product_id,workflow_type,start_date,is_active,created_date,created_by,updated_date,updated_by,AUD_ACTION,AUD_TIMESTAMP,AUD_USER) 
VALUES (OLD.workflow_id,OLD.company_id,OLD.product_id,OLD.workflow_type,OLD.start_date,OLD.is_active,OLD.created_date,OLD.created_by,OLD.updated_date,OLD.updated_by,'DEL',NOW(),CURRENT_USER());
END */$$


DELIMITER ;

/* Trigger structure for table `vap_workitem` */

DELIMITER $$

/*!50003 DROP TRIGGER*//*!50032 IF EXISTS */ /*!50003 `vap_workitem_insert_trg` */$$

/*!50003 CREATE */ /*!50017 DEFINER = 'deviceportaluser'@'%' */ /*!50003 TRIGGER `vap_workitem_insert_trg` AFTER INSERT ON `vap_workitem` FOR EACH ROW BEGIN
	DECLARE var_process_id INTEGER;
	DECLARE var_product_id INTEGER;
	DECLARE var_workflow_type VARCHAR(50);
	
        INSERT INTO vsap_audit.vap_workitem$aud (workitem_id,title,display_title,STATUS,allowed_roles,require_input,next_actions,workflow_id,start_date,end_date,is_active,created_date,created_by,updated_date,updated_by,VERSION,action_taken,is_locked,AUD_ACTION,AUD_TIMESTAMP,AUD_USER) 
VALUES (NEW.workitem_id,NEW.title,NEW.display_title,NEW.status,NEW.allowed_roles,NEW.require_input,NEW.next_actions,NEW.workflow_id,NEW.start_date,NEW.end_date,NEW.is_active,NEW.created_date,NEW.created_by,NEW.updated_date,NEW.updated_by,NEW.version,NEW.action_taken,NEW.is_locked,'INS',NOW(),CURRENT_USER());        
        	
	SELECT workflow.workflow_type FROM vap_workflow workflow WHERE workflow.workflow_id=NEW.workflow_id INTO var_workflow_type;
   
	IF var_workflow_type = 'Product Workflow'  THEN
      
		SELECT workflow.product_id FROM vap_workflow workflow WHERE workflow.workflow_id=NEW.workflow_id INTO var_product_id;
		SELECT product.process_id FROM vap_workflow workflow INNER JOIN vap_products product ON workflow.product_id = product.product_id WHERE workflow.workflow_id=NEW.workflow_id INTO var_process_id;
         
		IF NEW.title = 'DeviceMarketingReview'  THEN
		UPDATE vap_product_process_info SET device_marketing_input_status = 'NOT_PROCESSED' WHERE process_id = var_process_id;
           
		ELSEIF NEW.title = 'ProductInfoUpload'  THEN
		UPDATE vap_product_process_info SET product_info_input_status = 'NOT_PROCESSED' WHERE process_id = var_process_id;
        
		ELSEIF NEW.title = 'ExportCompliance'  THEN
		UPDATE vap_product_process_info SET export_compliance_input_status  = 'NOT_PROCESSED' WHERE process_id = var_process_id;
         
		ELSEIF NEW.title = 'UploadPDFofSampleProduct'  THEN
		UPDATE vap_product_process_info SET upload_pdf_input_status = 'NOT_PROCESSED' WHERE process_id = var_process_id;
		END IF; 
		
		IF NEW.title = 'Approved'  THEN
		UPDATE vap_products SET `status` = 'Approved' WHERE product_id = var_product_id;
		END IF; 
		
	END IF;
END */$$


DELIMITER ;

/* Trigger structure for table `vap_workitem` */

DELIMITER $$

/*!50003 DROP TRIGGER*//*!50032 IF EXISTS */ /*!50003 `vap_workitem_update_trg` */$$

/*!50003 CREATE */ /*!50017 DEFINER = 'deviceportaluser'@'%' */ /*!50003 TRIGGER `vap_workitem_update_trg` AFTER UPDATE ON `vap_workitem` FOR EACH ROW BEGIN
	DECLARE var_workflow_type VARCHAR(50);
	DECLARE var_process_id INTEGER;
	DECLARE var_product_id INTEGER;
	DECLARE var_company_id INTEGER;
	DECLARE var_workitemcount INTEGER;
	DECLARE var_workflow_inprogress_count INTEGER;
	
        INSERT INTO vsap_audit.vap_workitem$aud (workitem_id,title,display_title,STATUS,allowed_roles,require_input,next_actions,workflow_id,start_date,end_date,is_active,created_date,created_by,updated_date,updated_by,VERSION,action_taken,is_locked,AUD_ACTION,AUD_TIMESTAMP,AUD_USER) 
VALUES (NEW.workitem_id,NEW.title,NEW.display_title,NEW.status,NEW.allowed_roles,NEW.require_input,NEW.next_actions,NEW.workflow_id,NEW.start_date,NEW.end_date,NEW.is_active,NEW.created_date,NEW.created_by,NEW.updated_date,NEW.updated_by,NEW.version,NEW.action_taken,NEW.is_locked,'UPD',NOW(),CURRENT_USER());	
	SELECT workflow.workflow_type FROM vap_workflow workflow WHERE workflow.workflow_id=NEW.workflow_id INTO var_workflow_type;
   
	IF var_workflow_type = 'Product Workflow' AND OLD.status = 'InProgress' AND NEW.status = 'Processed' THEN
      
		SELECT workflow.product_id FROM vap_workflow workflow WHERE workflow.workflow_id=NEW.workflow_id INTO var_product_id;
		SELECT product.process_id FROM vap_workflow workflow INNER JOIN vap_products product ON workflow.product_id = product.product_id WHERE workflow.workflow_id=NEW.workflow_id INTO var_process_id;
         
		IF NEW.title = 'DeviceMarketingReview'  THEN
		UPDATE vap_product_process_info SET device_marketing_input_status = 'PROCESSED' WHERE process_id = var_process_id;
           
		ELSEIF NEW.title = 'ProductInfoUpload'  THEN
		UPDATE vap_product_process_info SET product_info_input_status = 'PROCESSED' WHERE process_id = var_process_id;
        
		ELSEIF NEW.title = 'ExportCompliance'  THEN
		UPDATE vap_product_process_info SET export_compliance_input_status  = 'PROCESSED' WHERE process_id = var_process_id;
         
		ELSEIF NEW.title = 'UploadPDFofSampleProduct'  THEN
		UPDATE vap_product_process_info SET upload_pdf_input_status = 'PROCESSED' WHERE process_id = var_process_id;
		END IF; 
		
		
		IF NEW.action_taken IS NOT NULL AND NEW.action_taken = 'Deny'  THEN
		UPDATE vap_products SET `status` = 'Denied' WHERE product_id = var_product_id;
		ELSEIF NEW.action_taken IS NOT NULL AND NEW.action_taken = 'RFI'  THEN
		UPDATE vap_products SET `status` = 'RFI' WHERE product_id = var_product_id;
		ELSE
			SELECT COUNT(*) FROM vap_workitem WHERE workflow_id = NEW.workflow_id AND STATUS = 'InProgress' AND title IN ('DeviceMarketingReviewDenied', 'ExportComplianceReviewDenied', 'RequirementsGroupReviewDenied', 'DeviceComplianceReviewDenied', 'DeviceComplianceReviewEOTDenied', 'DeviceMarketingFinalReviewDenied', 'DeviceMarketingReviewRFI', 'ExportComplianceReviewRFI', 'RequirementsGroupReviewRFI', 'DeviceComplianceReviewRFI', 'DeviceComplianceReviewEOTRFI', 'DeviceMarketingFinalReviewRFI') INTO var_workitemcount;
			SELECT COUNT(*) FROM vap_workitem WHERE workflow_id = NEW.workflow_id AND STATUS = 'InProgress' INTO var_workflow_inprogress_count;
			IF var_workitemcount = 0  THEN
			UPDATE vap_products SET `status` = 'Submitted' WHERE product_id = var_product_id;
			END IF; 
			IF var_workflow_inprogress_count = 0  THEN
			UPDATE vap_products SET `status` = 'Approved' WHERE product_id = var_product_id;
			END IF; 
		END IF; 
	ELSEIF var_workflow_type = 'Partner Workflow'  THEN
		SELECT workflow.company_id FROM vap_workflow workflow WHERE workflow.workflow_id=NEW.workflow_id INTO var_company_id;
		IF NEW.action_taken IS NOT NULL AND NEW.action_taken = 'Suspend'  THEN
		UPDATE vap_company SET is_suspended = TRUE WHERE company_id = var_company_id;
		ELSEIF NEW.action_taken IS NOT NULL AND NEW.action_taken = 'UnSuspend'  THEN
		UPDATE vap_company SET is_suspended = FALSE WHERE company_id = var_company_id;
		END IF; 
	END IF;
END */$$


DELIMITER ;

/* Trigger structure for table `vap_workitem` */

DELIMITER $$

/*!50003 DROP TRIGGER*//*!50032 IF EXISTS */ /*!50003 `vap_workitemtrgdel` */$$

/*!50003 CREATE */ /*!50017 DEFINER = 'deviceportaluser'@'%' */ /*!50003 TRIGGER `vap_workitemtrgdel` AFTER DELETE ON `vap_workitem` FOR EACH ROW BEGIN 
INSERT INTO vsap_audit.vap_workitem$aud (workitem_id,title,display_title,STATUS,allowed_roles,require_input,next_actions,workflow_id,start_date,end_date,is_active,created_date,created_by,updated_date,updated_by,VERSION,action_taken,is_locked,AUD_ACTION,AUD_TIMESTAMP,AUD_USER) 
VALUES (OLD.workitem_id,OLD.title,OLD.display_title,OLD.status,OLD.allowed_roles,OLD.require_input,OLD.next_actions,OLD.workflow_id,OLD.start_date,OLD.end_date,OLD.is_active,OLD.created_date,OLD.created_by,OLD.updated_date,OLD.updated_by,OLD.version,OLD.action_taken,OLD.is_locked,'DEL',NOW(),CURRENT_USER());
END */$$


DELIMITER ;

/* Function  structure for function  `get_work_item_end_date` */

/*!50003 DROP FUNCTION IF EXISTS `get_work_item_end_date` */;
DELIMITER $$

/*!50003 CREATE DEFINER=`root`@`localhost` FUNCTION `get_work_item_end_date`(p_product_id INT, p_work_item_name TEXT) RETURNS text CHARSET utf8
    DETERMINISTIC
BEGIN
  DECLARE v_end_date TEXT;
  
  DECLARE done INT DEFAULT FALSE;
  DECLARE csr CURSOR FOR 
  SELECT wi.end_date
	FROM vap_products prod, vap_workflow wf, vap_workitem wi 
	WHERE prod.product_id=wf.product_id 
	AND wf.workflow_id = wi.workflow_id 
	AND (wi.action_taken IN ('Approve', 'Submit to Verizon', 'Accept Agreement and Submit to Verizon', 'Start Testing', 'End Testing') AND wi.title=p_work_item_name)
	AND prod.product_id=p_product_id ORDER BY workitem_id;
  DECLARE CONTINUE HANDLER FOR NOT FOUND SET done = TRUE;
  
  SET v_end_date = '';
  
  OPEN csr;
  read_loop: LOOP
    FETCH csr INTO v_end_date;
    IF done THEN
      LEAVE read_loop;
    END IF;
  END LOOP;
  CLOSE csr;
  RETURN v_end_date;
END */$$
DELIMITER ;

/* Function  structure for function  `product_work_flow_steps` */

/*!50003 DROP FUNCTION IF EXISTS `product_work_flow_steps` */;
DELIMITER $$

/*!50003 CREATE DEFINER=`root`@`localhost` FUNCTION `product_work_flow_steps`(p_product_id INT, p_sep TEXT) RETURNS text CHARSET utf8
    DETERMINISTIC
BEGIN
  DECLARE v_str TEXT;
  DECLARE v_sep TEXT;
  DECLARE v_title TEXT;
  
  DECLARE done INT DEFAULT FALSE;
  DECLARE csr CURSOR FOR SELECT workitem.display_title FROM vap_workflow workflow, vap_workitem workitem WHERE workflow.workflow_id=workitem.workflow_id AND workitem.status='InProgress' AND product_id=p_product_id ORDER BY workitem_id;
  DECLARE CONTINUE HANDLER FOR NOT FOUND SET done = TRUE;
    
  
  SET v_str = '';
  SET v_sep = '';
  SET v_title='';
  
  OPEN csr;
  read_loop: LOOP
    FETCH csr INTO v_title;
    IF done THEN
      LEAVE read_loop;
    END IF;
    SET v_str = CONCAT(v_str, v_sep,v_title);
    SET v_sep = CONCAT(',',p_sep);
  END LOOP;
  CLOSE csr;
  
  RETURN v_str;
END */$$
DELIMITER ;

/* Function  structure for function  `work_flow_steps` */

/*!50003 DROP FUNCTION IF EXISTS `work_flow_steps` */;
DELIMITER $$

/*!50003 CREATE DEFINER=`root`@`localhost` FUNCTION `work_flow_steps`(p_company_id INT, p_sep TEXT) RETURNS text CHARSET utf8
    DETERMINISTIC
BEGIN
  DECLARE v_str TEXT;
  DECLARE v_sep TEXT;
  DECLARE v_title TEXT;
  
  DECLARE done INT DEFAULT FALSE;
  DECLARE csr CURSOR FOR SELECT workitem.display_title FROM vap_workflow workflow, vap_workitem workitem WHERE workflow.workflow_id=workitem.workflow_id AND workitem.status='InProgress' AND workflow.workflow_type = 'Partner Workflow' AND company_id=p_company_id ORDER BY workitem_id;
  DECLARE CONTINUE HANDLER FOR NOT FOUND SET done = TRUE;
  
  SET v_str = '';
  SET v_sep = '';
  SET v_title='';
  
  OPEN csr;
  read_loop: LOOP
    FETCH csr INTO v_title;
    IF done THEN
      LEAVE read_loop;
    END IF;
    SET v_str = CONCAT(v_str, v_sep,v_title);
    SET v_sep = CONCAT(',',p_sep);
  END LOOP;
  CLOSE csr;
  RETURN v_str;
END */$$
DELIMITER ;

/* Procedure structure for procedure `delete_company` */

/*!50003 DROP PROCEDURE IF EXISTS  `delete_company` */;

DELIMITER $$

/*!50003 CREATE DEFINER=`root`@`localhost` PROCEDURE `delete_company`(IN company_id_param INT(10),IN username VARCHAR(50))
BEGIN
	DECLARE blocked_domain_name_variable VARCHAR(250);
	DECLARE domain_name_variable VARCHAR(250);
		
	SELECT company_domain INTO domain_name_variable 
	FROM vap_company 
	WHERE company_id = company_id_param AND is_active = '1';
	
	IF NOT (domain_name_variable IS NULL OR TRIM(domain_name_variable) = '') THEN
	
		SELECT DISTINCT vbd.domain_name INTO blocked_domain_name_variable 
		FROM vap_company AS c 
		INNER JOIN vap_blocked_domain AS vbd ON c.company_domain = vbd.domain_name 
		WHERE c.company_id = company_id_param;
		
		IF blocked_domain_name_variable IS NULL THEN
				
			IF  username IS NULL OR TRIM(username) = '' THEN
				SET username = CURRENT_USER;
			END IF;
			
			UPDATE vap_company SET is_active = '0', updated_by = username,updated_date = sysdate() WHERE company_id = company_id_param AND is_active = '1';
			UPDATE vap_comments SET is_active = '0', updated_by = username,updated_date = SYSDATE() WHERE company_id = company_id_param AND is_active = '1';
			UPDATE vap_products SET is_active = '0', updated_by = username,updated_date = SYSDATE() WHERE company_id = company_id_param AND is_active = '1';
			UPDATE vap_workflow SET is_active = '0', updated_by = username,updated_date = SYSDATE() WHERE company_id = company_id_param AND is_active = '1';
			UPDATE vap_user SET is_active = '0', updated_by = username,updated_date = SYSDATE() WHERE company_id = company_id_param AND is_active = '1';
			
			INSERT INTO vap_blocked_domain (domain_name, created_date, created_by, updated_date, updated_by) 
			VALUES (domain_name_variable, SYSDATE(), username, SYSDATE(), username);
		END IF;
	
	END IF;
 
END */$$
DELIMITER ;

/* Procedure structure for procedure `delete_product` */

/*!50003 DROP PROCEDURE IF EXISTS  `delete_product` */;

DELIMITER $$

/*!50003 CREATE DEFINER=`root`@`localhost` PROCEDURE `delete_product`(IN p_produtct_id INT(11), IN p_company_id INT(11), p_username VARCHAR(50) )
BEGIN
IF p_username IS NULL OR TRIM( p_username) = '' THEN
SET p_username = CURRENT_USER;
END IF;
IF  p_company_id = 0 THEN
                UPDATE vap_products SET is_active = '0', product_name = CONCAT(product_name, ' DELETED ', now()), updated_by = p_username,updated_date = NOW() WHERE product_id = p_produtct_id AND is_active = '1';
ELSE
                UPDATE vap_products SET is_active = '0', product_name = CONCAT(product_name, ' DELETED ', now()), updated_by = p_username,updated_date = NOW() WHERE product_id = p_produtct_id AND company_id = p_company_id AND is_active = '1';
END IF;
UPDATE vap_workflow  SET is_active = '0', updated_by = p_username,updated_date = NOW() WHERE product_id = p_produtct_id AND is_active = '1';
END */$$
DELIMITER ;

/* Procedure structure for procedure `undelete_company` */

/*!50003 DROP PROCEDURE IF EXISTS  `undelete_company` */;

DELIMITER $$

/*!50003 CREATE DEFINER=`root`@`localhost` PROCEDURE `undelete_company`(IN company_id_param INT(10),username VARCHAR(50))
BEGIN
		DECLARE domain_name_variable VARCHAR(250);
		IF username IS NULL OR TRIM( username) = ''  THEN
			SET username = CURRENT_USER;
		END IF;
	
		UPDATE vap_comments SET is_active = '1', updated_by = username,updated_date = SYSDATE() WHERE company_id = company_id_param AND is_active = '0';
		UPDATE vap_products SET is_active = '1', updated_by = username,updated_date = SYSDATE() WHERE company_id = company_id_param AND is_active = '0';
		UPDATE vap_workflow SET is_active = '1', updated_by = username,updated_date = SYSDATE() WHERE company_id = company_id_param AND is_active = '0';
		UPDATE vap_user SET is_active = '1', updated_by = username,updated_date = SYSDATE() WHERE company_id = company_id_param AND is_active = '0';
	
		SELECT c.company_domain INTO domain_name_variable 
		FROM vap_company AS c 
		INNER JOIN vap_blocked_domain AS vbd ON c.company_domain = vbd.domain_name 
		WHERE c.company_id = company_id_param AND c.is_active = '0' AND vbd.is_active = '1';
	
		DELETE FROM vap_blocked_domain WHERE domain_name = domain_name_variable;
	
		UPDATE vap_company SET is_active = '1', updated_by = username,updated_date = SYSDATE() WHERE company_id = company_id_param AND is_active = '0';
	END */$$
DELIMITER ;

/*!40101 SET SQL_MODE=@OLD_SQL_MODE */;
/*!40014 SET FOREIGN_KEY_CHECKS=@OLD_FOREIGN_KEY_CHECKS */;
/*!40014 SET UNIQUE_CHECKS=@OLD_UNIQUE_CHECKS */;
/*!40111 SET SQL_NOTES=@OLD_SQL_NOTES */;
